source_id,ra,ra_error,dec,dec_error,parallax,parallax_error,parallax_over_error,pmra,pmra_error,pmdec,pmdec_error,phot_g_mean_mag,phot_bp_mean_mag,phot_rp_mean_mag,bp_rp,bp_g,g_rp,phot_g_mean_flux_over_error,radial_velocity,radial_velocity_error,ruwe,astrometric_excess_noise,astrometric_excess_noise_sig,l,b,cluster_label,membership_prob,is_member
610204734096195840,132.18597617611218,0.016670596,16.48891450698623,0.009422886,3.0950231375083628,0.018857284,164.1288,-23.83490134023242,0.020354638,-17.90743409018487,0.015001225,14.294193,14.931783,13.534561,1.3972216,0.63758945,0.7596321,6013.2603,12.951931,2.4259205,0.9506121,0.0,1.8560033e-15,210.29816466961103,33.188724895548326,2,1.0,False
610214904578794752,132.43092482845637,0.032159112,16.653943287628646,0.018153634,6.390468924659893,0.0369737,172.83823,-27.397618978411305,0.038970936,-25.353630055003528,0.03262692,15.448362,16.730026,14.328055,2.4019709,1.2816639,1.120307,1833.187,27.070795,3.5378923,1.0500822,0.0,0.0,210.2199695890731,33.46816181939841,-1,0.0,False
611392545955918464,133.67277154262075,0.31545034,16.141353483477726,0.16276722,5.0978447056619896,0.3686386,13.828841,-39.56361633744163,0.41258284,-8.629346579347985,0.3405993,19.497374,21.131533,18.14707,2.9844627,1.6341591,1.3503036,402.0038,,,1.0554727,0.810948,1.2823182,211.3309749296182,34.38040615605181,-1,0.0,False
611443230866052608,133.41550402122434,0.047087852,16.228642687646985,0.023567576,6.26461155276918,0.05632956,111.21357,-42.908475089633384,0.059789572,-11.959810558174972,0.042638138,16.269482,17.969584,15.010683,2.9589005,1.7001019,1.2587986,1272.6508,,,1.046524,0.09017899,0.72356606,211.12045516355545,34.18443098601879,-1,0.0,False
611705086431918208,133.1159178562955,0.016381862,17.017860083545166,0.009128647,3.610902882535269,0.018275956,197.57669,-27.59741588602635,0.02028943,0.464846125999498,0.015948962,11.898999,12.190338,11.442775,0.74756336,0.29133892,0.45622444,4674.652,4.1663184,0.529888,1.1630199,0.124018095,24.729074,210.10563686208448,34.2119829558482,-1,0.0,False
612455056441184256,135.06034333751506,0.16873465,18.907949580936656,0.14566076,5.547084109517398,0.19874595,27.910427,-42.001319456476594,0.2063887,-12.135453681764432,0.17403798,18.332537,20.178503,17.01135,3.1671524,1.8459663,1.3211861,522.264,,,0.98281395,0.30487892,0.63665795,208.7507581803372,36.614975379405266,-1,0.0,False
612462031468056960,135.0420141592093,0.029276831,19.107400110478835,0.02160874,3.248011153794028,0.03511947,92.484634,-23.29225723851435,0.03589557,-4.900089535031052,0.028689157,15.44821,16.318075,14.5306635,1.7874117,0.8698654,0.9175463,2690.2456,,,1.0492282,0.0,0.0,208.50998614372236,36.66748693398669,3,0.843596172469902,False
609667141629740416,130.75405152457347,0.014297606,15.45925821282902,0.006963595,3.431794849436321,0.016436242,208.79439,-34.54650322052535,0.01686137,-18.38104844165173,0.013086883,13.35049,13.816812,12.724435,1.0923767,0.46632195,0.62605476,9912.489,-4.8128505,2.1494293,0.97000754,0.0,0.0,210.80627714923773,31.524081623900557,-1,0.0,False
609790733608961664,132.30631137643718,0.07881571,15.349042441501862,0.043907013,4.898880260112867,0.09591052,51.07761,-23.30374229640834,0.09513955,-9.439878978526874,0.06813609,17.175133,18.931086,15.931556,2.9995298,1.7559528,1.243577,1127.3228,,,1.0847313,0.24412061,1.9507002,211.6081204155777,32.86245288932857,-1,0.0,False
609873471858965120,133.03571768580872,0.035646196,15.712263461175144,0.020309098,6.70190643543904,0.04228475,158.49464,-27.73073342472369,0.042727407,-3.836246628302042,0.034260485,15.850963,17.533354,14.604588,2.9287663,1.6823912,1.2463751,877.58636,,,1.0851226,0.10202165,1.3857688,211.52947358955336,33.6508010924011,-1,0.0,False
611482156153802240,133.8493835339694,0.18207248,16.683033056638067,0.088368826,3.8485083073196265,0.23979406,16.049223,-28.69227601412819,0.22010572,-8.865086914189423,0.14021587,18.686161,18.67557,18.767254,-0.09168434,-0.010591507,-0.081092834,612.9998,,,0.9824987,0.0,0.0,210.79803885605995,34.74026318126582,-1,0.0,False
611613723887533696,134.3344980699862,0.092094526,17.133742819106015,0.055951454,3.143365848080059,0.10538856,29.826443,-21.56427181625297,0.113070026,-16.33906855014071,0.079330094,17.543653,18.839548,16.413609,2.4259396,1.2958946,1.1300449,1066.237,,,1.0349115,0.0,0.0,210.49551635858447,35.3379389767331,-1,0.0,False
611669657245989376,132.6759976071581,0.17631616,16.685821105654757,0.09527762,3.0067461564921145,0.22420098,13.410941,-23.421137487685936,0.22280553,-5.086775405347197,0.15024489,18.589512,20.409075,17.302475,3.1065998,1.8195629,1.2870369,624.8068,,,1.001051,0.24565722,0.3817732,210.28944402605825,33.697911203656176,3,0.843596172469902,False
651613093617409920,128.74435279935742,0.16718848,15.013803840210132,0.1146126,3.469651355540742,0.1927109,18.004436,-23.999361740894933,0.20091999,-1.432697975215654,0.15130453,18.273327,19.808332,17.060047,2.7482853,1.5350056,1.2132797,585.24493,,,1.0428532,0.47347277,1.5001923,210.40937955258465,29.564107538123213,-1,0.0,False
656064779976574336,125.6243788921517,0.118553326,17.049714417990202,0.07570439,4.546343759963122,0.12586775,36.120003,-32.591674586254356,0.13973548,-7.045804244226075,0.09630183,18.106762,19.53386,16.950651,2.583208,1.4270973,1.1561108,770.7322,,,0.96438,0.0,0.0,206.95764883241063,27.57706765973319,-1,0.0,False
656301209336418176,125.50315125179728,0.06912009,17.49351585660358,0.04445061,6.759508174071852,0.07800913,86.65022,-42.35181768730084,0.08119592,-10.217578001754482,0.05621422,17.081444,18.615723,15.878786,2.7369366,1.5342789,1.2026577,1209.9779,,,1.0175897,0.0,0.0,206.44447916681037,27.636804688588875,-1,0.0,False
657571244048612480,129.89226497362537,0.13507521,15.03239199988308,0.10119903,5.721292035485059,0.15848078,36.100857,-29.47047055498893,0.16067724,-3.761021348394084,0.13251185,18.244528,20.181349,16.908762,3.2725868,1.936821,1.3357658,523.73724,,,0.98977053,0.25346148,0.4988533,210.88947802872977,30.592174207729556,-1,0.0,False
657579803919273728,129.48172263297414,0.015014208,15.030459556657274,0.011208849,5.688197626128565,0.01701107,334.3821,-21.377279819892948,0.018453833,-4.062948947646582,0.014033096,9.780266,10.002966,9.403426,0.59953976,0.22270012,0.37683964,4906.2305,26.356993,0.7112708,1.0364465,0.08669597,8.661958,210.71231428776983,30.226295914874928,-1,0.0,False
657916044023148416,128.74644838304715,0.15292591,15.87595717609532,0.11338284,3.0957188002421203,0.19193839,16.128712,-39.91471219479513,0.19092916,-13.866950457189564,0.13726014,18.27511,19.77407,17.07037,2.703701,1.4989605,1.2047405,600.45,,,1.0549508,0.56162345,2.5363364,209.49477400258385,29.89960823974181,-1,0.0,False
658177212394438912,130.3132664315471,0.22606584,16.252507485825966,0.13112435,4.037244362621596,0.26698533,15.121595,-26.260016959042485,0.27416974,-8.487499451427308,0.21889576,18.90116,20.71599,17.62553,3.0904598,1.8148308,1.275629,515.13336,,,1.0928781,0.95823646,3.8447058,209.75675669689673,31.43516648858037,-1,0.0,False
658310704273685504,131.39272391839768,0.13704574,16.910993836708894,0.079051174,5.062132320974857,0.17897898,28.283392,-33.389136323070986,0.19321086,-9.684823626005176,0.1521114,18.137386,19.987019,16.843708,3.1433105,1.8496323,1.2936783,655.94867,,,1.0009714,0.44834262,2.2677522,209.4941262911981,32.641132740123474,1,0.24498671606661937,True
658342620174499072,131.46462757402068,0.09200394,17.187831691964135,0.050659195,3.3363354557389635,0.1056039,31.592918,-26.4211709856626,0.11030682,2.0503918520309217,0.085492246,17.67631,19.250301,16.466827,2.783474,1.5739918,1.2094822,1007.2151,,,1.0108718,0.0,0.0,209.2186165213948,32.80739270808638,-1,0.0,False
658500095151662208,129.88054773273382,0.1327727,17.319926748017526,0.08720882,3.6704714425016096,0.15417923,23.806522,-43.19545847789557,0.16128361,-2.707164477789374,0.11854493,18.027678,19.795553,16.745863,3.0496902,1.7678757,1.2818146,620.8619,,,0.9816162,0.47165745,2.382517,208.4148062597692,31.449943572433416,-1,0.0,False
658587467670294784,130.31197803139997,0.112389214,17.46010804811318,0.06294681,5.713344929644436,0.13051073,43.77682,-35.48054379963078,0.13961378,-11.166676070943268,0.100702345,17.9729,19.82822,16.690496,3.137724,1.85532,1.282404,858.1905,,,0.92546934,0.0,0.0,208.43979910788056,31.88434408303078,1,0.24459098690363845,True
658809534659357696,128.8380994592041,0.16167752,16.76846746730446,0.10903945,3.070642767293199,0.18533304,16.568243,-32.77929437300371,0.20905504,-25.858555198573303,0.14856833,18.316671,19.770508,17.138605,2.6319027,1.4538364,1.1780663,538.0626,,,0.93885314,0.19131358,0.25548264,208.5787662556027,30.31961892375632,0,0.9252320350416554,False
658832250743369344,128.9263622281168,0.024306715,16.789253717988558,0.016579865,4.085072531187763,0.028023006,145.77568,-25.320938312527403,0.029756686,-8.127728324451741,0.02169195,14.770449,15.663258,13.839811,1.8234463,0.8928089,0.93063736,2859.3599,27.93723,4.9180374,1.0076394,0.0,0.0,208.5931963106226,30.405747616460825,-1,0.0,False
659299676327564160,129.10072394100848,0.48085526,17.600542288027157,0.31800857,6.392761267454096,0.59988517,10.656641,-40.88379394962935,0.58436275,-21.567032754496545,0.3484924,19.878078,21.799417,18.506096,3.2933216,1.921339,1.3719826,217.70892,,,1.0076487,0.6628747,0.586192,207.78969236286463,30.86176340944943,-1,0.0,False
659358813733503616,130.09951094080188,0.092641085,17.746466000239224,0.06794407,3.2200149577116597,0.10893784,29.558279,-32.80901046316987,0.11671246,-25.097340120790157,0.09924371,17.609245,18.893698,16.486076,2.4076214,1.2844524,1.123169,946.4563,,,0.98533756,0.0,0.0,208.03883608717717,31.80071737030455,0,1.0,False
659373141744409984,129.90414825337888,0.023478882,17.788814427935883,0.01510663,5.371860603771807,0.030681659,175.08379,-35.57638630522419,0.033469494,-10.43849521331822,0.022533119,14.734729,15.768661,13.725764,2.0428963,1.0339317,1.0089645,2421.7454,31.736969,4.3508844,1.0431297,0.0,0.0,207.91268481520697,31.64294738912624,1,0.3250353866240265,True
659440138937561344,129.73526108184353,0.16818884,18.216520795284247,0.11345209,5.2495830154532666,0.21677552,24.216679,-36.16400326606244,0.19138962,-11.9629350433763,0.12788448,18.370014,20.143501,17.062023,3.081478,1.7734871,1.307991,430.04285,,,0.9775568,0.0,0.0,207.37605497487985,31.648502735994644,1,0.5265934034091715,True
659522430511553792,128.7020003520506,0.12023376,17.932919152459295,0.086260006,5.755165298295575,0.16489208,34.90262,-34.53206713193869,0.16584544,-12.503465451756275,0.120571546,18.04562,20.020206,16.751945,3.268261,1.9745865,1.2936745,664.9186,,,0.9701743,0.0,0.0,207.26793470275675,30.630308327787308,1,0.22581558702315524,True
659596784985602816,128.39086703798057,0.15920296,18.408293584126714,0.09974097,4.963227618630726,0.1975502,25.123878,-35.163628403382845,0.19300687,-12.249697914416505,0.1188821,18.283102,19.95002,16.993692,2.9563274,1.6669178,1.2894096,583.6336,,,0.98160046,0.0,0.0,206.62872539417023,30.52771163733333,1,0.2860545994291824,True
659663923917332992,129.40320839503423,0.19167669,18.611240799508213,0.15702668,4.641483967948705,0.27171484,17.082188,-36.03864888070992,0.2541573,-11.567415942073431,0.19353561,18.572947,20.701155,17.214745,3.4864101,2.1282082,1.358202,501.05844,,,1.0836118,0.9706129,5.1394134,206.8107926253389,31.4964133679376,1,0.13459337264734408,True
659741233329151744,129.00987470866414,0.16773711,19.07396683175438,0.11281794,5.415559532543599,0.22094382,24.511024,-35.89414920208626,0.21659786,-13.23176221826412,0.14747061,18.304369,20.243866,17.00954,3.2343254,1.939497,1.2948284,591.94324,,,1.0267103,0.5039209,1.9082047,206.1488577805225,31.313374249406664,1,0.9690936836777794,True
610126698834309248,132.23420306549647,0.017315924,16.144190523496494,0.009925609,3.017085360756341,0.020427227,147.69922,-21.808770294285555,0.021651711,1.585475467169718,0.015214221,11.690783,11.963804,11.255384,0.7084198,0.2730217,0.4353981,4418.2134,8.479076,0.7573061,1.1267265,0.1317862,27.492891,210.7004213021733,33.10189134924743,-1,0.0,False
610185488346844928,131.6542503123219,0.22031906,16.243921264426348,0.11412477,4.728906596330112,0.28850275,16.391201,-23.045116006348795,0.2949739,-18.122005513959575,0.23563303,18.921085,20.64493,17.618542,3.0263882,1.7238445,1.3025436,524.55676,,,0.9211758,0.0,0.0,210.34006310697475,32.62386448503833,-1,0.0,False
611579432868626176,133.84230106122624,0.19479382,16.754865533537675,0.106453635,4.564350649904989,0.26701003,17.094305,-39.52211338386006,0.24811861,-15.734357153376171,0.16221294,18.573484,20.281399,17.287355,2.9940434,1.7079144,1.286129,616.8454,,,1.0926268,0.9337609,6.182696,210.7137920512077,34.76062004230666,-1,0.0,False
611592180331532416,134.1019498865147,0.018045984,17.083572473133632,0.009250886,3.5299569467349716,0.021526894,163.97893,-29.889866072119517,0.0227244,-8.562538976831672,0.017164119,14.159777,14.80045,13.395081,1.4053698,0.64067364,0.7646961,5268.632,13.061353,2.9897296,1.0634043,0.0,0.0,210.4528826680658,35.112766655457115,3,0.8465883590599914,False
611689448454841600,133.38448832947668,0.18246718,16.84626292115474,0.103407554,5.027792358170657,0.21445297,23.444733,-36.191260435252936,0.23971915,-8.692899010246448,0.19987921,18.639837,20.257189,17.371262,2.8859272,1.6173515,1.2685757,459.2173,,,0.9042342,0.0,0.0,210.41353331017015,34.38737380400382,-1,0.0,False
659805490331938560,132.18620106284212,0.013748023,17.376423705967127,0.0072821705,4.199546175247443,0.016986,247.23575,-21.494094540370725,0.016590951,-15.173136095354817,0.012300356,12.698398,13.114841,12.116624,0.9982176,0.41644382,0.58177376,5584.369,11.859657,0.77539057,0.97376627,0.05676201,3.9023178,209.31125096722275,33.51751200020444,-1,0.0,False
660088610279891584,131.53386508132266,0.10538848,18.040870536330026,0.055478282,5.7251273593682654,0.123749964,46.26367,-36.68448155510194,0.1303444,-11.70950774565872,0.092233144,17.926682,19.833918,16.632536,3.2013817,1.9072361,1.2941456,775.4763,,,0.96519333,0.0,0.0,208.3000868763994,33.17957725566379,1,0.3042793895378055,True
660111837463089024,131.68641144135148,0.152968,18.098985744529937,0.08944174,3.741034256910905,0.18265447,20.481483,-23.663368412568744,0.20650241,-14.933942209306837,0.17425935,18.196383,19.990063,16.94717,3.0428925,1.7936802,1.2492123,680.2841,,,1.1226724,0.5395168,2.8434932,208.2976047690315,33.335797009325034,-1,0.0,False
660114418739656576,131.7878083761239,0.039677717,18.19365460212405,0.021721743,5.476872708879232,0.05313974,103.06548,-37.34166045331271,0.05368313,-11.250433997154715,0.039995916,16.005327,17.381838,14.846748,2.5350895,1.3765106,1.1585789,1454.8256,,,0.96260774,0.0,0.0,208.2331505725128,33.45969477398558,1,0.37989496833010283,True
660173826727214720,131.7032521375054,0.052336194,18.4339882522673,0.02675292,3.185250234580662,0.06357634,50.101185,-21.99694952150748,0.06950312,-26.51101162995133,0.046324827,16.495718,17.704283,15.409728,2.2945547,1.2085648,1.08599,1715.5516,,,0.9737123,0.0,0.0,207.9296885159363,33.47050344997485,-1,0.0,False
660230348496832128,132.0937320298556,0.037033092,18.61238600341227,0.01866807,5.361353540588534,0.039821345,134.63516,-36.88608818266537,0.04692811,-11.35742608934274,0.0326716,15.836479,17.160288,14.699503,2.460785,1.3238087,1.1369762,1812.4579,,,1.0273656,0.0,0.0,207.8870262563113,33.87995552018918,1,0.48519192482388757,True
660326310950043648,132.04239616203023,0.32147166,19.149903908128167,0.15242077,5.579538277363025,0.34881285,15.995793,-38.47216455950499,0.39783362,-12.875863480521415,0.25152558,19.304918,21.077085,17.932535,3.1445503,1.7721672,1.3723831,359.1153,,,1.0115417,0.5421423,0.62960374,207.25964962221835,34.02297101027352,1,0.3836436903133326,True
660468289684881152,133.3458337968445,0.061542608,19.13961029936076,0.03488796,3.0615067972581125,0.07335167,41.737385,-43.29379388799062,0.07632588,-15.604851973204823,0.059066027,16.819004,17.901495,15.786716,2.1147785,1.0824909,1.0322876,1587.1201,,,0.96820474,0.0,0.0,207.7903395507685,35.17427764698177,-1,0.0,False
660474263983420032,133.572862462748,0.13987243,19.28035081114172,0.0719627,4.063159152735891,0.17407592,23.341305,-27.84672750433819,0.16565697,-13.400294434933564,0.11161357,18.236382,19.81179,17.019993,2.7917976,1.5754089,1.2163887,762.9023,,,0.9757411,0.0,0.0,207.7190909532087,35.42405460849292,-1,0.0,False
660678429548883968,133.16508458968192,0.10879808,19.49122638608288,0.06236937,5.812612815933903,0.1274148,45.61961,-39.5408309021739,0.1329024,-12.49067205706474,0.11127087,17.838717,19.639992,16.549717,3.0902748,1.8012753,1.2889996,741.5548,,,1.0252113,0.0,0.0,207.31475161520177,35.135127655130475,1,0.20576091754199877,True
660923105246007552,130.6857060287714,0.11384576,18.466612351422327,0.04570936,5.377588004569854,0.13284695,40.479576,-37.044335246005645,0.14789431,-12.64336951047439,0.09467811,17.728884,19.475964,16.448858,3.0271053,1.7470798,1.2800255,932.5094,,,0.974747,0.0,0.0,207.48295458841395,32.580295161485445,1,0.6846329821112384,True
660924582714941184,130.6594521805379,0.2692757,18.541022028361663,0.11319332,5.050797268857682,0.30831403,16.381989,-36.94149013610428,0.33551034,-11.461267484510907,0.2173649,19.193222,21.104841,17.850864,3.2539768,1.9116192,1.3423576,492.3617,,,0.9972782,0.52815104,0.97676367,207.38991727050043,32.58358396043049,1,0.27677131272535693,True
660930703044261376,130.82446141980387,0.081456825,18.62618131003106,0.034690592,3.005051992363993,0.09144506,32.86183,-22.603534697920633,0.09733818,-8.079150155049494,0.069168575,17.287096,18.504759,16.189617,2.3151417,1.2176628,1.0974789,1506.4974,,,1.0238723,0.0,0.0,207.36149701191576,32.760056266033324,3,0.9447633327916257,False
660978669238963200,130.3846406414803,0.06186976,18.669592925558295,0.029085765,5.436292482429084,0.07803408,69.66562,-36.2266245804616,0.08302715,-12.27967229386675,0.06059273,16.601542,18.085545,15.415539,2.6700058,1.4840031,1.1860027,1840.9672,,,0.99023783,0.0,4.0244704e-15,207.13755593660792,32.38597680068128,1,0.9062823672095451,True
661010005319096192,130.74165174044754,0.15223986,18.90977413828621,0.059397932,5.340174661292322,0.15829325,33.735962,-36.72922494932748,0.16914977,-12.972156301612184,0.11269044,18.323666,18.301458,18.447277,-0.14581871,-0.02220726,-0.12361145,875.50543,,,1.0324429,0.11554165,0.1457484,207.01304393890533,32.787118121782164,1,0.6777352612690928,True
661018904492612224,130.93133368612828,0.017063888,19.075814640282843,0.00658982,5.0669878210926145,0.01850794,273.7737,-33.68968048651628,0.019021243,-12.72450624058976,0.0125360815,13.04454,13.644753,12.311053,1.3337002,0.60021305,0.7334871,4618.7144,35.246174,1.0271245,1.0928496,0.04870345,2.8111074,206.90304499511035,33.013410058360115,1,0.326373493924468,True
661040375034239104,130.76132333283118,0.39377955,19.31866715100098,0.17663053,5.173315845088235,0.4695566,11.017449,-36.50227408834376,0.46657985,-12.426427951498116,0.35459778,19.86095,21.1446,18.448507,2.6960926,1.2836494,1.4124432,343.95248,,,0.99408436,0.22888845,0.076704904,206.56489117926125,32.94789882214233,1,0.45937106143414536,True
661055458957734528,131.73599426675318,0.026268663,19.12972665978821,0.013928022,3.662648212597211,0.0319635,114.588455,-24.72986049479237,0.033224225,-7.458703232039108,0.024435481,15.152729,16.073612,14.202835,1.8707771,0.9208832,0.94989395,3384.5361,43.484253,5.707137,0.9520997,0.0,0.0,207.1609751405632,33.744607152083056,3,0.9041390676784861,False
661058826212114048,131.5733401194037,0.18195646,19.16607402375608,0.092997275,3.39535592047569,0.20781511,16.338348,-42.40570339126381,0.21719907,0.6116981221170523,0.16993713,18.693872,20.344475,17.458244,2.8862305,1.6506023,1.2356281,619.505,,,1.0140758,0.62123156,2.3645205,207.05565795775792,33.613267033755335,-1,0.0,False
661109236244624896,131.85569831210535,0.043670364,19.64352769289996,0.022115223,3.970921918304497,0.05077767,78.20213,-30.59337351741161,0.053680666,-8.656127939391695,0.037450064,16.030787,17.049809,15.035478,2.0143309,1.019022,0.9953089,2204.5103,,,0.9922648,0.0,0.0,206.6273173474075,34.02830165463394,-1,0.0,False
661138712604101760,130.99126412809434,0.20871271,19.5163858626182,0.091081895,5.675436943611183,0.2478445,22.899183,-37.00635671797065,0.3025265,-11.921161868633872,0.24301262,18.673832,20.65488,17.351463,3.3034172,1.9810486,1.3223686,608.39056,,,0.95315146,0.11484552,0.08935779,206.4335216171436,33.21993962614793,1,0.39334031027143507,True
661182933587719040,131.4780940341383,0.26571548,19.996198070125807,0.12279448,3.04089642931462,0.28189364,10.78739,-32.800733707679726,0.3275591,-8.174709795739517,0.20741464,19.115395,20.3499,17.934687,2.4152126,1.2345047,1.1807079,487.4941,,,1.029578,0.26642713,0.23164433,206.08160355379297,33.81496901851696,-1,0.0,False
661209566682500736,129.94385600877777,0.026837302,19.21773117765052,0.017233951,5.3745576990292,0.033961102,158.25629,-35.91267677977277,0.03328386,-11.738724454061266,0.024442516,14.628244,15.631694,13.633833,1.9978609,1.0034494,0.99441147,2244.3557,36.46582,5.6857014,1.0232649,0.0,0.0,206.35671238182013,32.189682344862355,1,0.8571758857024279,True
661231625634645504,130.7718553444295,0.023693074,19.4651171201773,0.010156779,5.376581056392203,0.027980352,192.1556,-36.914005565866674,0.029325688,-12.282252322387809,0.020110527,14.577018,15.564828,13.592593,1.9722347,0.98781013,0.9844246,3695.2585,29.501778,3.1708283,1.1069162,0.05729282,1.4830588,206.40533535681115,33.00815647547855,1,0.7019594354042733,True
661239390935361024,130.27855444425566,0.058760155,19.443540029874686,0.03104143,5.563882355261798,0.071443886,77.877655,-36.47127857152202,0.0742195,-13.10807761671131,0.04757926,16.626617,18.152094,15.411095,2.7409992,1.5254765,1.2155228,1339.4753,,,0.97838736,0.0,0.0,206.23701719053813,32.56454109874163,1,0.6322433051945306,True
661249595777725568,130.4731276997274,0.10136936,19.608426445573304,0.048973154,5.244392493725436,0.113940604,46.027424,-36.72023740585499,0.119819365,-13.656377710347025,0.07756695,17.608885,19.364973,16.361746,3.0032272,1.7560883,1.247139,669.99445,,,1.0272475,0.18012479,0.6184163,206.12898373934908,32.79377514192409,1,0.3988673527067831,True
661253993824132480,130.38639824656235,0.42148787,19.670397586391303,0.2157088,5.3696899368686015,0.45249602,11.866822,-35.4843457689517,0.4605173,-12.401005335006229,0.32817674,19.871092,21.207335,18.492714,2.7146206,1.3362427,1.3783779,299.59732,,,1.068602,0.817878,0.6572341,206.026222221841,32.73858548553797,1,1.0,True
661291136701346304,130.11237090028794,0.03479642,19.544758383359664,0.024268301,5.383632218724936,0.04742492,113.51905,-36.29259374222769,0.044343136,-12.133351601756733,0.03580073,6.2683663,6.3392134,6.117872,0.22134113,0.070847034,0.1504941,3281.6348,,,0.98319995,0.21954621,47.66615,206.05984986548657,32.4528978894502,1,0.7532099724420924,True
661296565539900544,130.01019952383345,0.07308094,19.676436063009536,0.048419982,5.538436153919035,0.089731485,61.722324,-35.705420807160685,0.08701304,-12.621259226088336,0.06443862,16.5728,18.11884,15.369391,2.7494478,1.5460396,1.2034082,1153.1289,,,1.0706083,0.10531244,0.48008084,205.87395971884223,32.40834661092586,1,0.5878414946737395,True
661333704119506944,130.78761053447744,0.32039782,19.719913432892877,0.13409229,5.469216031309502,0.38046494,14.375085,-35.51060379019398,0.41073987,-13.166008637868966,0.30027157,19.101645,21.042704,17.75274,3.2899628,1.9410591,1.3489037,463.92386,,,1.056127,1.0165379,3.5924783,206.12620428913564,33.11019932316081,1,0.7588424710629375,True
661360268493494528,130.813286447664,0.020867277,20.06551922135367,0.009051796,5.2827923864599,0.024757752,213.37933,-38.17547085592338,0.028600018,-9.50266024741071,0.020234017,13.117621,13.767089,12.340761,1.4263277,0.64946747,0.77686024,3082.5747,29.451332,1.1390359,1.311988,0.09665766,9.232586,205.7481723174068,33.25134431102579,1,0.1437384098443798,True
661416923405602944,130.31090914642243,0.25395146,20.10254482120362,0.13489819,3.156704686010128,0.26274997,12.014101,-33.4617561450585,0.30772412,1.0053266635308329,0.20580965,18.965258,20.729536,17.744139,2.9853973,1.7642784,1.2211189,452.7813,,,1.0000745,0.3629877,0.4152001,205.5145298247495,32.82049888238136,-1,0.0,False
661458915303531136,130.7359979762938,0.091840655,20.51163419728094,0.041613072,5.271742728331521,0.105909735,49.77581,-35.675307514862084,0.10614568,-13.984678936342398,0.081937805,17.411768,19.128899,16.154087,2.9748116,1.7171307,1.2576809,1103.849,,,0.98814,0.34830156,3.68939,205.2166463779586,33.33429517236322,1,0.5319417758889406,True
612245427677781376,134.6437663406279,0.08995475,18.04810954826628,0.060446005,3.247246224001782,0.107484475,30.211306,-37.299449064398445,0.112325266,-22.74244890081216,0.0832612,17.483532,19.157883,16.240082,2.917801,1.6743507,1.2434502,864.6436,,,0.9109737,0.0,0.0,209.57742354377797,35.94315942350942,-1,0.0,False
612339088029358208,134.118876372006,0.08043706,18.603914649331255,0.040888257,3.654721031623252,0.101764,35.913692,-21.131598334616832,0.10159597,-12.972750274446383,0.06802272,17.397371,18.74753,16.225727,2.521803,1.3501587,1.1716442,1297.889,,,1.0002207,0.0,0.0,208.71917977304457,35.67343136168049,-1,0.0,False
651858357725326336,127.54954397250668,0.05569746,15.296347214795947,0.03902717,5.116299073603592,0.064357035,79.49868,-29.432197314198252,0.07308711,-17.50359841045412,0.051681142,16.64206,17.85948,15.546626,2.3128538,1.2174206,1.0954332,1368.5935,,,0.87992215,0.0,0.0,209.59703772128563,28.612312981478215,-1,0.0,False
651885944299363968,127.79724635760384,0.098786324,15.48513409207434,0.06896546,3.9040160872433023,0.11246905,34.711914,-23.108358431221017,0.12710518,-22.8127557589862,0.08692435,17.784973,19.267193,16.585602,2.681591,1.4822197,1.1993713,915.6659,,,1.0156726,0.0,0.0,209.50440777422733,28.905708645907467,-1,0.0,False
652896331062917632,126.61923377717449,0.016396431,16.052924449327232,0.010618878,6.396999472703016,0.020269237,315.60138,-30.081355213769815,0.02043766,-7.664340344337287,0.012546228,13.645248,14.477596,12.714754,1.7628422,0.83234787,0.9304943,3712.6619,35.86477,2.0357523,1.1195525,0.023807257,0.35819858,208.4106605575797,28.07891672282934,-1,0.0,False
652949348139055488,126.81963421127531,0.045263935,16.554936027719155,0.030008832,4.977703882715461,0.055047713,90.42526,-30.582831091513334,0.060876954,-10.730972822187308,0.043388046,16.1405,17.526087,14.982581,2.5435057,1.3855877,1.157918,1334.0885,,,0.9449525,0.0,1.1946536e-15,207.96740221707145,28.44849790252359,1,0.181653756071772,True
657552934603933696,129.42915104933513,0.014205276,14.884684089560158,0.01100855,5.948612003502008,0.01679462,354.19748,-26.081917741325213,0.016885595,-7.487243690786494,0.013466803,10.554188,10.851819,10.092538,0.75928116,0.29763126,0.4616499,6031.942,35.191753,0.4100211,1.0040982,0.08142996,7.6614676,210.84459186539988,30.122597561003506,-1,0.0,False
661809487713511808,131.85966780338904,0.12188083,20.79861523875151,0.061933696,3.246779267512317,0.13433169,24.169868,-29.08328103172371,0.14348222,-12.94268873351853,0.09602313,18.06639,19.50974,16.912785,2.5969563,1.4433517,1.1536045,781.74335,,,0.9831234,0.14819424,0.29728416,205.31360640016203,34.42121695024376,-1,0.0,False
661845840315682176,131.07587803262976,0.09423118,20.83004070604431,0.042565558,5.2956897032743075,0.10335679,51.236977,-36.52961212374677,0.11177039,-12.90525726273802,0.07843574,17.554052,19.383266,16.260965,3.122301,1.8292141,1.293087,942.2627,,,0.9533103,0.0,0.0,204.9843251494344,33.740506898491745,1,0.6024549754081365,True
661965240406452608,131.74726325764237,0.01714289,21.266482066572785,0.009256662,3.0165892733429445,0.019392176,155.55704,-31.40381192339594,0.021089993,-0.9350129372831631,0.014593318,14.092903,14.700162,13.35541,1.3447523,0.6072588,0.7374935,6086.0737,48.11259,2.862076,1.0099432,0.0,0.0,204.73594640462468,34.4758980704372,-1,0.0,False
661997882157921664,132.260212443697,0.06950169,21.556635150516172,0.0328643,5.388369998931855,0.088097975,61.16338,-37.0186515529384,0.08612043,-13.55197593409478,0.055698566,16.425407,18.114851,15.161122,2.9537287,1.6894436,1.2642851,1096.8922,,,1.2262436,0.2825848,5.257527,204.5902221697415,35.021702303409874,1,0.66474151919805,True
662025644826460928,132.10891034348458,0.014104551,21.866803461315985,0.0069177053,4.917835520957361,0.015710479,313.029,-32.08456112179607,0.015758565,-2.074345857747053,0.011229785,12.724673,13.209495,12.082387,1.1271076,0.48482132,0.6422863,4810.725,55.3947,0.99787545,1.0217738,0.055263422,4.076305,204.17653498328045,34.987898724746856,-1,0.0,False
662032959154931328,126.60512412466537,0.13409145,17.148168064067143,0.08028314,3.82254993561457,0.15603553,24.497946,-30.16710031951085,0.16732424,-18.13849308653146,0.1089944,18.133642,19.710686,16.930206,2.7804794,1.5770435,1.2034359,808.10583,,,1.0584662,0.34310657,1.4156518,207.25436896380003,28.482497221742637,-1,0.0,False
662215551101680128,127.80384142221136,0.015060195,18.153595880885465,0.010734652,5.500165990320541,0.016894922,325.55142,-35.2092460237408,0.01597286,-12.24673793868332,0.012402679,9.7532,9.983325,9.368098,0.61522675,0.23012543,0.38510132,5366.748,37.29123,0.64698756,0.899185,0.07746003,7.0027385,206.66897822648716,29.915867589576205,1,0.5750886614334897,True
662281620581756928,127.19773380721446,0.160138,18.393864501826062,0.103069596,3.0251024975660927,0.18154998,16.662643,-22.64071960181469,0.18740702,-16.551428143027476,0.1290074,18.702745,20.242506,17.484085,2.758421,1.5397606,1.2186604,655.51733,,,0.985544,0.16232418,0.16921537,206.1699298844616,29.46749943251723,2,1.0,False
662290902007811328,127.4344050281771,0.07662346,18.543154442057546,0.051156465,3.3433381766810135,0.088525966,37.76675,-31.91833368868423,0.08649181,-1.870445252319583,0.06380574,17.306946,18.669163,16.165846,2.5033169,1.362217,1.1410999,1383.3262,,,1.0211859,0.0,0.0,206.10371760384376,29.73087215370172,-1,0.0,False
662409271306516096,125.52668388571269,0.013759422,18.339211231141185,0.008710178,3.399226173189251,0.016316807,208.32668,-25.589820077311018,0.016655393,-3.135159025664236,0.010748055,13.133592,13.59948,12.503463,1.0960169,0.46588802,0.63012886,7468.1445,36.5325,1.2390153,1.0281966,0.0,0.0,205.5661331360688,27.97158039039297,-1,0.0,False
662440641747626368,125.65977596106316,0.025879778,18.559770327626197,0.017419977,3.104113030466588,0.028096743,110.47946,-26.897898271442997,0.031846244,-7.582669874079739,0.02272899,14.610199,15.380242,13.7479,1.6323423,0.7700434,0.86229897,4350.7026,8.046843,3.0545602,1.2717664,0.12663834,5.253336,205.38608881253745,28.169942793520303,-1,0.0,False
657693672092139648,130.1349390621503,0.10671018,15.501739924484935,0.057459153,5.109634142025158,0.12273137,41.632664,-32.426942102103126,0.14123243,-16.617526890056226,0.11151146,17.676796,19.392769,16.417686,2.9750824,1.7159729,1.2591095,987.7708,,,1.0363351,0.24067165,0.9603836,210.49143623002217,30.98988875602486,-1,0.0,False
658203570609430400,131.03302135769846,0.029100934,16.573206034142085,0.015230773,6.440970321450769,0.034203712,188.31203,-48.74138978071976,0.036127053,-3.4316872204576896,0.027300732,15.47385,16.708279,14.373141,2.3351374,1.2344284,1.100709,2846.357,-17.325272,4.345428,0.98892295,0.0,0.0,209.71317812314808,32.195535736537046,-1,0.0,False
658336710299988864,131.45412149690372,0.14378026,17.065145705691442,0.07879055,3.1478745471251055,0.17461096,18.027933,-34.16067787193202,0.1855626,-4.156777626135536,0.13455264,18.246399,19.80904,17.075836,2.733204,1.5626411,1.1705627,704.5561,,,1.0569489,0.18870936,0.31218022,209.34983006153695,32.75278037088792,-1,0.0,False
658423812236606464,130.2871769675895,0.1829917,16.909097752732837,0.09457135,5.672567217440406,0.24342833,23.302822,-24.53492195000104,0.24618304,-0.6700184015738698,0.17267375,18.52733,20.6211,17.201479,3.4196205,2.093769,1.3258514,578.5748,,,0.96917444,0.0,0.0,209.03165590946415,31.658523767259407,-1,0.0,False
658445218353519488,129.6290992125157,0.0143231535,16.790206248793293,0.010390022,5.527214765232309,0.016119614,342.88754,-36.41725458201197,0.017474342,-10.895317965318842,0.01301248,11.608404,12.004003,11.051194,0.9528084,0.3955984,0.55720997,1914.0267,35.06797,0.5783114,0.9526282,0.08560821,10.329685,208.88544013429453,31.029857670876776,1,0.32607023961093506,True
658588811996150272,130.398170892098,0.04805418,17.490835801204277,0.02532379,4.187735007366228,0.056081235,74.67266,-24.04182481051629,0.05953564,-5.897426314895977,0.044208154,16.36019,17.561789,15.277996,2.2837925,1.2015991,1.0821934,1852.3895,,,1.0723734,0.14051235,1.5874652,208.44168097765552,31.972098839202,-1,0.0,False
658970445611021568,127.72630751326903,0.23502758,16.74876641030156,0.12788044,3.082334374592921,0.26927304,11.446873,-29.757072308436427,0.25865528,-8.476502722183454,0.15710117,18.58624,20.232126,17.370836,2.86129,1.6458855,1.2154045,484.101,,,1.0342237,0.39894733,0.7419521,208.1380632422675,29.325877392390534,-1,0.0,False
659040058440778624,127.2130054791337,0.014702132,17.05109918785709,0.010082532,4.3787896523492975,0.017731482,246.95001,-33.036039130519036,0.016258838,1.3665279159403143,0.012703392,13.282167,13.829402,12.589061,1.2403412,0.54723454,0.69310665,6852.882,28.7895,1.4302754,1.0422252,0.0,0.0,207.6057209405927,28.984570275927243,-1,0.0,False
659228173712358272,129.5186991750887,0.22189498,17.256458646941912,0.16897343,5.109886816258593,0.25732192,19.857954,-33.38519778924465,0.26570937,-11.288863068155557,0.22273669,18.931667,20.834541,17.625498,3.2090435,1.902874,1.3061695,396.7825,,,0.9630794,0.62220067,1.1163526,208.33435322385125,31.10545676104487,1,0.30877200163272805,True
659239173125009408,129.25434770748916,0.054843295,17.33473920732121,0.03968105,5.167794151950916,0.0635591,81.30691,-34.02108468305181,0.06613593,-4.442271416981841,0.048938077,16.686234,17.963903,15.535821,2.4280825,1.2776699,1.1504126,1479.635,,,0.9948373,0.047246594,0.10680691,208.14053996203748,30.899944889133465,-1,0.0,False
659247659980371456,129.35728888446673,0.08173732,17.45496237346556,0.052680206,3.1120913315213095,0.09431865,32.995502,-28.14662013153493,0.10151455,-10.34886133440181,0.06971709,17.352064,18.534872,16.262709,2.2721634,1.1828079,1.0893555,1228.155,,,1.0489625,0.22332884,1.1841599,208.05254584049237,31.035630308773865,-1,0.0,False
659253638574908672,129.81917954638897,0.016348897,17.46287380786685,0.011465002,5.383173477777592,0.01912733,281.43884,-36.12583425992488,0.019206304,-11.663227114807814,0.014815008,11.496429,11.871488,10.960934,0.91055393,0.37505817,0.53549576,2018.3617,34.192078,0.67837274,0.9096701,0.106926836,14.912558,208.23374044502472,31.448186039072873,1,0.8571758857024279,True
659332764755294976,129.66764775400512,0.2424087,17.93317003963687,0.15183094,5.207701078650884,0.3105294,16.770395,-35.29693935864035,0.328254,-12.414223859396156,0.2050999,18.85249,20.808065,17.530722,3.2773438,1.955576,1.3217678,386.52905,,,1.0416253,0.5450565,0.9461312,207.6586637431972,31.485901010821724,1,0.5236796914198377,True
659388947224025856,130.0921845274542,0.023894604,18.123483985475342,0.015423288,5.427515821773653,0.030259388,179.36635,-35.12313924378809,0.029494362,-11.675427090706116,0.020206036,14.666425,15.682675,13.669119,2.0135565,1.0162506,0.99730587,2387.2935,34.22345,3.894518,1.0173842,0.0,0.0,207.6222340907863,31.931128062990048,1,0.5040840518105096,True
659393929386140288,130.46767220985743,0.019924518,18.05185515128366,0.010157506,5.52354474846067,0.022888288,241.32626,-36.54016895870606,0.023526773,-12.405302482243153,0.019664856,14.333665,15.272211,13.376785,1.8954258,0.9385462,0.9568796,4526.931,33.58937,1.9333026,1.0158657,0.0,0.0,207.853311509448,32.23804831200876,1,0.6706690128665849,True
659452272221698432,129.70703803938113,0.012667386,18.26581015315567,0.008644424,5.358541989345123,0.015488405,345.9712,-35.53449949838832,0.017149491,-11.272379200049688,0.013262519,12.30858,12.788989,11.6734915,1.1154976,0.48040867,0.6350889,3088.367,34.34533,1.092013,0.9664996,0.04621109,2.6996315,207.3106962732022,31.641289916520577,1,0.5311895315542052,True
662769911119972224,129.04110693360522,0.21200053,19.287895667144543,0.16716811,5.275923002476517,0.2995343,17.613752,-35.10765110776404,0.2827147,-14.01041516988544,0.18490379,18.93798,20.7295,17.618767,3.110733,1.7915192,1.3192139,444.97684,,,0.9958723,0.24117799,0.18334919,205.926687991004,31.416564120161265,1,0.500265094575418,True
662775266942252544,129.06714312878788,0.12628739,19.37789717254529,0.089930326,5.433353682941729,0.16750997,32.436,-37.13512473162129,0.14290284,-13.621271592692498,0.10332052,17.799248,19.657413,16.500154,3.157259,1.8581657,1.2990932,634.76935,,,1.128096,0.49131906,2.8663294,205.83807522631992,31.47123116048795,1,0.7159592032711666,True
662828838071658880,128.07427079745554,0.06893531,19.54702242157046,0.047111552,5.1885900476614575,0.08047726,64.47275,-33.88682487163601,0.07841982,-12.322321239914992,0.057882316,16.849195,18.495766,15.619448,2.876318,1.6465702,1.2297478,1155.9186,,,1.1486673,0.41754577,7.8309216,205.26886282588296,30.654393528389026,1,0.3998126192181991,True
663188618891753600,125.20461960554611,0.015252545,18.73869160441615,0.01061286,4.980433073095473,0.016831031,295.90778,-31.06141883536756,0.018935276,-11.776796347582811,0.01361415,9.306991,9.484326,8.987563,0.49676323,0.17733574,0.3194275,5978.783,38.724537,0.74516696,1.0160663,0.093215145,11.231428,205.0188984848573,27.833954189668585,1,0.18347450688408903,True
663275682172582784,125.26480224934866,0.18677631,19.20028211147465,0.12136355,3.895837055281477,0.20644899,18.8707,-28.545992358103288,0.22135808,-15.670227108446827,0.15263055,18.57048,20.346657,17.337164,3.0094929,1.7761765,1.2333164,491.06726,,,1.093445,0.7759127,3.4720953,204.55553707893236,28.054749354556947,-1,0.0,False
663299429048377856,125.86386155912469,0.3592616,18.999318423643064,0.15575157,4.726936292345082,0.23219596,20.35753,-30.780899859574266,0.42879984,-12.464449433392776,0.20312546,17.746479,,,,,,489.41113,,,1.1032033,0.53955406,3.8838713,205.00077534069575,28.50983464429746,1,0.17236277244532108,True
663398591253110016,125.41824246779936,0.12407634,19.63284179238947,0.10086382,5.809245399644534,0.15048145,38.604397,-31.795110608626914,0.15673548,-17.674246615312427,0.12912585,17.870045,19.689945,16.597086,3.0928593,1.8199005,1.2729588,690.19037,,,1.0904336,0.6061387,5.103346,204.15659628852012,28.345328773537016,-1,0.0,False
663628148665894272,125.66945292269284,0.07875508,20.14630181675528,0.04852199,4.452175137161382,0.091474794,48.67106,-24.110820273395888,0.09146933,-27.742921684606543,0.05967371,17.123375,18.400988,16.009518,2.39147,1.2776127,1.1138573,1231.0717,,,1.0112935,0.0,2.3245002e-15,203.70570478562124,28.748527761431507,-1,0.0,False
663712845420786304,125.16770064305642,0.08066039,20.58795546995661,0.05477112,5.9723615377590145,0.09933791,60.121674,-42.36201572202086,0.09247396,-5.378367257358213,0.06434149,17.237198,18.689194,16.039173,2.6500206,1.4519958,1.1980247,1022.74243,,,1.0000215,0.0,0.0,203.0463927511932,28.46344367268089,-1,0.0,False
663718858374747648,126.59687713326764,0.124315,19.550999151813485,0.0765838,5.178269844656764,0.13609606,38.04864,-31.332545118145113,0.14126526,-13.262861060794055,0.093680255,17.70355,19.44797,16.438438,3.009531,1.7444191,1.2651119,767.2166,,,1.1047242,0.43615687,3.0612767,204.69588048674055,29.35357893332649,1,0.19428851564556132,True
659541401383332480,129.1597409654191,0.11671636,18.147372500949015,0.067743964,3.7536119704616935,0.12968697,28.943632,-30.421915862355995,0.129624,-26.009225303133498,0.0861155,17.672827,18.948013,16.44286,2.5051537,1.2751865,1.2299671,861.76276,,,1.037599,0.13249719,0.25436422,207.21980516093709,31.113749558493712,-1,0.0,False
659543119370328320,129.33521726391214,0.04317826,18.238409419518675,0.027381727,5.597771554881776,0.053438146,104.75235,-28.73196709393711,0.053271208,-9.175424745701914,0.03541738,15.58237,16.836426,14.47132,2.3651056,1.254056,1.1110497,1532.0073,24.177027,8.130031,1.1349981,0.0944243,1.0247036,207.19116233727976,31.302105364953093,-1,0.0,False
659689109602230272,129.87779287355113,0.12631352,18.94809914502876,0.07547596,5.151487351903919,0.14597827,35.289413,-36.24103162771522,0.15072744,-12.213156844404448,0.09805944,17.823036,19.497833,16.541006,2.9568272,1.674797,1.2820301,729.8834,,,1.0021971,0.0,0.0,206.6286270440997,32.03620385796128,1,0.453242349146097,True
659700658770599808,129.7886280780287,0.016747307,18.951877211112603,0.01022604,4.85147546041077,0.01984257,244.49834,-24.730213871717883,0.018498404,0.0146588429363687,0.012855397,8.751437,8.940618,8.412934,0.52768326,0.18918037,0.33850288,3523.4758,,,0.8504518,0.07015538,5.3129544,206.58926344540276,31.958668242215985,-1,0.0,False
659717014006021120,129.17002738472956,0.104857974,18.752239533950327,0.063938655,5.950284029977657,0.13247752,44.915424,-40.76068903246142,0.13095848,-3.2299969850833015,0.08511057,17.503176,18.882406,16.34372,2.5386868,1.3792305,1.1594563,937.00116,,,0.96505785,0.0,0.0,206.56395031386495,31.340523792657297,-1,0.0,False
659768102641215744,129.20189401980068,0.016138481,19.257354323596,0.011895776,5.4452335641086504,0.019302392,282.1015,-35.5499906649718,0.019806564,-13.427665280618918,0.013976061,13.364043,14.070278,12.548702,1.5215759,0.70623493,0.815341,3516.849,34.735218,1.5831032,0.97753936,0.0,0.0,206.0229067576861,31.547849025855864,1,0.8406931318569851,True
659774394768991744,129.20380462259396,0.035895362,19.3164216600242,0.02592577,5.530746978513441,0.045134395,122.53951,-37.11989538642942,0.04497583,-13.50137247486235,0.031446345,15.46221,16.768456,14.32866,2.4397955,1.3062458,1.1335497,1080.7388,,,1.0932552,0.047123026,0.2969313,205.9587687757936,31.570329200084597,1,0.6134204890809549,True
660229352064406400,132.22977405334473,0.021453591,18.663668992261005,0.011375217,7.303013654386294,0.023644837,308.8629,-27.170577254583243,0.026935041,-24.016086055782424,0.019954344,14.605309,15.682621,13.5744,2.108221,1.0773125,1.0309086,3207.6345,34.590317,2.7459927,1.019628,0.0,0.0,207.884048737344,34.018667404120926,-1,0.0,False
663857877875926784,126.54066237974902,0.014367991,20.671170222110945,0.0090822205,4.1783663072478605,0.01589662,262.8462,-33.29676902714337,0.017203463,-12.941380555756355,0.011276497,10.910679,11.161893,10.498403,0.6634903,0.25121403,0.41227627,6633.8477,19.615118,0.49318966,0.8941072,0.07820028,8.906472,203.4689977369007,29.69695492498369,-1,0.0,False
663943605422906752,126.96970226586532,0.017636849,20.749754752383556,0.012570632,4.052168837464287,0.02053472,197.33255,-27.244202631034895,0.022288248,-0.5859210717860474,0.01709794,14.199831,14.944406,13.362949,1.5814562,0.74457455,0.83688164,3514.2605,-6.8412437,3.451691,1.0381402,0.0,0.0,203.54359075298436,30.100746525117746,-1,0.0,False
664084892667242496,125.61161622828338,0.04112134,20.787367108457858,0.026323294,5.1925206675033255,0.04541661,114.33087,-31.567947893015443,0.049054015,-13.50213288057436,0.03448812,16.000612,17.334837,14.855599,2.4792376,1.3342247,1.1450129,1350.6984,,,1.0277888,0.0,0.0,202.99856204703465,28.922215574112847,1,0.21240129658019682,True
664281018054115968,129.35978700892892,0.015077978,19.486839995076092,0.009076991,5.466462396320497,0.017696457,308.9015,-35.53129449717959,0.018530149,-12.9235635555704,0.011788168,13.357078,14.055389,12.551774,1.5036154,0.6983118,0.8053036,2938.9927,35.874924,1.8870666,0.9669587,0.0,1.1904544e-15,205.8318910776971,31.767882577692873,1,0.8049486355116449,True
664285175582432128,129.43715506831597,0.04587776,19.674672081575125,0.031015102,5.917758207319593,0.054732416,108.121635,-32.028661914202985,0.050501116,-11.744542348979463,0.037265748,15.579429,16.964626,14.412575,2.5520515,1.3851976,1.1668539,1248.0026,19.676321,4.866706,1.3936702,0.23333564,7.225421,205.65461624896787,31.90171723506049,-1,0.0,False
664286996648580352,129.28539945624016,0.07504898,19.640946909075552,0.0509853,3.0332480716149095,0.08660819,35.022648,-24.271760886554823,0.08649364,-21.934431933049424,0.059474844,17.08232,18.283283,15.985639,2.2976446,1.200964,1.0966806,1283.1483,,,1.0186576,0.0,0.0,205.63326376317949,31.756005740158987,-1,0.0,False
664301427738676992,129.35191242665576,0.109641425,19.786599986512822,0.06776742,5.556016101804902,0.12956169,42.88317,-35.22236532710657,0.117176354,-13.978053059751904,0.084088445,17.456736,19.145935,16.191338,2.9545975,1.6891994,1.265398,918.2753,,,1.0182903,0.0,0.0,205.49818272214748,31.865360280813245,1,0.47187584357279555,True
664305890208150528,129.25879898471376,0.4396002,19.868654645426847,0.25607765,5.127594910392578,0.51008517,10.052429,-36.73854986129311,0.5447876,-13.876878846824733,0.32564098,19.697655,21.180525,18.271927,2.908598,1.4828701,1.4257278,258.9837,,,0.96893185,0.7131354,0.57379705,205.37184079128124,31.811644828884624,1,0.3270398918304868,True
664311250327154432,129.4553282968979,0.22008418,19.962833766145604,0.12382841,5.246306468516397,0.2545649,20.608915,-36.519571251065834,0.24805541,-13.32173012897219,0.15981905,18.592566,20.028257,17.252598,2.7756596,1.4356918,1.3399677,400.9522,,,0.977863,0.0,0.0,205.34298620650253,32.01758629433766,1,0.48969533329621856,True
664311392062657920,129.4668640342527,0.020225706,19.987124790961698,0.013251505,5.388621113517358,0.024023948,224.30206,-36.34355135014188,0.024266494,-13.077526876364503,0.017278492,11.098359,11.43594,10.604079,0.83186054,0.33758068,0.49427986,1300.2925,34.080593,0.5471294,0.96969515,0.11171803,15.333084,205.32050327780703,32.03614095662435,1,0.8743229666630999,True
664323825990708352,129.6718274461479,0.20844117,19.9963635989391,0.13890626,5.382376368734909,0.29085782,18.505178,-35.53371913203998,0.29273143,-12.257334999099164,0.21956997,18.581459,20.639637,17.279425,3.3602123,2.058178,1.3020344,459.52567,,,1.055686,0.540808,1.2227484,205.38861608244653,32.22014582252812,1,0.9437740410901934,True
660348335542434048,133.52068716442338,0.13349153,18.44744501587839,0.0724356,5.632543727153075,0.15322039,36.76106,-38.0427524976771,0.17116752,-11.288336036487362,0.13286382,17.982159,19.847406,16.685783,3.161623,1.8652477,1.2963753,735.5127,,,1.027306,0.47281834,2.9677844,208.65404125963087,35.0874550293794,1,0.29804216785141857,True
660793538968624128,133.5210291128402,0.024508446,19.918525607393565,0.012835821,4.1309351387635,0.029594904,139.58264,-34.06499339441872,0.031234223,-24.148469061810275,0.020958394,14.874568,15.737251,13.954121,1.7831306,0.8626833,0.92044735,3803.366,54.41593,7.2280254,1.0276532,0.0,0.0,206.96153607916003,35.59546551263828,-1,0.0,False
660917921221670400,130.80364907875733,0.04028908,18.53071859745475,0.01709059,5.544297499365648,0.0463374,119.6506,-38.0066792609087,0.04849697,-11.962854546184058,0.033014603,15.837771,17.181826,14.695301,2.4865246,1.3440542,1.1424704,1953.2156,,,1.0273969,0.0,0.0,207.4592112951285,32.70765335477112,1,0.4412292859353998,True
660957980380034688,130.950455233262,0.017657584,18.80069656597597,0.007915791,5.404358939561922,0.018856004,286.6121,-36.14170093629916,0.020695208,-11.777042151533395,0.014397098,9.983771,10.225441,9.585445,0.6399956,0.24166965,0.39832592,6483.015,33.13847,1.1143473,1.1790738,0.12356077,26.24756,207.21758369926903,32.933486248819705,1,0.8571758857024279,True
661046765943861632,131.6330785281814,0.21756697,18.973732956213333,0.103717856,5.764337865958551,0.24572392,23.458595,-37.079266917819126,0.29108664,-12.246749988597614,0.18820883,18.915508,20.829521,17.575802,3.2537193,1.9140129,1.3397064,516.9364,,,0.9590448,0.0,0.0,207.29572571161887,33.59893264028106,1,0.3419591738681583,True
661054191943805440,131.59752413236586,0.086770475,19.0787579558591,0.04284442,4.551285215689943,0.09918311,45.887703,-24.741949604089157,0.10639837,-18.48390978895362,0.07876443,17.445868,18.981483,16.224874,2.756609,1.5356159,1.220993,984.22424,,,0.9882938,0.0,0.0,207.16348210450596,33.604202144419894,-1,0.0,False
661152735673342976,131.62660403404846,0.08187472,19.6486514532664,0.042970534,5.529285422227205,0.09173142,60.276897,-38.52750852088445,0.09180756,-13.53671095101174,0.06944734,17.417849,19.296156,16.118107,3.178049,1.8783073,1.2997417,1027.1549,,,0.9578476,0.0,0.0,206.53222877603108,33.82742164591088,1,0.3954854253475182,True
661202282418030080,130.26293363449776,0.1873029,19.30249859042904,0.10732627,5.281419545912709,0.22212525,23.776764,-36.51674964819426,0.23343286,-12.686758227046765,0.16025533,18.333616,20.274273,17.000866,3.273407,1.9406567,1.3327503,582.6684,,,1.0375109,0.6685233,3.0144465,206.3876892921612,32.50150525856324,1,0.5987016024497338,True
661265951010650368,129.9096430006237,0.18558002,19.441113260182327,0.07632997,4.903956149351552,0.19733948,24.850355,-37.09960994775331,0.21249948,-13.28777746657668,0.12210831,16.46288,,,,,,412.25183,,,1.2312499,0.68761027,17.719751,206.09604001200444,32.2376543782325,1,0.22019841012191266,True
661279042073291776,129.4574574932498,0.028651647,19.51405260462688,0.018457435,5.418296385734038,0.034081046,158.98268,-35.385992954781,0.033092473,-12.765264275100396,0.021368412,15.009888,16.120424,13.962742,2.1576824,1.1105366,1.0471458,1340.769,32.321854,12.304906,1.0297942,0.0,0.0,205.83976110351068,31.863654800346307,1,0.8896430629356097,True
661292511090872960,130.1768363161645,0.02030679,19.565948691578978,0.011957485,5.383661986019163,0.021729957,247.75299,-35.90218162180123,0.023850717,-13.0329918832714,0.015956976,11.173428,11.523209,10.663594,0.8596144,0.34978104,0.50983334,1600.3419,34.055016,0.33225486,1.0787914,0.13816282,26.455488,206.06131913644776,32.51722273609573,1,0.9417780534098182,True
661311443306610688,129.92755273931903,0.028734224,19.778396997311283,0.018853601,5.487587613506006,0.03627217,151.2892,-36.75742924630642,0.035235323,-12.92865704954437,0.0246363,6.6092005,6.725384,6.3758082,0.349576,0.11618376,0.23339224,1441.3248,35.677177,0.28534567,1.1175162,0.19428407,35.23308,205.72878637759237,32.37065812690728,1,0.7772099284000207,True
661353224747229184,130.7177861599574,0.11271011,19.853050837979428,0.051093362,5.500195935183925,0.13695715,40.159973,-36.9001958941608,0.14392373,-13.23660720348004,0.12494276,17.857624,17.822388,18.000525,-0.17813683,-0.03523636,-0.14290047,953.78217,,,1.0210094,0.0,0.0,205.94999208218425,33.09429724040444,1,0.7367837766695834,True
661367312239935488,131.11386694327516,0.015239395,19.964002047561262,0.0071874624,3.2450088843416043,0.018025588,180.02235,-21.37973274814079,0.019098688,-10.07269017541314,0.013868028,9.193166,9.657626,8.560927,1.0966988,0.46446037,0.6322384,10177.749,12.81118,0.15432164,1.0073215,0.06543744,6.304374,205.97781174218144,33.48218698896635,3,0.9748996282959816,False
661413800965826688,130.22454175028702,0.05673773,19.99862630342147,0.03626271,5.387433072663144,0.06688515,80.547516,-36.10637059034248,0.06714801,-12.84958130736656,0.046175327,16.58389,17.97287,15.352819,2.6200504,1.388979,1.2310715,801.2637,,,1.0606885,0.17903605,1.6916713,205.59761066504697,32.708692058909655,1,0.9905132525402301,True
661422764560767360,130.47124403463775,0.020885538,20.15937977104212,0.01077955,5.445557280186121,0.024246909,224.58769,-36.843967922519376,0.024846721,-13.268686383615504,0.018477071,8.477043,8.616021,8.210652,0.4053688,0.138978,0.2663908,5858.06,30.884716,0.8352103,0.983109,0.13406117,16.550798,205.512092137479,32.98139711629884,1,0.7232279106743804,True
661491793275861504,131.959614087081,0.27340242,19.86782692706796,0.13345529,5.408823591977396,0.34961018,15.471013,-39.60272946450416,0.32868144,-12.98479052679446,0.23531677,19.06974,20.921328,17.777962,3.1433659,1.8515873,1.2917786,424.01843,,,1.041643,0.6109205,1.1513082,206.41311909551249,34.19689740520475,1,0.20901589083191005,True
661545634985563904,131.9913760848942,0.24599959,19.979882252267515,0.12858753,3.0178744322850903,0.29908434,10.09038,-21.92099564172421,0.3039524,-13.73957578404016,0.21404284,19.026762,20.395264,17.904776,2.490488,1.3685017,1.1219864,484.52844,,,1.042387,0.26176372,0.23223065,206.2979431780419,34.26307978998511,-1,0.0,False
661589924688571904,132.06471084836204,0.071119145,20.330935046242093,0.03249712,3.2309278008641296,0.08335752,38.759884,-22.471164176522613,0.09199613,-18.770985987877655,0.056867786,16.84847,18.117119,15.725509,2.3916101,1.2686481,1.122962,1437.0945,,,1.0484297,0.0,0.0,205.92579890298703,34.44635330312456,2,0.999091177836992,False
661591475172494464,132.00083133817395,0.11889304,20.40181791144525,0.057662692,5.720793133764029,0.14924788,38.330814,-39.09615646586611,0.15091448,-14.170086782002716,0.09094774,17.711466,19.527565,16.430622,3.096943,1.8160992,1.2808437,854.4504,,,0.9632773,0.0,0.0,205.82049472950516,34.413693743630766,1,0.35138812460015273,True
661740867019075200,132.865867557434,0.23834673,21.179597062637708,0.124125056,4.088715773645456,0.26927984,15.183892,-40.82582727809434,0.2764845,-19.490906047626215,0.19781394,19.18072,20.703623,17.951965,2.7516575,1.5229034,1.228754,493.8561,,,0.93946415,0.0,0.0,205.2501482420257,35.43362723307986,-1,0.0,False
662102679359467648,126.341886393099,0.22545876,17.431028954729676,0.14622591,6.501563219594587,0.24799198,26.21683,-24.953735495240885,0.27803656,0.8958858006437995,0.21330376,18.998922,19.203615,18.807661,0.39595413,0.20469284,0.19126129,493.91458,,,1.1301839,0.8929383,3.3312154,206.84911930169497,28.355402098948073,-1,0.0,False
662291142525978112,127.4307866086812,0.26756147,18.56334764000797,0.1750484,4.78110886743297,0.32109374,14.890072,-32.916528943301024,0.3030956,-11.58426910507254,0.21160515,19.247662,20.92078,17.899645,3.0211353,1.6731186,1.3480167,448.5207,,,0.9678422,0.0,1.8884962e-15,206.08061101911537,29.73498888801385,1,0.18271292037870154,True
662333950462665984,125.56406666690305,0.17902784,17.906373433614778,0.11568597,3.039611925833555,0.2227471,13.646022,-22.63290614369236,0.20562552,-5.107872007332902,0.14376958,18.619728,20.019392,17.431028,2.5883636,1.3996639,1.1886997,598.2539,,,1.0565678,0.44554174,0.98921216,206.03611639195296,27.84462694218686,-1,0.0,False
662517195244508800,126.99905512448574,0.028937506,19.041691100400104,0.019652212,3.17721495784939,0.037365824,85.02997,-23.623058505039413,0.03311893,-17.09992521222502,0.023590783,15.321709,16.108267,14.455899,1.6523676,0.78655815,0.86580944,3395.6538,,,0.98304445,0.0,0.0,205.3978075329232,29.52622257592085,2,1.0,False
662557361778605568,126.57020620562557,0.03918989,18.897726161069336,0.023635412,3.0467183079320264,0.04500539,67.69675,-40.56304307781167,0.0482401,-27.207755461379804,0.03424896,15.691038,16.609173,14.741475,1.8676977,0.9181347,0.949563,2417.6824,,,1.0804108,0.10247777,1.3915817,205.38441425073947,29.09602853355989,-1,0.0,False
662665629314342272,127.7453837618938,0.021722427,18.694704737287037,0.015165854,5.348793250933711,0.02460031,217.42787,-33.63273841096792,0.02478094,-12.500449395800253,0.018788699,14.6938305,15.702007,13.697133,2.0048742,1.0081768,0.9966974,3298.7053,38.141113,2.8772495,1.0250363,0.0,0.0,206.0635434083297,30.060423772422183,1,0.5009950493404821,True
664343896375336320,129.6625612167461,0.04798117,20.17071223326349,0.030039337,5.389064604382222,0.065759934,81.95058,-36.90729053146664,0.061630454,-13.798770311210236,0.041477118,16.040438,17.54553,14.843955,2.7015753,1.5050926,1.1964827,1108.2218,,,1.0366048,0.0,0.0,205.19147439383863,32.27184154223876,1,0.6801527152514943,True
664356502102864512,129.00654503694344,0.20318778,19.958658472326075,0.14078666,5.227387924646424,0.2362113,22.130135,-35.54341370583079,0.2369733,-13.315259584271756,0.17232908,18.5966,20.474724,17.246058,3.2286663,1.8781242,1.3505421,422.65552,,,0.8512957,0.0,0.0,205.176045976605,31.620307519282804,1,0.5500910944638167,True
664378423616009984,129.09598445668246,0.13944346,20.188294183369827,0.08629738,3.383624883702483,0.15970385,21.18687,-31.20379583703717,0.15381153,-20.35527157286462,0.10723255,17.859852,19.639872,16.562492,3.0773792,1.7800198,1.2973595,775.0759,,,1.1615143,0.5484528,3.6226053,204.95676339750008,31.77836295325697,0,1.0,False
664401960036152960,129.53351253891256,0.019486014,20.439479437882824,0.012491172,5.417010174158233,0.02210689,245.0372,-35.86693449375866,0.021771114,-13.341567676847085,0.016326936,11.515707,11.903303,10.970187,0.93311596,0.38759613,0.5455198,1734.4209,33.530373,0.6069138,0.8620905,0.109564885,13.665245,204.8438759480984,32.24984006144648,1,0.9690936836777794,True
664419556518886272,129.3684114424142,0.025785612,20.607863082559692,0.017161889,5.647790338373768,0.03848973,146.735,-36.99962982042486,0.036175236,-14.400658335728616,0.023210203,14.732194,15.797956,13.699581,2.0983753,1.0657625,1.0326128,1179.0997,28.156698,9.004394,1.0188429,0.0,0.0,204.59463980543345,32.16159660714361,1,0.4271035821373309,True
664456046560643968,130.0169211073553,0.1259772,20.65362251312129,0.085075304,4.034323274837771,0.14659694,27.519833,-30.875874284883373,0.13883975,1.46043936040317,0.10888019,18.06232,19.695055,16.851368,2.843687,1.6327343,1.2109528,704.8307,,,1.0120189,0.0,0.0,204.78669857082673,32.74826785586713,-1,0.0,False
664458791043242368,130.40639860338408,0.20487335,20.53343417963528,0.09735619,4.947981999347519,0.23964618,20.64703,-37.0185773145816,0.2715966,-14.51623504225432,0.17262489,18.563623,20.597858,17.23623,3.3616276,2.034235,1.3273926,532.5493,,,0.9630129,0.47938755,1.3247267,205.067836584425,33.051007661138584,1,0.1652927063417363,True
664495457180572288,129.76625249149083,0.041486055,20.567252478965862,0.028809285,5.649645355916186,0.0473243,119.381485,-37.705707910225485,0.047283944,-14.096796996183514,0.034434628,15.91891,17.366621,14.743078,2.6235428,1.447711,1.1758318,1358.246,,,1.0424072,0.10896521,1.115099,204.789152090224,32.49825940327809,1,0.44664125893167916,True
664585685852757888,128.39615327950492,0.20326531,20.41496070487262,0.13699482,5.7659745149396455,0.26277062,21.942997,-36.00641181922546,0.25072843,-14.023164445131604,0.1985912,18.83157,20.743908,17.503813,3.2400951,1.9123383,1.3277569,513.2538,,,1.0321075,0.56743336,1.469668,204.4426266428127,31.239800000165065,1,0.2637289574285867,True
664605270904832768,129.06453934166544,0.025850302,20.685984278866556,0.016448278,5.295501565067389,0.030427413,174.0372,-35.56771444697532,0.030077087,-14.336725509537116,0.022463968,14.813782,15.85982,13.795772,2.0640488,1.0460386,1.0180101,1869.3085,36.68148,5.164155,1.038359,0.04115624,0.4778569,204.39421196636343,31.92056579445171,1,0.5261317871541178,True
664763149606975616,129.58616378980776,0.34239078,21.440544261865547,0.21643373,5.603321511987629,0.39672694,14.123875,-37.269043114288145,0.397056,-13.302137396007392,0.2566184,19.461895,20.982435,18.054924,2.9275112,1.5205402,1.406971,285.86954,,,1.022672,0.9987,1.5975714,203.74588058540988,32.631789463542646,1,0.456598964740919,True
664795314617565440,128.90170547710326,0.30850887,21.417752495118876,0.18514279,5.72317395226885,0.38092914,15.024249,-22.503947273055875,0.37195402,-12.556798681636277,0.2448864,19.398346,21.398952,17.978424,3.4205284,2.0006065,1.4199219,396.81952,,,1.0738779,1.0854967,3.1497302,203.52151251450823,32.02308269081788,-1,0.0,False
664977863610764800,130.75758900349447,0.29345492,21.833959631305508,0.120903105,3.8301034499304616,0.33781523,11.337865,-29.35168163444058,0.3668321,-6.625052151507195,0.25751805,19.192005,20.7115,17.961561,2.749939,1.519495,1.230444,474.62747,,,1.0002924,0.3809604,0.47837955,203.7265205814963,33.78944530776853,-1,0.0,False
665240376308397440,130.298225263197,0.036331672,22.26423837094552,0.02128889,6.922368192194875,0.0418976,165.22112,-37.8694238073036,0.043306474,-19.84738546920653,0.032815006,15.608887,16.92166,14.471196,2.4504633,1.3127728,1.1376905,1988.263,12.71991,4.8631363,1.0634588,0.0,2.305305e-15,203.0726247362714,33.52454227639712,-1,0.0,False
665414477103011456,128.0039997248498,0.051464602,20.995316516813276,0.034116045,6.39506109320274,0.061614346,103.791756,-47.23139688386114,0.065026164,-22.87380410906369,0.043220453,16.532455,18.078465,15.32974,2.748725,1.5460091,1.2027159,1300.3167,,,0.9978172,0.0,0.0,203.65882516245168,31.09293032985956,-1,0.0,False
665454368759275520,128.55769933930978,0.097945794,21.397788316587867,0.056836467,5.274188767408094,0.10850173,48.60926,-35.177548362411635,0.10773899,-14.833035054239788,0.07753149,17.22469,18.894783,15.982614,2.9121695,1.6700935,1.2420759,1006.9591,,,1.0209656,0.0,2.1302972e-15,203.41810790034256,31.714439272758103,1,0.3605245592702898,True
665753985677558784,127.73091597236308,0.047214366,22.23764733553529,0.033046782,3.579715014246394,0.05602268,63.897602,-22.352884016048677,0.051326744,-3.5395368912133747,0.04015388,16.298769,17.672173,15.147318,2.5248547,1.3734035,1.1514511,1455.6805,,,1.0450796,0.12945886,1.2634054,202.19088267871643,31.267897963298154,-1,0.0,False
663806819304789760,126.06863940117022,0.029740518,20.0256172262771,0.021600315,4.149319119161104,0.033220388,124.902794,-45.7467443356799,0.03752279,1.4456565725177353,0.02831666,15.37986,16.437754,14.3625965,2.0751572,1.0578938,1.0172634,2672.94,57.011208,7.4878345,0.99417806,0.0,2.3684759e-15,203.98574945824512,29.05677375052599,-1,0.0,False
663845370931179776,126.45929487564284,0.056161243,20.47668701972919,0.03397811,6.972522827767186,0.06256148,111.45073,-48.87153996503158,0.056283433,-7.153583872678301,0.04155414,16.438133,17.864601,15.265249,2.599352,1.4264679,1.172884,1635.9475,,,1.0125756,0.04719363,0.13548885,203.64845002587012,29.55805269030707,-1,0.0,False
663904366601815936,127.79414244091308,0.16102053,20.664153337038588,0.105781175,5.2543911878276965,0.18519937,28.37154,-43.10600552442069,0.20154895,-22.579754043966886,0.14764804,18.024424,19.724976,16.712675,3.0123005,1.700552,1.3117485,482.2058,,,1.3576485,0.87409776,8.34729,203.943919308704,30.795688782605687,-1,0.0,False
663935221646759936,126.80904263653676,0.01604342,20.603879675137485,0.01129883,3.465206037371811,0.018163856,190.7748,-24.03061757031537,0.019141931,-15.41265517599301,0.014948694,14.004654,14.545428,13.312407,1.2330217,0.54077435,0.6922474,7282.8135,3.379376,4.419682,0.9955846,0.0,0.0,203.64184871466475,29.90934978265871,2,0.9784728891150307,False
664286721770683136,129.2249982586144,0.1112219,19.61709398896867,0.07620223,5.290579613479198,0.13020399,40.633007,-35.08305308161472,0.12938012,-12.884344225343682,0.09571756,17.808378,19.669018,16.554375,3.114643,1.8606396,1.2540035,629.8066,,,1.0528198,0.14730613,0.26810715,205.6362262363374,31.694367986253695,1,0.7369832271792204,True
664323761568567808,129.76321151779035,0.017090539,20.043708651885183,0.011489938,5.4848048185130285,0.020201894,271.49954,-37.82341664523154,0.02096224,-13.865086278104506,0.015227461,13.826769,14.640915,12.944175,1.6967402,0.81414604,0.8825941,2693.3608,29.333199,2.726847,0.9864926,0.0,0.0,205.37095863955545,32.31705259268066,1,0.5033591749018218,True
664337230586013312,129.60108095426492,0.019089727,20.10600563197072,0.010958262,5.472286865707612,0.024388064,224.38382,-35.967268922046955,0.023531126,-12.986401069755562,0.016022397,10.410198,10.698692,9.959279,0.73941326,0.2884941,0.45091915,2374.008,34.952488,0.4234559,0.9493312,0.0937462,9.552491,205.23993016083932,32.19542995827105,1,0.8661553123420005,True
664337539824225152,129.58943383195438,0.13741381,20.137320594020565,0.088244386,5.283363253757894,0.18198055,29.032572,-35.40564844222821,0.18825631,-13.53304514636266,0.12083582,17.825201,19.754686,16.491688,3.2629986,1.9294853,1.3335133,608.68427,,,1.055577,0.6226869,5.037032,205.20073732690904,32.195904713067804,1,0.6671343917116493,True
664344274332354304,129.7297009507837,0.05386341,20.219066385883742,0.03559056,5.43835253982659,0.0668802,81.31484,-35.95112056005321,0.069632486,-13.899940300948389,0.0505156,16.290472,17.811354,15.08303,2.728324,1.5208817,1.2074423,829.84656,,,1.048075,0.11356996,0.852672,205.16323277935965,32.34759731512442,1,0.8736596260636577,True
664431548067327616,130.2959323643043,0.030209465,20.377293386740213,0.016512927,5.465526956686332,0.033835858,161.53061,-36.79068500031293,0.034319405,-14.612944441011331,0.023927156,15.14509,16.306036,14.079112,2.226924,1.1609459,1.065978,2231.1143,39.476944,4.5396585,0.99878806,0.0,2.2828866e-15,205.20128303117193,32.90080788539119,1,0.4927197362289484,True
664439416447387392,129.92496999239404,0.068335354,20.29580793884668,0.04927773,5.443863854492569,0.08112466,67.10491,-36.19109964511355,0.0852258,-12.027594423384492,0.056032643,17.05475,18.80169,15.793821,3.0078678,1.7469387,1.2609291,625.86945,,,0.97730345,0.0,0.0,205.1518494933451,32.54598052751985,1,0.8179717636267652,True
664446666352164224,129.9691682456779,0.04868359,20.51282610053763,0.029539362,5.337602022746881,0.054058656,98.73723,-34.41355563307133,0.056304023,-13.019234255629518,0.03628803,16.221762,17.688095,15.023167,2.6649284,1.4663334,1.198595,1300.8374,,,1.0025036,0.055789985,0.21876332,204.92624769943703,32.6586414430259,1,0.7316610350425071,True
664625714949149312,129.0133329170535,0.12003786,20.83764223374676,0.0714055,5.440619272720647,0.13504425,40.28768,-36.473953574648064,0.15136617,-14.37021117245768,0.11012234,17.782738,19.649185,16.506819,3.1423664,1.8664474,1.275919,821.0615,,,1.056804,0.32616436,1.5545138,204.2069799447411,31.92682411755724,1,0.613156675798328,True
664729030385386496,129.20814860442846,0.058472343,21.1675258869576,0.03748805,4.16126727375636,0.072049394,57.755756,-26.846727271825067,0.06834813,-6.22512277415533,0.049682993,16.575405,17.788044,15.48067,2.307374,1.2126389,1.0947351,1823.6985,,,1.011132,0.0,0.0,203.912387827871,32.20892243343816,-1,0.0,False
664745596076719744,129.7680334761264,0.25650373,21.289686336807083,0.15349704,3.063641510177562,0.28721714,10.666639,-23.716943305378575,0.28429225,-16.183955373864396,0.18940775,18.95398,20.396149,17.684772,2.7113762,1.4421692,1.269207,409.73706,,,1.0345833,0.8093884,2.20299,203.98159654497633,32.74173196998814,2,1.0,False
664756316314655488,129.52981658666823,0.11029211,21.27687642858343,0.07528911,3.178383887513951,0.12800774,24.829622,-38.40527078412117,0.13595693,-19.10904775977984,0.090355836,17.823606,19.279581,16.641825,2.6377563,1.4559746,1.1817818,788.26636,,,1.0038224,0.0,0.0,203.9085320415755,32.52807609232276,-1,0.0,False
664774664414906112,128.9908528166742,0.105839595,21.112954640306032,0.068765655,3.794500579197317,0.13848078,27.400919,-24.41232878346787,0.13640212,-18.055076650750976,0.09306229,17.622244,19.102333,16.426348,2.6759853,1.4800892,1.1958961,1120.118,,,1.1488477,0.41647702,3.4027827,203.89305707852287,31.999671934760432,2,1.0,False
664847434044059264,130.84338298934512,0.19074741,20.90695950720662,0.07688585,5.587746953558643,0.21045059,26.551348,-37.496148870166834,0.24295205,-14.313829898473593,0.14889415,18.561201,20.477896,17.239351,3.2385445,1.9166946,1.3218498,648.8985,,,1.0267916,0.6774208,3.742718,204.81041617527217,33.56119217832807,1,0.5747659457657294,True
664871073544137216,130.8457378058355,0.15588753,21.152135767937235,0.0648488,3.2044493179708495,0.1688241,18.980993,-30.975453878012186,0.17532979,-21.9359077901082,0.12784667,18.471807,20.10684,17.231194,2.8756466,1.6350327,1.2406139,819.9204,,,1.0114956,0.0,0.0,204.53352403353784,33.64443796312812,0,0.9437644349505816,False
664898256393208704,130.9022593231363,0.07179814,21.31932159109788,0.02716395,5.463365582143238,0.07863379,69.4786,-36.42640933649699,0.08312019,-14.365098968126738,0.055939015,16.852322,18.484543,15.629796,2.8547468,1.6322212,1.2225256,1632.64,,,0.99214363,0.0,0.0,204.3645778429958,33.74917269196003,1,0.5915191173515295,True
664946836767421696,130.35826333736222,0.12209083,21.573630327254147,0.06729294,5.523338835969446,0.13412079,41.181824,-37.367741826278305,0.15107863,-14.410275599634858,0.10592825,18.079517,19.95267,16.774061,3.178608,1.8731518,1.3054562,590.0547,,,0.9660225,0.0,0.0,203.8773637439604,33.35398163326124,1,0.5073145832180339,True
664950100944568192,130.82283488804683,0.24856934,21.451777989646533,0.16701825,5.372215223470698,0.3117904,17.230213,-37.61060749304686,0.30833942,-14.727470558258274,0.19929938,18.893488,20.432898,17.522932,2.9099655,1.5394096,1.3705559,334.44604,,,1.0883735,0.9156608,2.8525252,204.18496442954063,33.72264939152861,1,0.33892352726593017,True
665027582152120576,131.7784087478451,0.11397176,21.918207866176985,0.059633978,3.741624256468053,0.13349281,28.028656,-28.99751389171652,0.14351614,-20.68152153702581,0.11294404,17.808418,18.981316,16.636501,2.3448143,1.1728973,1.171917,879.58264,,,0.935048,0.0,0.0,203.99795735746576,34.71365256437434,-1,0.0,False
665194059381072000,130.42307268931935,0.07023665,22.25975147509836,0.036161706,3.5631797504459755,0.079036824,45.082527,-21.732570788066425,0.08292795,-17.026573887611974,0.063868396,16.970493,18.3622,15.81675,2.5454502,1.3917065,1.1537437,1237.0706,,,0.9860417,0.0,0.0,203.12205714984188,33.63258798715329,-1,0.0,False
665219932263973760,129.5514487059371,0.026874807,22.025693611952327,0.016866757,3.3765902563348313,0.03286364,102.745476,-43.62042212259074,0.031999893,0.4643337856643587,0.024082925,15.004955,15.751228,14.091939,1.6592894,0.74627304,0.9130163,3278.7183,46.945827,7.347029,1.098876,0.07952132,1.7038631,203.07620325493164,32.792882167444155,-1,0.0,False
665353591646275072,130.59134223866158,0.031245738,22.7644283724962,0.012877056,3.9094350574571854,0.036819283,106.179016,-24.900191204658412,0.03402393,-15.293418313882167,0.025807628,15.132427,16.049295,14.180983,1.8683128,0.9168682,0.9514446,3926.1655,19.938223,3.93974,1.0150847,0.0,0.0,202.60527010318552,33.93980756910351,-1,0.0,False
665508828944403712,127.54238386576158,0.0685272,21.530758033701353,0.04054013,3.0639647055818475,0.07417506,41.30721,-27.111125750136765,0.08817176,-27.15402639733748,0.056650806,16.864994,18.127686,15.752596,2.3750896,1.2626915,1.1123981,1274.26,,,0.9894543,0.0,0.0,202.9017007072913,30.86839926741234,-1,0.0,False
665650425426585344,128.24180741726033,0.0685344,22.205575842197582,0.03730942,4.538442981267536,0.07623153,59.53498,-35.20369504088769,0.072772525,-15.33499133461711,0.05595151,16.47397,17.855555,15.316117,2.5394373,1.3815842,1.1578531,1463.4865,,,1.0464435,0.13422969,1.1154737,202.40799598540275,31.704278180839832,-1,0.0,False
665667639655539968,128.726660686703,0.02342834,22.34730434865468,0.016033852,3.6018805731048427,0.026110264,137.94884,-42.08173454592702,0.025632793,-24.229673545911417,0.019539982,14.919178,15.809108,13.988149,1.8209591,0.8899298,0.9310293,2833.1643,70.23982,4.9548564,1.0489864,0.03980012,0.47078776,202.42205045283092,32.1746462173667,-1,0.0,False
665765496189896192,126.93018476795343,0.11739984,21.90413062225752,0.071909025,3.064256821637266,0.1368261,22.395266,-30.011623559160228,0.13090461,-13.904972087749565,0.09123159,17.840624,19.36152,16.63445,2.7270699,1.5208969,1.206173,892.2195,,,1.0346923,0.23524027,0.7711777,202.27149027100683,30.457289915509225,-1,0.0,False
657651267879613568,129.26815109504793,0.14536335,15.377605474670254,0.102560766,3.4097529758161342,0.16738202,20.371082,-28.778037741720752,0.1659099,-22.595465297828216,0.120671205,18.322376,19.859285,17.100471,2.7588139,1.5369091,1.2219048,564.4313,,,0.971239,0.0,0.0,210.24956321751253,30.17127986200266,0,1.0,False
657785717535594112,130.22664597229743,0.23050627,16.016836764204793,0.1262929,4.86108011332597,0.25439,19.10877,-35.72742295636951,0.26783872,-10.031963363322454,0.19942291,18.92515,21.06775,17.509844,3.557907,2.142601,1.4153061,477.16,,,0.9953627,0.8137641,2.3498151,209.97508219570864,31.268727805758385,1,0.15861170917071446,True
666346003969501056,128.16938222733873,0.031148626,23.359734618327117,0.019513078,3.1943810429897734,0.035449386,90.11104,-25.9973261750496,0.035346586,-10.85383632660788,0.025203014,15.484427,16.353024,14.564849,1.7881746,0.8685961,0.91957855,2727.4849,,,1.0449885,0.0023468928,0.00086375576,201.09590388898332,32.011840243011406,3,0.9612173549195567,False
666476330457421696,129.1671464292369,0.019836703,23.967218687373364,0.013367098,6.252087066468243,0.023320252,268.0969,-46.27264713246427,0.022526577,-0.4460864874802973,0.017081982,14.290088,15.259449,13.314083,1.9453659,0.9693613,0.9760046,3387.9102,5.7382526,2.418617,1.1558654,0.062079452,1.6204783,200.74804931157075,33.069287075322904,-1,0.0,False
666522269427597696,129.19459344285286,0.08262302,24.369394314520637,0.057593293,4.219468405797542,0.09278962,45.473495,-38.77252705698259,0.09711719,-7.054811087084297,0.0761797,17.316895,18.709564,16.17032,2.5392437,1.3926697,1.146574,1098.6649,,,1.0242661,0.1279614,0.400741,200.29953579761175,33.215359080151124,-1,0.0,False
676165050826399232,125.56486229016564,0.24327911,21.440963999077937,0.17141795,3.3886975527750605,0.307293,11.027577,-23.024589058843155,0.29981768,-13.085709214748734,0.20110671,18.869215,20.363277,17.600063,2.763214,1.4940624,1.2691517,410.0201,,,1.1353945,0.9262426,3.329183,202.27979347865588,29.10661597378807,3,1.0,False
677850228490936832,126.61871067732274,0.29504272,22.670319782468617,0.22947665,5.000540990439443,0.35759267,13.983903,-44.74018551655024,0.34878922,-11.782662171217636,0.29262125,18.959522,,,,,,286.8415,,,0.95093524,0.72892445,1.4954844,201.32217928112453,30.43868447745066,-1,0.0,False
677948669146649472,127.50315814002217,0.06951417,23.08199034137866,0.048569214,3.8890764485850378,0.082275756,47.268803,-48.11681730104551,0.087152,-10.934787586189884,0.064296536,16.381258,17.861536,15.148876,2.7126598,1.480278,1.2323818,735.9341,,,1.3619398,0.3319836,6.4843135,201.17630810938627,31.343025073847077,-1,0.0,False
678002403475548032,127.6166716619384,0.16114308,23.59903427579621,0.11762489,3.507710687804713,0.19164965,18.302725,-32.74652095719796,0.19561385,-22.808965344962935,0.14495169,18.557579,20.280445,17.274477,3.005968,1.722866,1.283102,529.698,,,1.0213734,0.259071,0.36841223,200.64043861463205,31.606319602260506,0,0.9639580325465594,False
678030960719903744,126.89387492579138,0.014401715,23.418441795109985,0.009492133,5.728040991271468,0.017431548,328.60196,-32.77661497231389,0.01691229,-22.106997407007185,0.012147901,11.514801,11.934029,10.934293,0.99973583,0.4192276,0.58050823,5583.9575,26.02602,0.44353494,0.78250086,0.0743888,7.6786,200.59448363092815,30.920478258212317,-1,0.0,False
678036316536995584,126.90311948855052,0.24339357,23.54852456764091,0.17422864,3.9686592257296662,0.32041728,12.385908,-23.589941698050048,0.3147602,-15.849377851322275,0.21081913,19.015812,20.773994,17.721914,3.0520802,1.7581825,1.2938976,405.09177,,,1.0338569,0.6522212,1.2217723,200.4539005426136,30.970033588510063,-1,0.0,False
666112804426042624,130.15550711803564,0.038973328,22.764397274864823,0.02491942,3.8772087266158657,0.044650234,86.83513,-42.43878847787866,0.04814629,1.576786253447272,0.033800967,16.007685,17.20893,14.9147415,2.2941875,1.2012444,1.0929432,2092.7358,,,1.0055258,0.0,0.0,202.45336783260456,33.55828544944233,-1,0.0,False
666394176323157504,129.3752234609721,0.049503632,23.467368549284856,0.03380593,3.013137448062285,0.057146102,52.72691,-23.969996747359037,0.058301304,-27.472248948963383,0.042660996,16.633558,17.86339,15.527743,2.3356466,1.2298317,1.1058149,1775.6879,,,1.0093894,0.0,0.0,201.38564747680385,33.096458902740245,-1,0.0,False
676154983423087488,125.63636114857646,0.1432528,21.474062440800186,0.10295766,3.7376365941392287,0.18106687,20.6423,-23.40048941048991,0.17470734,-8.726716310919747,0.12201932,18.280973,19.736135,17.112196,2.6239395,1.455162,1.1687775,607.114,,,0.9354151,0.0,0.0,202.2702206834032,29.180464469608932,3,0.9135811377018661,False
658032802709988480,129.04106328849164,0.014132923,16.343660622721828,0.009895004,3.497175481397631,0.015802346,221.30736,-29.9027386115188,0.016522003,-7.529416823433417,0.012113439,13.04256,13.492584,12.434663,1.0579214,0.4500246,0.6078968,2508.2505,29.360804,1.5316067,1.0225382,0.03979618,1.5023551,209.11959908608603,30.339550956394017,-1,0.0,False
658033215026842368,129.13551010002388,0.022692109,16.38394818419029,0.015584711,5.169823498034019,0.026159182,197.62941,-34.164542753259354,0.02747591,-10.130818590279697,0.020219767,14.607421,15.602888,13.617423,1.985465,0.9954672,0.98999786,2322.938,27.934772,5.636338,0.9934168,0.0,0.0,209.1161611765814,30.43867942525309,1,0.20802070993156271,True
658053109315291520,128.99438026961306,0.014322031,16.61201235083548,0.010312294,6.301521849743061,0.016564347,380.42682,-25.0362656425392,0.017584763,-15.171587850953614,0.013154564,13.469817,14.228815,12.622152,1.6066628,0.7589979,0.84766483,1495.4713,21.90553,2.6244228,1.0052391,0.0,0.0,208.81201830618085,30.399489044001644,-1,0.0,False
658226076238065280,130.67565228337304,0.08689279,16.78801145930183,0.04024367,5.8364398304868175,0.0985432,59.227222,-22.84595186958027,0.10469763,-17.650523037783156,0.08098618,17.460052,19.150097,16.21338,2.936716,1.6900444,1.2466717,1217.9031,,,1.0429327,0.19571047,1.069512,209.3269743659507,31.95837906332838,-1,0.0,False
658433952655446656,130.52856682432972,0.06038077,17.079260501290445,0.026426472,4.84029711902497,0.06806088,71.117165,-22.353379200738495,0.0708571,-8.70670378051098,0.049415972,16.650574,18.108776,15.466482,2.642294,1.4582024,1.1840916,1573.7897,,,1.002243,0.0,0.0,208.94668709766628,31.936069381809045,-1,0.0,False
658465872852222720,129.53203640460978,0.015376792,17.050619527954243,0.00979675,5.297077109399424,0.017852124,296.71973,-35.098109179842766,0.018535623,-10.598694192737966,0.012516488,9.672174,9.888561,9.305388,0.5831728,0.2163868,0.366786,5384.8047,35.383797,0.48958835,1.0325636,0.088647515,10.581904,208.56303280587707,31.04089166666018,1,0.29305721843111576,True
658506344327926784,130.0001045151077,0.13927478,17.36832326139186,0.08938855,5.434850535225471,0.17734301,30.64598,-35.21706751066563,0.17624179,-11.771326415569678,0.12523694,18.186707,20.073046,16.882845,3.1902008,1.8863392,1.3038616,658.8998,,,0.95526594,0.0,0.0,208.41141763421,31.57386860155377,1,0.5131077306998119,True
658531465592884096,130.73107055184437,0.015894478,17.282801147110817,0.0073368964,4.540174061576838,0.018368918,247.1661,-43.97252115963762,0.019510817,-9.93934963460909,0.014839998,13.674876,14.302037,12.918473,1.383564,0.627161,0.75640297,7286.3823,10.936127,1.7537075,0.9456473,0.0,0.0,208.80786316396592,32.19105445543805,-1,0.0,False
658722157845449600,127.58667235405348,0.31469274,16.05887533155398,0.24867655,5.732329945696203,0.42280418,13.557884,-24.34866490122569,0.418507,-21.95397287776921,0.30866593,19.575108,21.131525,18.222326,2.9091988,1.5564175,1.3527813,278.26175,,,0.99588984,0.5206465,0.36705625,208.81031070083947,28.939758826494515,-1,0.0,False
658905918022239872,128.60927583711987,0.1306175,17.212227844971288,0.0834914,4.683763018572312,0.14022747,33.401184,-31.821489636852824,0.15946375,-9.57862142809323,0.10510911,17.70226,19.262766,16.456282,2.8064842,1.5605068,1.2459774,830.1778,,,0.96033204,0.0,0.0,208.0073088400414,30.282462610277086,1,0.1636252349170801,True
659035209421409536,126.79251709817818,0.23763265,17.08963808555286,0.14839607,3.4268090525491774,0.24723545,13.860509,-23.385440346802476,0.30303985,-9.137906117344803,0.17410818,19.008444,20.734118,17.797098,2.9370193,1.7256737,1.2113457,511.48877,,,1.0120646,0.0,0.0,207.3927043491754,28.62649337968766,3,0.9748996282959816,False
659070496872149504,127.15797544770732,0.11162258,17.417092640873264,0.074177325,3.212608456179902,0.13479522,23.833254,-30.192953078108893,0.14066182,-18.122797339478826,0.094600186,17.793377,19.195858,16.654726,2.541132,1.4024811,1.1386509,752.9065,,,0.9362592,0.0,0.0,207.1950245034381,29.072651880056075,-1,0.0,False
659163959657317632,127.54725806995287,0.05702221,17.533051273507905,0.040819366,5.1077605100733745,0.06618123,77.17839,-23.3828264568516,0.06797191,-15.25611638593202,0.049843688,16.6124,17.950752,15.474425,2.476327,1.3383522,1.1379747,1434.7582,,,1.1399374,0.20933424,2.2602375,207.22977219440205,29.46047050153787,-1,0.0,False
659324694514337408,129.24591713309653,0.26462227,17.701722878446567,0.1623821,5.4241158431787415,0.30348834,17.872568,-35.962926563523396,0.3036494,-12.178949708967323,0.19372638,18.803436,21.027563,17.465557,3.562006,2.2241268,1.3378792,378.8895,,,1.1170764,1.0661876,3.7044592,207.7391867575391,31.027606626767746,1,0.9727069148195103,True
659380666527013248,129.87754806315132,0.08920603,17.980846147500447,0.055730343,5.529468941959801,0.11462227,48.240788,-36.4119565856295,0.11416575,-11.801286009456978,0.07322734,17.454725,19.161097,16.20828,2.952816,1.7063713,1.2464447,953.68463,,,0.9853249,0.0,2.297759e-15,207.6917090904578,31.689250444782584,1,0.5621127358393181,True
659427464490677632,129.71168174122158,0.064479716,18.01451954625679,0.040792957,5.4310028434573585,0.10708044,50.71891,-35.14650630513003,0.094158284,-11.100221637744957,0.0606964,16.717667,18.264341,15.511004,2.753337,1.5466747,1.2066622,1320.0255,,,0.9917762,0.0,0.0,207.58761306183547,31.554484289948626,1,0.40977163187945637,True
659464122035016320,130.1421823680754,0.10003082,18.35912430622045,0.061344046,5.569575846986292,0.117995866,47.20145,-36.4599033677458,0.11006597,-11.514551466731458,0.082708694,17.497032,19.252064,16.239779,3.0122852,1.7550316,1.2572536,793.1476,,,0.981427,0.0,0.0,207.38320304798287,32.0603029505581,1,0.4362594138302233,True
659621287774882176,128.5749888452626,0.10972999,18.47091474919526,0.07138602,5.5117917308120745,0.13379736,41.19507,-34.401972386904795,0.13795502,-11.809532263354438,0.09290593,17.622555,19.432362,16.341717,3.0906448,1.8098068,1.280838,772.0608,,,1.1123836,0.43635064,2.972789,206.6341828214943,30.713206785901097,1,0.36608506237770144,True
659633240668056448,128.61392174009382,0.22500998,18.697215829926837,0.14863542,5.498033528995086,0.26264212,20.933556,-33.2506737716161,0.25021225,-12.54213603036506,0.1820144,18.668274,20.848814,17.364237,3.4845772,2.18054,1.3040371,474.52106,,,1.0826675,0.7522496,2.3996527,206.40387800892273,30.829037466730135,1,0.3029138970812843,True
659656094190005376,129.2237661392581,0.016953226,18.4958004661356,0.009742631,5.366900495937691,0.019191096,279.65576,-34.85849380458625,0.018652488,-11.688181190503805,0.014320845,13.473628,14.187152,12.656209,1.5309429,0.71352386,0.81741905,3463.6318,36.314034,1.802727,0.9841724,0.0,1.2230757e-15,206.865561704932,31.296212534189166,1,0.5810603176389044,True
659669597567160704,129.37237976557773,0.063740574,18.69313019648488,0.04644074,5.857908385808072,0.090097085,65.01773,-34.6662382749097,0.08779957,-16.477626516281767,0.05857134,16.809513,18.338148,15.610817,2.7273312,1.528635,1.1986961,1141.9955,,,1.0172384,0.02137939,0.01698816,206.708853533701,31.498418090814543,-1,0.0,False
659703957305493632,129.56882481756284,0.04837329,18.991251981745528,0.029767334,5.440779202172322,0.056491964,96.31068,-36.31337354158978,0.05823222,-12.727411466786512,0.03786299,16.147707,17.526947,14.980773,2.546174,1.37924,1.166934,1634.5004,,,1.0032848,0.06350059,0.31118214,206.4592485114435,31.77820835843324,1,0.8161888189980656,True
659732132290823296,128.8909567133851,0.022118043,18.929803609701793,0.014338326,5.471796254439533,0.025278151,216.46347,-35.83432764822964,0.026576959,-13.141516460943269,0.018849654,14.503793,15.48391,13.525738,1.9581718,0.98011684,0.978055,2400.6226,36.252956,3.9391534,1.0055947,0.0,0.0,206.25976244836332,31.157064097051546,1,0.887861164616952,True
659777074828577024,129.3506587768489,0.02670542,19.416948441605463,0.016349742,5.387155915718241,0.031628236,170.32742,-35.02834383270567,0.03243121,-13.38091942856444,0.020965157,14.954064,16.200684,13.85115,2.349534,1.2466192,1.1029148,2319.7307,40.437332,4.4581137,1.024922,0.0,0.0,205.90533686224757,31.735348758452396,1,0.6590982814954474,True
659839570896589440,132.57997151377725,0.18104388,17.64534800559949,0.09791862,3.0144743486560497,0.20809302,14.486187,-33.38332338569878,0.22811332,-26.71890400883598,0.1562557,18.511456,20.07424,17.25809,2.8161507,1.5627842,1.2533665,664.7963,,,1.146797,0.75736886,4.0125494,209.174557743892,33.96519186123041,-1,0.0,False
659887915048535680,132.13308960466776,0.074995935,17.728247525605997,0.041453104,5.8498545428354,0.088542715,66.06816,-39.27353674756707,0.091531955,-11.700256680588012,0.07032457,17.323612,19.10055,16.058187,3.0423622,1.7769375,1.2654247,952.27765,,,0.94479436,0.0,0.0,208.8959115055577,33.59844338584085,1,0.16706529926750388,True
660341296092062464,133.65760624170818,0.09953119,18.307863455899614,0.04739328,3.5104595186412557,0.113800034,30.847614,-45.02318006686454,0.12445891,1.6401423464190958,0.094262004,17.715908,19.058308,16.602148,2.4561596,1.3423996,1.11376,1132.6421,,,1.0060242,0.0,1.7459317e-15,208.86986141774497,35.15960981034873,-1,0.0,False
660369672940106880,133.74853598072278,0.12290602,18.685919479821607,0.06584985,6.241031293734431,0.14341588,43.517017,-22.371084969922425,0.14730765,-25.891087521633576,0.11144995,18.09227,20.0159,16.78099,3.234909,1.9236298,1.3112793,825.2837,,,1.0112255,0.26009932,0.8023738,208.4737282889259,35.37351186955458,-1,0.0,False
660424854679676544,133.3895222630762,0.25715542,18.858358341874595,0.14518175,7.3434464544592,0.29528797,24.868763,-26.02746424304687,0.3191318,-23.806407117410497,0.23743248,18.901377,21.077784,17.527533,3.550251,2.1764069,1.3738441,499.68457,,,1.0609918,1.1024008,4.141534,208.13042336063648,35.11531121762114,-1,0.0,False
660587930293967488,134.27486914855794,0.017275972,19.55846616333969,0.008863923,3.6665284591630103,0.019398646,189.0095,-26.50463933794185,0.022157477,-13.508115514593191,0.017076027,9.999559,10.179502,9.675177,0.5043249,0.17994213,0.32438278,3902.6868,38.208553,6.1881447,1.0480613,0.12429425,24.727287,207.6759398559824,36.14131127466145,-1,0.0,False
660939258619177984,131.1503961770395,0.0154930195,18.59914312674782,0.008133137,5.392759382830336,0.017573416,306.8703,-37.08697697291066,0.01849,-11.910307370485064,0.013991484,13.73054,14.708179,12.749116,1.9590635,0.9776392,0.98142433,1797.6818,37.54942,2.9476027,1.0945345,0.0,0.0,207.52226770495056,33.03920009212094,1,0.5830926428710044,True
660950872210722176,131.32737945963922,0.10406664,18.83794455182327,0.047972187,3.422055390671154,0.12818076,26.697107,-22.13195037235033,0.13567741,-7.952521295944726,0.09384951,17.457714,18.890121,16.2765,2.6136208,1.4324074,1.1812134,1052.9323,,,1.0224586,0.0,0.0,207.3262755109881,33.280452792490514,3,0.9748996282959816,False
661048694385684224,131.38389678093074,0.06201033,18.96443731632969,0.029675603,5.329202886331689,0.07782497,68.47677,-35.64926266990859,0.07888709,-11.296256968626125,0.056136284,16.667854,18.188894,15.462099,2.7267952,1.52104,1.2057552,1381.3215,,,1.0387502,0.09438389,0.5136849,207.2070623002013,33.374992588548444,1,0.6103836592452997,True
661075490685321344,131.46982285923949,0.033724632,19.316787054665223,0.016391851,5.490627627712347,0.04002292,137.18707,-37.73428307753316,0.04253378,-12.44497177465377,0.028101968,15.569469,16.831625,14.453742,2.377883,1.2621555,1.1157274,2313.3333,39.370106,3.7669334,1.0246956,0.0,0.0,206.8452067175824,33.57407994340589,1,0.5907069483409072,True
661120162641349248,130.99678938789873,0.037789322,19.31607394811703,0.016731111,5.284605663217327,0.042586718,124.09046,-35.773674154065446,0.04518092,-12.229563480351654,0.036685713,15.741193,17.076275,14.603984,2.472291,1.335082,1.1372089,2108.0234,,,1.0257549,0.060530774,0.576069,206.6601508049795,33.155283999844485,1,0.5645383367780635,True
661136964553408896,130.89773015800122,0.10398164,19.45649074247124,0.04829425,5.344358666768182,0.12388756,43.138783,-37.90622929512227,0.14612411,-12.659795811761851,0.13412568,17.637907,19.4422,16.367481,3.0747185,1.8042927,1.2704258,1069.7955,,,1.0341936,0.2913256,1.8087871,206.4641338695484,33.11647038800984,1,0.460763273114246,True
661200663212002304,130.2922016821388,0.1406853,19.203615501145784,0.077258185,5.359749991683915,0.16510628,32.462425,-35.19864645731609,0.18432908,-13.148902349191625,0.119484484,18.174297,20.116535,16.83952,3.2770157,1.9422379,1.3347778,714.63135,,,0.9770483,0.0,0.0,206.5089789798463,32.49276022147501,1,0.8277241899230585,True
661210666194127360,129.90162381431023,0.020357126,19.26044026096515,0.012129634,5.50948022293066,0.023205927,237.41695,-36.86105350666199,0.023902163,-13.397620079831032,0.016953671,13.782584,14.590558,12.90402,1.6865377,0.80797386,0.8785639,4985.396,34.885155,2.5639853,1.0240803,0.0,0.0,206.2929268814244,32.16733711834528,1,0.7254677707059415,True
661235989321322240,130.6694946565619,0.015064118,19.543126999759377,0.0069687613,5.371009788531992,0.017759532,302.4297,-36.97853741818896,0.017986432,-12.384207127000709,0.013938759,9.671502,9.891746,9.299872,0.59187317,0.22024345,0.37162971,7690.032,35.231995,0.49171272,0.85943,0.06624984,6.7930245,206.278224941939,32.94471479237674,1,0.6962845589290791,True
661244338738048768,130.27085428351722,0.16343579,19.52245215143116,0.08983862,5.352831570763834,0.1749656,30.593622,-36.6379929631344,0.2006002,-11.188193354576397,0.14179063,17.776344,17.383213,15.490857,1.8923559,-0.39313126,2.2854872,235.2649,,,1.1244205,0.75261414,6.3546805,206.14622762434132,32.58519170381542,1,0.4872747592170952,True
661257154920147072,129.73009583155988,0.02882562,19.283768956561136,0.017951855,5.414773515906149,0.034354165,157.61621,-35.58399991300074,0.03199026,-13.008165713174202,0.023415847,15.061287,16.209711,13.99735,2.2123613,1.1484241,1.0639372,1817.2384,32.186573,8.69615,0.98366714,0.0,0.0,206.20007300932463,32.02390345322954,1,0.907348072722471,True
661387992505550080,131.1696335575523,0.015678018,20.19357958481129,0.0076568085,5.398152166530629,0.017840577,302.5772,-36.678919801382555,0.018986976,-14.19321033114171,0.013069281,13.825085,14.637336,12.944854,1.692482,0.8122511,0.8802309,5112.609,32.10569,1.5253373,0.9763512,0.0,0.0,205.7401570376689,33.6095322425039,1,0.614060654319552,True
661527600419858816,132.3500507674959,0.095565595,20.23507025551395,0.057456136,5.179659500640886,0.1154983,44.8462,-38.21658239989623,0.11764329,-13.098683633486846,0.090683356,17.520906,19.387384,16.217718,3.1696663,1.866478,1.3031883,898.9386,,,1.0438473,0.49431005,5.6787624,206.14455262398752,34.6662796254696,1,0.2299605634745092,True
661547357268446080,131.9778476279914,0.02980032,20.061900697962756,0.015789682,6.621113762107865,0.034275595,193.17284,-40.18480972975777,0.03612928,-4.905923351350342,0.025260607,15.392797,16.63307,14.289365,2.3437052,1.2402725,1.1034327,2381.648,69.32261,6.408858,1.0011008,0.0,1.9636233e-15,206.1993555012261,34.2789238268745,-1,0.0,False
661573603812920192,132.20126142060423,0.28943288,20.229427129025016,0.15293589,5.704872416273466,0.32000563,17.827414,-37.73532884023094,0.35601518,-12.476658174761264,0.24706402,19.25612,21.086176,17.870337,3.2158394,1.8300552,1.3857841,419.00604,,,1.0329449,1.1991472,3.9172988,206.09399995586924,34.53289703531957,1,0.3459434647355976,True
661749525673249280,131.49714609125758,0.22207049,20.21934670183959,0.111152604,5.3140722472361634,0.27116677,19.597063,-36.509622413691595,0.28006476,-12.952683034186546,0.24305083,18.7321,20.472939,17.384678,3.0882607,1.740839,1.3474216,516.23737,,,0.9516759,0.63138705,2.047658,205.83610510504533,33.90747196486577,1,0.5967281132291333,True
661841163095377024,130.84147048305084,0.14000061,20.725004310124714,0.057953842,5.625678134370682,0.15210538,36.9854,-37.315134620853435,0.17145775,-14.423311503695103,0.10827592,18.308512,18.29721,18.36755,-0.0703392,-0.011301041,-0.059038162,840.60626,,,0.97237206,0.0,0.0,205.01549935983076,33.498864477815125,1,0.4785051336551725,True
661844839587404416,131.13232700962746,0.1315266,20.796710794398447,0.055308912,3.3627381911295235,0.14278004,23.55188,-24.45064962838581,0.13808599,-26.489201711317776,0.09649113,17.923994,19.393805,16.76333,2.630474,1.4698105,1.1606636,901.1764,,,0.9956268,0.0,0.0,205.0432456511976,33.77917896293614,-1,0.0,False
661855735921357824,131.5573753171584,0.02411747,20.85684406626766,0.0121716615,5.7183813133751915,0.029033717,196.95657,-39.42680071026804,0.028240507,-13.847858656683291,0.020779854,13.592054,14.367519,12.725074,1.6424456,0.775465,0.86698055,4782.784,33.072735,1.4646229,1.1483116,0.1504834,18.642008,205.13386935015245,34.17388906015121,1,0.340011955615997,True
661874461977774336,131.31468539142793,0.059654754,21.059940505381583,0.026040774,5.613674660586167,0.07550948,74.34397,-37.20183558368107,0.08178754,-14.065272377783948,0.06066515,16.32543,17.742386,15.151126,2.59126,1.416956,1.174304,1699.4689,,,1.0423057,0.0,0.0,204.81195578451712,34.0270709344702,1,0.5486533644477958,True
661925653693851136,132.53820203849034,0.12563723,21.192602343023317,0.06515045,3.725866535187536,0.15134454,24.618439,-26.165976107673373,0.15740591,-10.490705575831718,0.103863366,18.020885,19.65726,16.85274,2.8045216,1.6363754,1.1681461,752.5872,,,1.035149,0.260929,0.8255025,205.11350319936344,35.14889677095593,3,0.8647922437993384,False
661981458202961536,131.641684540811,0.031207712,21.367167123129303,0.015390829,3.90933759760119,0.03601265,108.554565,-26.469539033621743,0.038725574,-10.735307489146072,0.025013609,15.393423,16.389723,14.399897,1.9898262,0.99629974,0.99352646,2573.9849,37.58279,10.725022,1.0509713,0.0,0.0,204.58165071843277,34.415724706481676,3,0.9979417868169471,False
662057148410876544,126.52381414810309,0.1557226,17.37427566205209,0.09588829,3.6042355347327386,0.17376895,20.741539,-39.15443293593417,0.18219368,-21.53187274252815,0.12386844,18.629519,20.185524,17.42736,2.7581635,1.5560055,1.202158,639.91315,,,1.006438,0.0,0.0,206.98274810954624,28.495214298177885,-1,0.0,False
662215134487682048,127.77498229212352,0.13220339,18.129909028117034,0.09981036,5.48822867983741,0.16317996,33.63298,-34.678240896177854,0.1470804,-12.507790049673313,0.11993479,18.011702,19.875881,16.714483,3.161398,1.8641796,1.2972183,621.96375,,,0.99999607,0.23983376,0.50118715,206.6828654474867,29.881688134642797,1,0.5526419891970537,True
662239224961307520,127.55861743832394,0.062501065,18.422135523328706,0.040077586,6.926557551868643,0.071725726,96.57006,-34.454964884216814,0.07414409,-13.973199654301087,0.050034516,16.56717,18.130894,15.352226,2.7786674,1.5637245,1.2149429,1381.2938,,,1.0975834,0.1999167,2.2267704,206.28285566108548,29.796762963975343,-1,0.0,False
662512247442117760,126.69171047748078,0.036271118,18.92630650291264,0.025395703,4.202019109831328,0.04072247,103.186745,-32.06942908459342,0.04524167,-15.49669300785414,0.033093937,15.774277,16.825645,14.757788,2.0678577,1.0513687,1.016489,2097.2673,,,0.9889257,0.05917286,0.44686475,205.40138148120133,29.213543055493872,-1,0.0,False
662598249867506560,127.87188730832229,0.04854551,18.39802823556554,0.032408234,4.35315074875119,0.057283547,75.993034,-29.33273933086791,0.057927664,-4.446782801281665,0.0406804,16.108953,17.3031,15.023998,2.2791023,1.1941471,1.0849552,1634.6094,,,1.0371107,0.12854947,1.266529,206.4332458161196,30.064987570806046,-1,0.0,False
662655974227886720,128.40827301434246,0.044249464,18.954833501548535,0.02915093,5.501974475841773,0.050599806,108.735085,-35.09103825491375,0.05348696,-13.27230194892864,0.03693462,16.063898,17.449099,14.912349,2.5367498,1.3852005,1.1515493,1457.8767,,,1.0565088,0.1073388,0.93071663,206.0428095902654,30.739405161550227,1,0.6120729415774279,True
662793928576976256,128.84296728471762,0.100526206,19.569582843040138,0.06406825,4.0733753120876095,0.11931858,34.13865,-39.58150828199091,0.13943765,-4.242183735522116,0.08209407,17.640844,19.086237,16.434843,2.651394,1.4453926,1.2060013,918.66296,,,0.9752544,0.06659069,0.06958124,205.5408934663513,31.34054909903228,-1,0.0,False
662864984515808512,128.68281860335048,0.044944443,19.837061929077645,0.03408652,5.307685310268621,0.054122563,98.06789,-21.894041670107963,0.053003058,-21.364474378788746,0.041122414,16.049812,17.327362,14.940832,2.38653,1.2775497,1.1089802,1587.6097,,,1.0687882,0.13465808,1.4695009,205.18588894421757,31.292626810076193,-1,0.0,False
662867866437640704,128.7762080878059,0.15201297,19.94658855095432,0.11643402,4.931135619342502,0.2003628,24.611034,-36.00059196026608,0.18375255,-13.197498251478027,0.1343141,18.375536,20.337566,17.024296,3.3132706,1.9620304,1.3512402,506.27075,,,1.000028,0.094370574,0.051377688,205.10134302571373,31.413022390805423,1,0.2512835422074277,True
662925629454594944,127.73091383269151,0.015502698,19.55544313689794,0.009460611,5.587850331352074,0.017878639,312.5434,-34.68229708194521,0.018331587,-13.607752015144213,0.012206628,10.651022,10.958326,10.181075,0.77725124,0.30730438,0.46994686,2452.546,36.36724,0.34444928,1.0029769,0.09113207,12.772291,205.1273781604339,30.35455702099625,1,0.4103528253183206,True
662932260884134272,127.30611976797027,0.017746944,19.47994192787984,0.011532204,5.246654276882578,0.01986395,264.12946,-32.54226059686047,0.021697944,-12.628038715566255,0.014704869,11.049208,11.3794,10.547534,0.83186626,0.33019257,0.5016737,1644.1504,35.75529,0.28758013,1.0091821,0.11577596,20.048573,205.04533618050823,29.953339132798845,1,0.27374013865988295,True
663055818503513088,128.21748174133958,0.014605852,19.976598924591812,0.009664132,5.439653629239161,0.016288243,333.96198,-34.523556316964914,0.017698284,-13.6931082409133,0.012312786,12.723922,13.28514,12.021325,1.2638149,0.56121826,0.70259666,2905.0347,35.755463,0.8087368,0.90547377,0.03960682,1.8166918,204.855304216112,30.930968135423313,1,0.6901609819423266,True
663067638253511552,128.19481959691146,0.063704915,19.997669895013004,0.04150854,5.34302656543589,0.06784841,78.74947,-33.95734756063527,0.07834351,-13.497499846908166,0.054671235,16.699286,18.269598,15.484946,2.7846518,1.5703125,1.2143393,1008.88873,,,1.0321298,0.0,0.0,204.82364159364957,30.91832676549904,1,0.5149836140098034,True
663200850958665088,125.71403713290138,0.06870697,18.80065261267063,0.049720798,5.252030388998975,0.07479779,70.216385,-33.06252532791818,0.08398958,-11.960714214176456,0.064329244,17.102022,18.67905,15.888913,2.7901373,1.5770283,1.213109,1127.216,,,1.0804566,0.1684807,0.8659721,205.15279226929636,28.30567434482967,1,0.3359685491366591,True
663289396004237312,125.25517953740808,0.08874318,19.272401954323016,0.055196468,5.487372252185757,0.09629786,56.983326,-40.54706611071994,0.10928949,-15.206982353829003,0.06980385,17.458826,18.97558,16.274052,2.7015285,1.5167542,1.1847744,974.3411,,,0.9984805,0.0,0.0,204.4756080828215,28.07233147524646,1,0.15479827320532236,True
663859694645113856,127.3049327144291,0.24216169,20.189872843644167,0.14412494,3.430155598404512,0.27875257,12.305378,-42.90284778523473,0.29348946,-27.515713268187024,0.18683799,19.015867,20.681902,17.77201,2.9098911,1.6660347,1.2438564,510.77545,,,1.0529042,0.87136513,2.8647602,204.276757607068,30.20166140294931,-1,0.0,False
663991846495546496,127.20931738638193,0.07547165,21.12804104188291,0.048419178,5.285335500051255,0.09155888,57.72608,-33.165583124555106,0.08548928,-15.018496427735728,0.058630966,17.02901,18.7126,15.785049,2.9275513,1.6835899,1.2439613,648.73444,,,1.041368,0.17969209,1.0509442,203.2205989373004,30.4404057597103,1,0.23276099057380412,True
664080082303786368,125.60229725913722,0.028283723,20.66687983332378,0.01889731,7.611105158413372,0.0332573,228.8552,-42.65953645513997,0.03359689,-7.324315683572459,0.023444274,11.369232,11.800257,10.773966,1.0262909,0.43102455,0.59526634,1345.1298,20.051023,0.51068616,1.359055,0.20888816,55.724514,203.1241178721683,28.872114104153837,-1,0.0,False
664292459846946560,129.63665429526063,0.04063384,19.773718387574696,0.02443161,5.342660108684689,0.049806084,107.269226,-34.295271131238636,0.043916725,-12.834309908369228,0.034486257,15.371006,16.559412,14.293822,2.2655897,1.188406,1.0771837,1754.6887,33.53445,6.487939,1.085452,0.09389,1.3509799,205.6219573148572,32.11221630452844,1,0.6879318384964991,True
664324684984105728,129.70819688844887,0.018222403,20.067588056857815,0.011663268,5.397721759335619,0.024260145,222.4934,-35.0049117337833,0.024037754,-13.68025431437681,0.016629903,10.658025,10.953721,10.198242,0.75547886,0.29569626,0.4597826,6168.9707,31.34505,3.2441554,1.036737,0.08497097,8.7144,205.32342692277095,32.27672126558206,1,0.7147080322341989,True
664325543977630464,129.93972132859756,0.11373067,20.004336712005102,0.08214443,5.542646626331881,0.13670434,40.544773,-36.66436107552471,0.13606405,-13.458467813349966,0.10739259,17.960838,17.95618,18.078901,-0.12272072,-0.0046577454,-0.11806297,649.6847,,,0.96336305,0.0,0.0,205.48221561353708,32.45927213951332,1,0.745122496228446,True
664335684397673472,129.53321188100912,0.090807945,20.063989989625902,0.059295136,5.4211104162819845,0.1172698,46.227676,-36.295825071316955,0.12042484,-12.763297017539635,0.07854556,17.38806,19.111467,16.152699,2.9587688,1.7234077,1.2353611,786.32513,,,0.9959998,0.0,0.0,205.2606672491259,32.121132577982124,1,0.9448420549341139,True
664339910645611776,129.47720557946647,0.035198282,20.13668595601708,0.020483641,5.451592978730153,0.0450435,121.02952,-34.66650743235052,0.041219257,-14.461260109468824,0.027174778,15.131703,16.28143,14.067892,2.2135372,1.1497259,1.0638113,2048.2588,32.527798,4.9835873,0.9925601,0.0,0.0,205.15873381800063,32.09671795723661,1,0.47573455550512245,True
664379974100333568,129.0907259326868,0.04214462,20.20541098335748,0.025842527,5.382145597681519,0.050773058,106.003975,-35.07557976676386,0.05044802,-12.775515936247436,0.031968445,15.7102785,17.040237,14.571581,2.4686565,1.3299589,1.1386976,1264.2678,,,1.0661783,0.07812573,0.6998194,204.9358592283849,31.77961033444937,1,0.9887895551107911,True
664446700711823616,129.93152560884477,0.053604912,20.494276181056385,0.034069546,5.482228071452034,0.061556708,89.0598,-35.39838245724614,0.06325551,-13.231809420495765,0.041497614,16.504341,18.037157,15.303055,2.7341022,1.5328159,1.2012863,924.4524,,,0.99262965,0.0,0.0,204.9327976981262,32.61918509904653,1,0.6634282423023513,True
664506173122311936,129.8396083720857,0.015045448,20.758072566872393,0.010195857,5.507418432119247,0.017926967,307.21417,-36.11023156139427,0.019346591,-10.575505513185496,0.012101421,11.719687,12.129203,11.148145,0.9810581,0.40951538,0.57154274,2895.9949,34.63014,0.8400613,0.87662625,0.08675776,9.343026,204.60349319697548,32.627253026039014,1,0.2914117614300403,True
664513594826132480,129.64196724278838,0.09193672,20.774741016037023,0.066688195,5.234334365361457,0.107517995,48.68333,-36.68293904244368,0.1119727,-14.117411261644753,0.08421231,17.31492,19.003082,16.072798,2.9302845,1.6881618,1.2421227,824.7711,,,1.0492122,0.27968207,1.6441512,204.51110013368984,32.458839735399806,1,0.3884929500127416,True
664627432936056832,129.08968537851956,0.043309584,20.897318763688173,0.029679788,5.382510262225279,0.06279544,85.71499,-34.805035375723975,0.059762504,-14.18619000612976,0.042904723,16.023256,17.409218,14.859893,2.549325,1.3859615,1.1633635,1556.0719,,,1.01883,0.0,0.0,204.16912403605585,32.01411663958217,1,0.6015942513303852,True
664834480422258176,129.1444553834893,0.01700344,21.79864967931424,0.009527293,6.952984089772708,0.018003335,386.20532,-43.5425315031714,0.018764874,-17.560047181148494,0.013215469,9.67651,9.952513,9.237124,0.7153883,0.27600288,0.4393854,7891.409,21.613476,0.1661384,0.87183416,0.072041355,7.559952,203.18471730898423,32.361880880956384,-1,0.0,False
665387401628798336,130.92183481474484,0.15553875,23.033374734161914,0.0697105,4.913451253461086,0.17198579,28.568937,-23.22657475879311,0.17734478,-15.730962979482143,0.12385836,18.336805,20.414938,17.019278,3.3956604,2.0781326,1.3175278,717.5534,,,0.9744607,0.5469735,3.0203576,202.4111947056024,34.31291602739005,-1,0.0,False
665440934101454720,127.91838209555718,0.08846843,21.273397547623123,0.060752135,5.547717091009702,0.11605925,47.80073,-35.42862551719604,0.1030939,-15.227501462143945,0.0766253,17.557158,19.271864,16.286747,2.985117,1.7147064,1.2704105,926.0757,,,1.0126748,0.0,0.0,203.32164117536595,31.111681329789995,1,0.29760589440380275,True
665451860498377088,128.5363785360267,0.033384927,21.32089481543475,0.024665084,5.918995007422838,0.037953477,155.95396,-40.32945785783264,0.03936581,-15.249416710481588,0.029945524,15.276576,16.331835,14.136371,2.1954641,1.0552588,1.1402054,1966.9053,32.33481,3.0200386,1.0511705,0.052975085,0.5877187,203.49549551849583,31.670043773958792,1,0.1586125683064025,True
665558165231918208,128.86158338647712,0.12205959,21.650447068832698,0.07722256,5.372539082700131,0.1647327,32.613678,-34.90270524648671,0.13908881,-14.675674597268092,0.10895644,17.842802,19.766315,16.559872,3.2064438,1.9235134,1.2829304,755.5405,,,1.1015241,0.56880414,5.966883,203.24790931839544,32.06496474105734,1,0.44471422492774654,True
665702858386928128,127.3292381569646,0.23073882,21.71551397555859,0.13862942,5.3447791439163845,0.24661586,21.672487,-33.91048990158355,0.29797715,-15.450900282009966,0.20864469,18.627008,20.539242,17.289362,3.2498798,1.9122334,1.3376465,482.58234,,,0.9850934,0.21595198,0.20503056,202.62178351887596,30.74352494126321,1,0.21116484200423755,True
678473578567945088,128.07779136857496,0.2381508,24.25439493608032,0.1645617,3.303965584570326,0.29377037,11.246762,-31.2102232490653,0.30654266,-16.014789852859458,0.21339299,19.093155,20.749744,17.874933,2.8748112,1.6565895,1.2182217,443.32455,,,1.0115767,0.55831707,0.93794644,200.06138886165303,32.21091386776961,-1,0.0,False
678476292987162112,128.18980330119282,0.13248949,24.360017345248163,0.09223306,5.8221261087476455,0.15746394,36.974346,-26.093008119159563,0.1635976,0.7572380791219632,0.11585262,18.109892,19.893454,16.844389,3.0490646,1.7835617,1.2655029,678.65906,,,1.0083791,0.53315127,2.9634707,199.9794840594941,32.340456811861934,-1,0.0,False
684564426308850176,135.19815079796894,0.15259945,19.92481544369332,0.11286374,3.6416532179065535,0.17049532,21.359257,-23.667667924573426,0.18099166,-8.57900566836693,0.15217301,18.264362,19.894905,17.010937,2.8839684,1.6305428,1.2534256,520.40546,,,0.9854727,0.23380053,0.39450738,207.6109396528377,37.08294452918981,3,0.9748996282959816,False
684877924562047616,134.753940220731,0.14207503,20.747121018049565,0.09204062,4.799415517959346,0.17455052,27.495855,-22.182388973516183,0.18495287,-26.100610778558632,0.15312427,17.987606,19.773626,16.717905,3.0557213,1.7860203,1.269701,514.02277,,,0.9932128,0.12705214,0.14211369,206.46660572975233,36.960712183676286,-1,0.0,False
684915754634428288,134.0549519844625,0.059597872,20.81418859800247,0.027369853,3.631770951929457,0.07078668,51.305855,-37.12925107352933,0.07299498,-16.263044856730616,0.05126108,16.405634,17.676811,15.245796,2.431015,1.2711773,1.1598377,1987.9725,,,1.1967144,0.26487714,5.978621,206.1223441809657,36.3646241225167,-1,0.0,False
684924555022699648,133.70026937818608,0.019813739,20.805478558592025,0.009269868,5.63240127467921,0.022555165,249.7167,-40.26982357601951,0.02177076,-13.435671174976669,0.016074441,14.195476,15.117192,13.246428,1.8707647,0.9217167,0.94904804,4187.1367,34.225746,2.5021968,0.953835,0.0,0.0,205.9984658344562,36.04838606280832,1,0.2169799406779849,True
684931942366446336,133.85814361124446,0.029491302,20.96480344425555,0.0147185195,6.80030891330182,0.03655406,186.03429,-28.418672585311477,0.03534213,-18.93668305647411,0.025251381,15.290076,16.615114,14.151642,2.4634724,1.325038,1.1384344,2160.2776,,,1.1090201,0.07712932,1.3915788,205.87141117930145,36.23973409521907,-1,0.0,False
685052304530079744,134.86114093788387,0.014714628,21.40102021706937,0.009967591,3.174283971255921,0.017866941,177.66241,-38.68985793789248,0.017670047,-24.168399302018507,0.013234695,10.508784,10.7794,10.071412,0.7079878,0.27061558,0.4373722,4963.6494,5.9949546,0.3578785,0.92160743,0.07785751,7.1290655,205.7303536418042,37.26547874324526,-1,0.0,False
685854913658785024,134.52146072166715,0.06451366,21.879486266901257,0.030062595,4.777669258223811,0.08115117,58.87369,-40.043112130412354,0.07414139,-10.494189316772877,0.048976287,16.668941,18.141012,15.484361,2.6566515,1.4720707,1.1845808,1543.7247,,,1.0944369,0.14549325,1.2172383,205.03551179643017,37.11638965506713,-1,0.0,False
684670636556413312,134.79050643977757,0.025050312,20.30905110245233,0.019687777,5.369012322932258,0.027662314,194.09122,-22.128989705597995,0.029738827,-4.781869841754521,0.025928307,14.895472,15.948973,13.877238,2.0717344,1.0535011,1.0182333,3023.1956,6.9800725,5.063561,0.98566645,0.0,0.0,206.9982276248552,36.84950372918736,-1,0.0,False
684776739428799232,135.1920202245722,0.09970284,20.661018678338525,0.07518176,7.019220111850352,0.12789936,54.880806,-47.546456074470065,0.12072878,-19.32363604587725,0.087956056,17.759235,19.645899,16.482157,3.163742,1.8866634,1.2770786,790.383,,,1.0325438,0.24624354,0.87694436,206.73594157392645,37.3202159200005,-1,0.0,False
684831027815033472,134.3989800740805,0.17349477,20.22668891016749,0.09576037,4.330162571051831,0.18956149,22.84305,-31.535459008970477,0.21346468,-1.9167655062631068,0.16609004,18.523354,20.028713,17.30439,2.7243233,1.5053596,1.2189636,609.3,,,1.0210153,0.38150278,1.0273548,206.94351871118872,36.47566511753799,-1,0.0,False
684841984275293184,134.41706597956292,0.048903156,20.375761609354644,0.02541887,4.452611584494015,0.06311905,70.54307,-23.70587138605249,0.06399132,-16.51890798268036,0.045663435,16.00822,17.317066,14.867359,2.449707,1.3088455,1.1408615,1921.1488,,,1.1093452,0.17970905,3.4492643,206.77549682506464,36.54102285382566,-1,0.0,False
684939948185536128,134.13569945909555,0.019184617,20.894187070648385,0.008612949,3.2647078596842576,0.023740523,137.51627,-24.70789453435928,0.02432623,-1.428027541154308,0.017207887,14.113982,14.736205,13.361421,1.3747845,0.6222229,0.75256157,7281.723,10.103065,2.7927508,1.026148,0.0,3.6023053e-15,206.05885009438185,36.462003209075675,-1,0.0,False
684962449518170496,134.32057790663654,0.07955443,21.198919215751054,0.040068902,3.708065385776023,0.08587921,43.177685,-25.899735024575477,0.098602496,-15.762556324000364,0.078826874,17.3613,18.923578,16.153692,2.769886,1.5622787,1.2076073,1236.819,,,1.0527513,0.17457399,0.9043552,205.76900135415565,36.723683058148815,-1,0.0,False
684989112675162368,134.82518411546144,0.097800754,21.05148582992771,0.067999616,3.5314686966287407,0.11499078,30.710886,-21.422573793441735,0.11020626,-6.901267963459974,0.08586846,17.72086,19.239037,16.528805,2.7102318,1.518177,1.1920547,905.07587,,,1.0128152,0.10783656,0.17226902,206.13273080484456,37.12210037374618,-1,0.0,False
685704658522641664,133.5352417500151,0.025043223,21.213697484325216,0.012147694,5.474170962282569,0.028644208,191.10918,-28.20606506632784,0.029366914,-13.38945587522,0.019551331,14.754813,15.757029,13.762657,1.9943714,1.0022154,0.992156,3619.4666,32.071735,5.1631217,0.9676777,0.0,0.0,205.45910347729725,36.03519085773381,-1,0.0,False
685811929625709056,133.56018589556004,0.07821781,21.911387225461056,0.03504582,3.4701030960197383,0.09185818,37.77675,-31.795900003194085,0.09110138,-25.71321223832107,0.062051073,16.776161,18.01801,15.650593,2.3674164,1.241848,1.1255684,966.3789,,,1.1691855,0.2660322,3.4748647,204.64912510235067,36.27937841174875,0,0.9093823142101399,False
685862335363754112,134.76202931456734,0.013897022,21.982173130172633,0.008556809,3.8574706701203505,0.017301938,222.9502,-21.340437922998984,0.017954221,-10.8338276272232,0.013409094,12.556788,12.943674,11.996681,0.9469929,0.38688564,0.56010723,2222.0676,38.55549,1.6402543,0.9482509,0.058027234,4.6123204,205.0002296131016,37.360430502660776,-1,0.0,False
686182602483445504,133.36670629987532,0.13518289,22.770390982697993,0.0800724,5.8863025791593735,0.1581523,37.219204,-50.52705972593157,0.18018754,-9.271057386924811,0.14636262,18.203909,20.12508,16.920338,3.2047424,1.9211712,1.2835712,694.0729,,,0.92665774,0.22212055,0.4686342,203.56652230500652,36.37528153820571,-1,0.0,False
689346717774359936,131.54274669005258,0.3850182,22.99578867865124,0.19650139,6.34145585538354,0.5084125,12.473053,-36.29769973039867,0.5077741,-15.7385337561619,0.37997836,19.765684,21.858206,18.324842,3.5333633,2.0925217,1.4408417,324.10754,,,1.0069474,0.0,0.0,202.66903133010757,34.844844672808854,-1,0.0,False
609622783208633088,130.3078326688765,0.06442787,15.01022844220784,0.031337705,4.522712854458356,0.07617293,59.374275,-42.91594015397441,0.08633557,-21.41735961152032,0.07216212,16.732773,18.085337,15.5989485,2.4863882,1.3525639,1.1338243,1451.0498,,,0.9511836,0.19998269,2.2863061,211.09527325310927,30.95317553087926,-1,0.0,False
609760119082030592,131.93000315417498,0.17892009,15.122566569194962,0.1061254,5.532899069314301,0.21537726,25.689339,-37.13984396270632,0.2134293,-9.079065540237742,0.16125588,18.706823,20.625664,17.385927,3.2397366,1.9188404,1.3208961,530.5353,,,0.9783664,0.5356644,1.5624841,211.68938728547735,32.440033997543026,1,0.1537563819070669,True
610216274672913024,132.2760181912935,0.2223655,16.640424853110144,0.11827596,5.287276776188467,0.2594527,20.378576,-22.643330394627966,0.26802865,-12.764015128356416,0.20356932,19.06458,19.184921,18.84132,0.34360123,0.12034035,0.22326088,510.14783,,,1.0041775,0.0,0.0,210.1686999395635,33.325412750202965,-1,0.0,False
611668493310529024,132.55790180562298,0.011817249,16.640331543942743,0.0066762036,4.839275694667948,0.013416019,360.70877,-29.213668044162382,0.013828528,-3.7161103161056626,0.011360777,12.263306,12.6774435,11.686183,0.9912605,0.41413784,0.5771227,4691.5767,0.1360298,0.6778491,0.99595696,0.054613862,4.5784216,210.2895227648699,33.5759718790672,-1,0.0,False
665919938917390464,127.60795136111132,0.1045088,22.666028196837328,0.073178776,4.048936889155889,0.12109229,33.436787,-30.54521513670035,0.12799074,-12.18017195408638,0.09099877,17.720324,19.377445,16.449324,2.9281216,1.6571217,1.2709999,782.2127,,,1.01152,0.0,0.0,201.67366186875856,31.300223421807384,-1,0.0,False
665983027694503424,129.47461983414928,0.048917085,22.293084779113357,0.029712252,4.3208544019120065,0.06097201,70.866196,-27.070401812522107,0.05557408,-12.99396153782282,0.043461327,16.261967,17.591719,15.114443,2.4772758,1.329752,1.1475239,1803.096,,,0.94930047,0.0,0.0,202.74780110549924,32.81198576197036,-1,0.0,False
666069820393407104,129.14879305495094,0.023326822,22.859880449387795,0.015678985,4.524933584131008,0.029129054,155.34091,-27.43953097791268,0.028331794,-26.335916507999077,0.021499326,11.207456,11.503252,10.746937,0.75631523,0.2957964,0.46051884,4440.716,19.537838,0.47142327,1.0843134,0.17184182,42.56681,201.9947977600284,32.708117122655295,-1,0.0,False
666520993822757504,129.0395771831743,0.15741816,24.296772231469653,0.1051317,4.470274037344931,0.18020968,24.80596,-26.98661802447339,0.1794899,-14.860242936908389,0.13429175,18.282969,,,,,,449.66714,,,1.1353719,0.7455884,4.876408,200.33118891985012,33.05876496394997,-1,0.0,False
676263049100512384,125.71589506413213,0.035043493,21.66968611626608,0.023811683,5.137011654881988,0.040901434,125.5949,-33.09357485178591,0.03941497,-14.674168171455817,0.027482212,15.549124,16.658297,14.377194,2.2811022,1.1091728,1.1719294,1046.3516,,,1.1935225,0.14874534,3.3996382,202.08828669679335,29.31663031981235,1,0.22305924914363603,True
677887646245897856,126.00961973184614,0.014050609,22.764268647768095,0.011012177,7.725179149714659,0.01920471,402.2544,-49.21612307258289,0.016663168,-9.863018248999117,0.012798054,13.068836,14.032034,12.094502,1.9375315,0.9631977,0.97433376,3332.0278,10.256339,6.136746,1.2068231,0.056048308,2.777064,201.00609275790436,29.938842440243363,-1,0.0,False
677980035285691392,127.8087955564406,0.123529084,23.30457122893814,0.08681933,6.588439732950203,0.1494551,44.083073,-28.15313888961341,0.14029644,-12.136331890730055,0.10750871,18.11896,20.020931,16.795473,3.2254581,1.9019718,1.3234863,664.1079,,,0.98376715,0.0,0.0,201.03406986777532,31.68031227655595,-1,0.0,False
678119398384700672,126.4771767022193,0.013602602,23.24739919988133,0.009560806,7.885216384862426,0.015586597,505.89725,-40.07782090113705,0.015871607,1.8075486430396952,0.0121706305,12.559598,13.161414,11.822845,1.3385687,0.6018162,0.7367525,4392.5654,48.430225,0.87109435,1.0396038,0.05243761,3.2040303,200.63985535413397,30.50318711487248,-1,0.0,False
678463343662613376,128.06487117802416,0.022787211,24.136548482375208,0.01631057,3.611404919213984,0.025535071,141.42921,-25.70806087818896,0.026162637,-8.744942645411616,0.019960089,8.551135,8.5986185,8.439294,0.15932465,0.047483444,0.1118412,3310.844,26.45805,0.51364386,1.000722,0.1521379,24.461561,200.18958550295156,32.16342027948817,-1,0.0,False
678470829788731648,128.16306874511758,0.15310366,24.24360491271124,0.10294076,3.7448879541427864,0.179078,20.912048,-28.538641558527093,0.19259743,-27.122306880465803,0.1381852,18.491158,19.986668,17.267778,2.7188892,1.4955101,1.2233791,583.38544,,,0.997307,0.0,2.2940136e-15,200.1017663376905,32.28159478416358,-1,0.0,False
678566354158109952,128.36830081546353,0.15721579,24.351454845101507,0.10965183,4.786600230200326,0.18643577,25.67426,-42.374770744597896,0.20037599,-27.52729588762397,0.13813657,18.516352,20.34653,17.230057,3.1164742,1.8301792,1.2862949,581.70715,,,0.96309346,0.0,0.0,200.04798157643123,32.492681290992834,-1,0.0,False
684960804546700416,134.31337372502674,0.07811501,21.11299739225447,0.03794388,3.557987887601436,0.08906719,39.947235,-21.653620571546185,0.09743642,-11.17059257033272,0.07463286,17.244934,18.812803,16.035824,2.7769794,1.5678692,1.2091103,1238.1643,,,0.99796844,0.057503924,0.107019104,205.8677977582683,36.68971004072727,3,0.8442480922974026,False
685099652249530112,134.8720664335695,0.05194143,21.75463686557792,0.033612583,6.425855434068134,0.061171215,105.04705,-21.962755216469503,0.063256584,-24.225250415336397,0.04520062,16.063704,17.667078,14.830892,2.8361864,1.6033745,1.2328119,834.3334,,,1.0974399,0.132623,1.4246339,205.31233822364123,37.386536817108784,-1,0.0,False
609621026565498112,130.56725892242218,0.22207777,15.1637447573607,0.10476286,5.20947964149453,0.23986945,21.71798,-35.791602817173455,0.26844206,-0.5357186576623469,0.21188624,19.084362,20.857231,17.778492,3.0787392,1.7728691,1.30587,540.31274,,,1.0076308,0.5397815,1.2143872,211.04387283923535,31.24364486000189,-1,0.0,False
610108350734086272,132.41705779131223,0.26241344,15.97653402194275,0.1429851,4.757112154947917,0.29312363,16.229029,-22.41300631286382,0.31344607,-11.220297653853107,0.22343898,19.241665,21.026087,17.94037,3.0857162,1.7844219,1.3012943,419.87497,,,1.034505,1.1257173,3.447649,210.9652424815944,33.20102618278721,3,0.8171205975408453,False
611392271078003200,133.69159790357318,0.0723996,16.124065788544137,0.03650423,4.731294913691639,0.086810015,54.50172,-21.990255316548232,0.09157379,-17.728241366371897,0.07213904,17.302876,18.81731,16.106045,2.7112656,1.5144348,1.1968307,1477.9927,,,1.0031695,0.028043233,0.02500982,211.35864240747043,34.39063339581485,-1,0.0,False
611421923534029312,133.6343058601465,0.07813018,16.299368422416748,0.035736147,3.3558550731967696,0.088119045,38.0832,-48.26824083666899,0.09921286,-15.47267681409606,0.07327372,17.211424,18.569662,16.008722,2.5609398,1.3582382,1.2027016,1553.5796,,,0.95025504,0.0,0.0,211.13671779008016,34.405656679445265,-1,0.0,False
611687734764046336,133.26243067120706,0.12892218,16.870092364088002,0.07279169,5.320890102613323,0.1503757,35.383976,-26.65117080531113,0.17130323,-3.26896326115775,0.14951661,18.125847,19.830357,16.881905,2.948452,1.7045097,1.2439423,796.645,,,1.0094317,0.0,1.9754454e-15,210.3343783742395,34.287669454053116,-1,0.0,False
685930810024531712,134.54810087060335,0.21635103,22.333712181885783,0.106130466,6.1740302062251295,0.2810622,21.966776,-22.325670854314303,0.2956087,-19.11787483411739,0.22119434,18.504671,20.47051,17.155424,3.3150864,1.9658394,1.349247,589.2513,,,1.067301,0.7910821,4.4312515,204.50287135705108,37.28047412814971,-1,0.0,False
685987778471329664,132.86561255945315,0.25498036,21.890614203299396,0.12824282,4.498478121426775,0.29125756,15.445017,-36.052095452001126,0.3544844,-14.457719488179965,0.26713735,18.838467,20.624973,17.506805,3.1181679,1.7865067,1.3316612,471.9397,,,0.97591233,0.82372534,2.7526817,204.42227350053048,35.66128891622527,-1,0.0,False
686096531338968704,133.5817478502146,0.07904276,22.1121980981682,0.040633917,3.618863591986645,0.09155641,39.526054,-36.256014977635985,0.09909906,-14.000602758422076,0.07513035,17.06116,18.4013,15.903024,2.4982767,1.3401413,1.1581354,1154.999,,,1.1403934,0.32360947,3.9340909,204.42020805797677,36.36126588798481,-1,0.0,False
689060883406994048,132.34184582211864,0.039944015,22.27273170255122,0.020216033,5.53415575896281,0.04663216,118.67681,-39.252912132146704,0.05053099,-14.096150639881776,0.03323616,15.902117,17.32478,14.733135,2.5916443,1.4226627,1.1689816,1508.5916,,,0.9851578,0.0,0.0,203.78903617272888,35.32106859598841,1,0.2901612928085901,True
689130461877120256,132.06135503129454,0.026075497,22.558972044089533,0.013639365,5.699954746118923,0.03157132,180.54218,-38.72632072758496,0.032507602,-14.682075328949535,0.021048915,14.960276,16.093405,13.903284,2.1901207,1.1331291,1.0569916,2117.9326,31.60928,3.6064687,1.0254833,0.0,0.0,203.3568946929417,35.164210924693734,1,0.2892784147284237,True
689212684730972032,132.7507366714339,0.017830312,22.999715386644176,0.009305676,3.067688317263119,0.020742198,147.89601,-27.78682543544172,0.020655042,-2.416805506556482,0.014816445,12.869729,13.225105,12.348511,0.87659454,0.35537624,0.5212183,4959.756,-12.343998,1.6282414,1.0382509,0.09484579,10.195064,203.08199439086417,35.90462384681532,-1,0.0,False
689421557581000960,130.88973031866226,0.08429951,23.22657274403193,0.03470833,4.246143609085509,0.09575764,44.342606,-24.52155003265736,0.104679264,-13.346683212451117,0.06687009,17.256186,18.825138,16.049492,2.7756462,1.5689526,1.2066936,1214.7914,,,1.0203484,0.082388155,0.23286156,202.17763750506,34.344479910411415,-1,0.0,False
609837772090841088,132.65179759279357,0.015324133,15.375523979828346,0.0085789785,3.055834063146867,0.018940128,161.34178,-34.098932742515046,0.019213188,-25.64639787131425,0.013792413,13.971636,14.470253,13.31396,1.1562929,0.49861717,0.65767574,7099.2925,27.858479,2.4181798,0.9390675,0.0,0.0,211.73211296908204,33.18006337217655,-1,0.0,False
611527820245837952,133.9633639064075,0.21482152,16.645760274255913,0.108711064,3.2807087001120028,0.25233322,13.001493,-38.83244944841879,0.26727405,-6.781512241141546,0.17504583,18.915586,20.599682,17.57664,3.0230427,1.6840954,1.3389473,539.69385,,,1.0250663,0.59147173,1.7491331,210.88957703799835,34.827786008987765,-1,0.0,False
611640180886062592,134.38147645863,0.05964315,17.44236628155358,0.03706223,4.303394509384633,0.07036661,61.156765,-35.77403796051318,0.0709238,-8.996535376693753,0.05133219,16.665562,17.965685,15.540835,2.4248495,1.3001232,1.1247263,1303.4342,,,1.0800105,0.20586906,2.21386,210.16297444527245,35.4922517108301,-1,0.0,False
611651691398540416,132.81223537899115,0.027909197,16.55940278268868,0.014841862,3.9915468228598248,0.032979503,121.031136,-25.52572759572974,0.035488624,0.3072506705734996,0.023781711,15.326901,16.273575,14.363617,1.9099579,0.9466734,0.9632845,2767.8262,76.258255,6.971678,0.9850256,0.0,0.0,210.48902734304585,33.771905649186834,-1,0.0,False
612251230177809280,134.58613222872373,0.24212,18.125260494986197,0.15786509,6.014787955490647,0.29536662,20.363806,-25.932634871337832,0.3234737,-22.967118483055955,0.19311625,18.667107,20.73093,17.374525,3.3564053,2.0638237,1.2925816,461.8715,,,1.1160095,0.8753267,2.9559286,209.4643064113859,35.919400998672195,-1,0.0,False
612484842038525184,135.11156179289966,0.10928556,19.356984724938723,0.08875758,4.084972804296082,0.122347444,33.388298,-35.149735585520816,0.12991431,-25.71814617942268,0.11005721,17.699411,19.187868,16.50819,2.679678,1.4884567,1.1912212,830.79517,,,1.056346,0.16846344,0.39212576,208.24537988614347,36.81460260675828,-1,0.0,False
651594406214933504,128.7918273125919,0.015740162,14.829953160450536,0.011589521,6.657709578912922,0.018564904,358.61804,-49.97656542976924,0.020113897,-8.852519599389401,0.014305801,9.792201,10.054076,9.370655,0.68342113,0.26187515,0.42154598,4816.308,45.00551,0.237991,1.0799334,0.10176644,11.308167,210.62449841155248,29.534366548442712,-1,0.0,False
651605538770100480,128.4828222394174,0.02221185,14.902635897809477,0.015774013,3.1970310392381984,0.027368922,116.812454,-22.8517893332113,0.026034772,-4.763456729168414,0.019860474,14.820654,15.588983,13.9670105,1.6219721,0.76832867,0.8536434,2789.4924,50.624935,6.479664,1.0120469,0.0,0.0,210.41336313493537,29.28808658123732,3,0.8313721151286408,False
651823345152080128,128.23737501910264,0.16116238,15.300370233284408,0.11865744,3.076466442780842,0.20689069,14.870008,-27.634046064488462,0.19424248,-12.936525837237816,0.13757704,18.567156,19.90616,17.412067,2.494093,1.3390045,1.1550884,566.7779,,,0.97811633,0.0,0.0,209.8876290848532,29.225090209482204,-1,0.0,False
651878698690511744,127.8127522751234,0.022776505,15.296237546208486,0.016391672,3.3968225849613405,0.027168958,125.02587,-27.640651128401544,0.027358374,-4.384140865275798,0.021023769,14.938186,15.742354,14.060584,1.6817703,0.8041687,0.8776016,3268.139,61.067715,5.8447833,1.0220237,0.0,0.0,209.70982844072836,28.846139127216983,-1,0.0,False
656092886242522624,125.9860728131054,0.042963475,17.166767480799574,0.02806742,3.711325070935671,0.04951138,74.95903,-23.80856122139723,0.046361215,-15.176387933289224,0.031791594,16.022572,17.216764,14.938113,2.2786512,1.1941929,1.0844584,2002.6685,,,1.0164051,0.0,0.0,206.98246872982537,27.94137519556648,-1,0.0,False
657561417163280512,129.78585340186723,0.111666225,14.856752817010497,0.07928631,3.045456634385408,0.13116226,23.219002,-40.519772054007674,0.13129094,-24.683739149865985,0.10252059,17.853157,19.507566,16.629229,2.8783379,1.6544094,1.2239285,699.0386,,,1.0286051,0.2836164,0.93283916,211.03055709420497,30.428936958999444,-1,0.0,False
657723290186501760,130.3118104499831,0.029251471,15.763804740135898,0.014967719,3.135954954577887,0.033314902,94.13069,-23.462816760987735,0.03459826,-8.336715049310524,0.024466012,15.369694,16.316011,14.424794,1.8912172,0.9463177,0.94489956,2812.881,,,0.9190139,0.0,0.0,210.28524280592433,31.247822872009685,3,0.9000494876135352,False
657938244710129280,128.42255361509808,0.012158898,16.112976466689794,0.009075411,3.1051400383343895,0.013087287,237.26385,-30.753296628316388,0.014445461,-24.353152685894266,0.01202603,11.841031,12.131174,11.391962,0.73921204,0.290143,0.44906902,4665.667,61.382484,0.77383107,0.8292487,0.052167267,3.694468,209.1051679554433,29.70257802831705,0,1.0,False
658076572720958208,129.0992878243408,0.15889055,16.649809309553024,0.107087865,6.959504581560265,0.19268233,36.11906,-30.830411631673336,0.19644973,-26.51461953013875,0.14750977,18.583649,18.567045,18.636429,-0.06938362,-0.01660347,-0.05278015,555.694,,,1.0335449,0.0,0.0,208.81529151054912,30.50684236720076,-1,0.0,False
658315892594172416,131.3254262933468,0.017017443,17.032110332821983,0.009623819,3.2410430615300987,0.02164759,149.71843,-26.956611454586486,0.023007292,-0.8265176361018781,0.018011266,10.988341,11.243208,10.573159,0.6700487,0.2548666,0.4151821,5312.7686,26.660824,0.4941065,0.89931244,0.10198574,14.894495,209.3322190303491,32.62624792056829,-1,0.0,False
658335615083984128,131.51118145123124,0.060699865,17.021524342206686,0.033427317,5.488052270579099,0.07588242,72.323105,-37.312505392718776,0.078879885,-11.198440444462197,0.057191156,16.880274,18.403421,15.680482,2.7229395,1.5231476,1.1997919,1361.517,,,1.0014325,0.0,0.0,209.4220255259745,32.78733191683715,1,0.364682737532547,True
658475424859524992,129.73176214668425,0.050393492,17.252629012677787,0.03476527,4.963913412498553,0.05774966,85.95572,-32.766126930081796,0.059774015,-10.72263397630326,0.04280976,16.391161,17.874302,15.203511,2.6707907,1.483141,1.1876497,1030.7808,,,0.9030626,0.0,0.0,208.42655298496135,31.29306488431674,1,0.21460133264157907,True
658694566974774656,128.29853982192063,0.17519562,16.264237986662966,0.11756543,4.9961378138084385,0.18597952,26.863914,-32.35592440490094,0.20312373,-10.140066972895788,0.15949011,18.465857,20.448746,17.157936,3.2908096,1.9828892,1.3079205,529.20416,,,1.0000155,0.53011036,1.769036,208.89197263992264,29.65010680975181,1,0.22905640837272745,True
658707112575977984,128.2983567097548,0.013648982,16.32150140898183,0.00905775,4.484959512775645,0.015098083,297.0549,-27.329691360105382,0.01632271,1.2966682946985115,0.011723301,13.125637,13.697939,12.413642,1.284297,0.57230186,0.7119951,6509.0547,13.242425,1.5331488,0.9870789,0.0,0.0,208.83094748137884,29.671718305413048,-1,0.0,False
658927736456077568,128.7052717926629,0.04545885,17.429983243945564,0.028260482,5.514409943577365,0.05414245,101.85003,-35.95708184618209,0.05480287,-12.528556632858615,0.03925688,15.969021,17.416538,14.78637,2.630168,1.4475174,1.1826506,1231.3022,,,1.0105361,0.054165564,0.26153693,207.81232050528808,30.44832772996977,1,0.6629525034535357,True
659204194910892032,127.86505921693626,0.017950557,17.98162250672901,0.013002978,4.303358234278958,0.021792607,197.46872,-25.785351016583768,0.022468174,-19.97212075055028,0.015468249,9.340615,9.503898,9.040572,0.4633255,0.1632824,0.3000431,5088.068,27.780035,0.53241223,1.0435277,0.11020364,13.648703,206.87819114328957,29.907151432856608,-1,0.0,False
659419905348245888,130.57623717188096,0.0661655,18.39217043463451,0.028538862,4.958298572473646,0.09043203,54.829006,-33.98811318289222,0.09464749,-11.343296504055624,0.06265173,16.672726,18.214842,15.47071,2.744132,1.5421162,1.2020159,1234.9042,,,0.98240626,0.025668394,0.0378048,207.52136267342888,32.45668891458205,1,0.2416006476091306,True
659428731504648960,129.84525710986702,0.25960347,18.0759243727332,0.15758689,5.571151842408575,0.3383154,16.46733,-35.97830870396474,0.3017439,-11.42216335673826,0.19699524,18.935802,21.231733,17.568674,3.6630592,2.2959309,1.3671284,427.52475,,,0.974377,0.39621875,0.5125163,207.57448797835627,31.69511125737496,1,0.4059977546262337,True
659490377171569536,130.12288627620254,0.089540675,18.64569911390126,0.05452054,4.993982329555087,0.10437337,47.847282,-48.51132510950973,0.103120364,0.9269852190618744,0.070422724,17.277214,18.5304,16.1561,2.3743,1.2531853,1.1211147,1092.1576,,,0.9830361,0.0,0.0,207.0595543944737,32.145718914496,-1,0.0,False
659547998453087488,129.1709698374972,0.03289636,18.307254330636283,0.02163869,5.380658040661169,0.03804737,141.41997,-36.29568522482134,0.037568204,-11.796014827294211,0.031327896,15.448349,16.675869,14.348002,2.3278666,1.22752,1.1003466,1603.0941,45.58025,4.694623,0.98881966,0.0,0.0,207.0501654987253,31.181555060301186,1,0.8184277628436113,True
659593005414334976,128.29305104521018,0.1716411,18.26082827319244,0.10072605,3.011056372634392,0.1850435,16.272154,-26.35215716241579,0.19953716,-17.205244332914972,0.12972602,18.244484,19.693127,17.072437,2.6206894,1.4486427,1.1720467,695.0806,,,0.9673838,0.0,0.0,206.74913387033328,30.387731843828316,-1,0.0,False
659645030354241536,129.4090999857364,0.015451058,18.482426841969527,0.0099978605,5.331996735843282,0.01842755,289.34918,-35.35650686459711,0.01782043,-11.566107587401046,0.013184802,12.764074,13.312497,12.0323515,1.2801456,0.5484228,0.73172283,1356.0994,35.85262,1.8647839,1.0213232,0.055210654,3.2999368,206.9541367870771,31.45544291950721,1,0.6037458037253058,True
659698902127644160,129.8077480224366,0.06806903,18.920400457547437,0.04168025,4.427508560566224,0.08178477,54.1361,-51.03301177900337,0.077269696,-7.216170039567896,0.051271,16.57499,17.465923,15.136552,2.3293715,0.890934,1.4384375,1021.61127,,,1.0306101,0.24812946,3.190825,206.6315093558615,31.964433771322085,-1,0.0,False
659729417871499392,128.77579551443557,0.07260601,18.82347509694967,0.052139156,5.353754383329956,0.08036915,66.61454,-34.9478402784184,0.08182088,-12.63356504000305,0.06013731,16.790026,18.439926,15.561098,2.878828,1.6499004,1.2289276,1003.78064,,,1.0106443,0.07811267,0.22633888,206.33039227397356,31.017346168074447,1,0.9859944374355153,True
659738179604773248,128.93569354055603,0.09599075,18.960585387354836,0.06225938,5.742162170087961,0.11257969,51.00531,-38.23718883829075,0.12127654,-13.375122189821942,0.0908631,17.48563,19.290098,16.218845,3.0712528,1.8044682,1.2667847,853.7273,,,1.0046068,0.17407973,0.5499881,206.24373275081183,31.207560380474657,1,0.3454911276073338,True
659754912797374592,129.63815545722596,0.15375109,19.187576480858805,0.104252875,4.989776117377874,0.20202792,24.69845,-46.861443409847965,0.1910677,-20.16621942814391,0.1207644,18.264748,20.007137,17.016516,2.9906216,1.7423897,1.2482319,512.8491,,,0.95047766,0.0,0.0,206.2702548944197,31.9088226747111,-1,0.0,False
659765220718853504,129.15157293491978,0.018110758,19.18515335943704,0.012183425,5.435832089780047,0.023409946,232.20183,-36.243970470199685,0.023153337,-12.776883128385467,0.015433532,14.067384,14.935506,13.150421,1.7850847,0.8681221,0.9169626,2933.496,37.702194,3.258998,1.0430522,0.0,0.0,206.0824991573758,31.47792258394787,1,0.855445910762788,True
659837101291214464,132.3362819369664,0.08929059,17.627162589268004,0.051429436,3.0825470970636726,0.11347327,27.165403,-42.43634654418909,0.112579815,-21.367764395556275,0.08319564,17.620779,19.336168,16.3778,2.9583683,1.7153893,1.242979,916.34076,,,0.9901358,0.0,0.0,209.0934807607273,33.74218797059682,-1,0.0,False
660089366194194176,131.56530709259383,0.15248048,18.09716169579469,0.07951402,5.35386367833271,0.1778129,30.109535,-36.11383790742036,0.18750978,-11.206650803108158,0.14415812,18.461275,20.409088,17.158943,3.250145,1.947813,1.3023319,605.82275,,,0.99381554,0.0,0.0,208.2501648547682,33.22771617462161,1,0.6186488363040568,True
660101568197506304,131.87907643373066,0.01627506,18.146490295262954,0.008834127,3.4599324135436196,0.018455902,187.47025,-24.23469424812054,0.019452235,-16.41048808506513,0.014342824,13.9930105,14.610137,13.244494,1.3656425,0.61712646,0.7485161,6023.145,0.9338503,1.9918795,0.96893436,0.0,0.0,208.32320621222823,33.52375570030416,2,0.9949359504004888,False
660112803833056128,131.6146947649735,0.059847627,18.118492823394178,0.034846764,4.506101424427629,0.07121846,63.271538,-49.712309511586085,0.078013934,-6.406617271028314,0.062337063,16.559883,17.878223,15.428901,2.4493227,1.3183403,1.1309824,1508.6627,,,1.0770034,0.31426322,6.470558,208.2465264928882,33.27918732500082,-1,0.0,False
660160976185029120,131.09397460293906,0.055896226,18.385853432925177,0.02834247,5.511617472723205,0.06103069,90.30895,-37.80250194901918,0.06832833,-12.011923006068066,0.05032641,16.81265,18.506523,15.571426,2.9350967,1.6938725,1.2412243,867.84015,,,1.0121919,0.057686426,0.17481895,207.73713021114128,32.91323766677169,1,0.5060918257786562,True
660338238075152640,132.21720424354308,0.022802107,19.34047162567228,0.0114539815,3.0997744685209128,0.02834895,109.34354,-21.245329890896947,0.029698048,-15.87117678966858,0.019341877,11.302076,11.596777,10.846485,0.7502918,0.29470062,0.4555912,3308.6611,54.504177,0.41517752,0.9991938,0.15576375,37.338963,207.11286172515415,34.243858912907555,-1,0.0,False
609589145023779584,131.04273495935084,0.0157137,15.05224170677532,0.00872481,3.6148771204659673,0.018219136,198.41103,-22.420173241682303,0.019340044,-12.353491325989612,0.01610198,13.857758,14.475491,13.112138,1.3633528,0.617733,0.7456198,4101.478,30.472687,2.0292048,1.0117198,0.0,0.0,211.37331921301376,31.623297647878086,3,1.0,False
609596635446727808,131.18351385343928,0.05905496,15.19221517862938,0.031090839,3.4655701075383627,0.07505905,46.17125,-27.51962401929558,0.07590109,-15.73616685966785,0.05357791,16.610325,17.741379,15.558365,2.183014,1.1310539,1.05196,1516.9874,,,1.0241733,0.06273358,0.22124214,211.28371265235396,31.802885561710667,-1,0.0,False
610194902914961664,131.80866255860448,0.017048754,16.39643260013374,0.009942623,5.446356444120792,0.019698918,276.47998,-37.488370259326,0.020192219,-10.709897372810511,0.016214715,10.511785,10.803334,10.061927,0.7414074,0.29154968,0.4498577,2265.008,34.18545,0.45724192,1.1571887,0.11542126,18.14867,210.23847077502367,32.81858188373251,1,0.2824906223855816,True
611535688626006656,134.2105549652835,0.16463591,16.79056027217874,0.087203726,3.0372254546300934,0.20335855,14.935323,-23.300059019753174,0.2154067,-1.8961944951861327,0.14134946,18.525616,20.184843,17.292637,2.8922062,1.6592274,1.2329788,629.55084,,,1.0058829,0.0,0.0,210.83264627886595,35.10135021767728,-1,0.0,False
660767386911381760,133.5005444539011,0.34726182,19.612317118901085,0.192033,4.047358368368755,0.4022931,10.06072,-28.45032834523837,0.42406583,-10.766660603231577,0.3074335,19.773863,21.16379,18.406675,2.7571144,1.3899269,1.3671875,330.24515,,,0.97425383,0.4586581,0.29794386,207.30754637339825,35.473592293506705,-1,0.0,False
660830922363901568,133.96887924088793,0.056263715,20.315615633064063,0.024837445,4.179305081866587,0.06539343,63.910164,-24.95907108891628,0.06501918,-5.950889924551669,0.04610899,16.395988,17.71273,15.265744,2.4469862,1.316742,1.1302443,1715.73,,,0.97588634,0.0,0.0,206.67330461221192,36.124574351266205,-1,0.0,False
660841161564760704,133.2509168203348,0.087166116,20.05373806506541,0.05696778,3.78655460177666,0.11029736,34.330418,-29.322268377654,0.11743009,-0.5501832938308095,0.110601716,16.619356,16.639671,15.06968,1.5699911,0.02031517,1.549676,448.06927,,,1.314802,0.4573542,9.412942,206.7001998617165,35.40193944602791,-1,0.0,False
660921868295373312,130.6401186277085,0.27042627,18.458015474494385,0.11282437,5.164592052673926,0.34105515,15.1429825,-37.81911912363458,0.36239195,-12.458115196382016,0.23231225,19.025593,20.835331,17.700954,3.1343765,1.8097382,1.3246384,508.3606,,,0.9833741,0.5425268,1.2280964,207.47415644645,32.536835851731155,1,0.2673492987492775,True
660965097142415872,131.11322128699695,0.10016162,18.87237359528531,0.049826823,5.432492011148356,0.11916272,45.588852,-35.876280835301515,0.11170153,-11.435943611583587,0.091264926,17.674332,19.444376,16.394993,3.0493832,1.7700443,1.2793388,1138.8176,,,0.95664406,0.0,0.0,207.20243354520113,33.102918461023236,1,0.6505469071985998,True
660966883848803072,131.1368857642153,0.046278547,18.963989506909748,0.024385097,5.468165155932683,0.05537395,98.74977,-36.79999601371513,0.063412756,-11.882414655319652,0.057937875,16.14758,17.638771,14.952835,2.685936,1.4911919,1.1947441,1408.9344,,,0.9768632,0.0,2.0896057e-15,207.1094386807872,33.156113700189174,1,0.5945888980061048,True
661105525392825856,131.6621107092397,0.059951186,19.619042855420524,0.029560192,5.3507581490815035,0.071878865,74.44133,-38.26229976030858,0.07100591,-12.514763541169174,0.049210794,16.699612,18.287182,15.479191,2.807991,1.5875702,1.2204208,1263.1803,,,1.0111812,0.0,0.0,206.579541651023,33.84865042910343,1,0.36212059731340546,True
661189156998020992,130.00284781785354,0.014674539,18.937896324412055,0.009563225,3.1765577510701775,0.018596895,170.81119,-28.3030973863482,0.018421162,-25.181162031489432,0.012762418,13.229807,13.685521,12.613002,1.0725193,0.45571423,0.6168051,8718.52,7.8626275,1.9366394,0.99121326,0.0,0.0,206.6892883363765,32.14322493633315,0,0.957242801968735,False
661222962682863616,130.55452026605215,0.20271729,19.31459752078877,0.09409487,5.622915172122113,0.21210136,26.510511,-36.69986353709541,0.25563446,-12.412900256120144,0.16502352,18.674105,20.582832,17.36896,3.213873,1.9087276,1.3051453,511.59494,,,1.0803661,0.57008463,1.7386208,206.48839343831855,32.76357594297732,1,0.46744450603226156,True
661233137463057152,130.52689636357084,0.029371835,19.41120298854043,0.0127643775,5.522904733547058,0.033258196,166.06148,-37.184535543737795,0.03484599,-12.257561153056246,0.023896262,7.9242454,8.014535,7.738603,0.27593184,0.09028959,0.18564224,2730.846,37.286182,0.33887225,0.94052774,0.16589831,20.386328,206.36990775083856,32.772824450788846,1,0.5768629200651376,True
661242895630246016,130.21868306998428,0.019740399,19.483157593693104,0.011266915,5.383248223825784,0.024520867,219.53745,-35.338173513869855,0.022912618,-12.309617200646784,0.01602,10.175888,10.433624,9.760421,0.67320347,0.2577362,0.41546726,3571.5977,34.4404,0.28902254,0.9640397,0.13787058,25.02682,206.16964417807503,32.5254173609715,1,1.0,True
661297321454333312,130.08628118607928,0.032187834,19.6866770511534,0.020993654,5.415197004897787,0.038050625,142.31558,-35.68738263966356,0.039589725,-12.850590232303354,0.026793448,7.667654,7.7443647,7.5087214,0.23564339,0.0767107,0.15893269,2250.301,56.563667,4.810092,1.0576131,0.20585681,24.997,205.8919860768912,32.47909471272468,1,0.934489742884313,True
661298451027341056,130.02025694088056,0.017082948,19.729201604791708,0.011534997,5.288666627082091,0.02081041,254.13562,-35.708902751768676,0.020236218,-12.741696318015364,0.013994441,9.695884,9.9146385,9.303516,0.61112213,0.21875477,0.39236736,3913.969,35.996925,0.3763316,0.8416172,0.07164712,4.783324,205.81920356498176,32.435503257440615,1,0.6110704479108775,True
661315837054947840,129.8408839749019,0.014539325,19.861139939037443,0.009196828,5.364387641278777,0.017470501,307.05402,-35.13779372463191,0.016660128,-12.878717076836146,0.013661688,12.2768755,12.754824,11.644432,1.1103916,0.4779482,0.6324434,2420.6912,34.418633,1.2642293,0.9870262,0.051786337,3.0421414,205.6035343490799,32.32272837213466,1,0.9887895551107911,True
661362055200029056,131.07143371205757,0.02152824,19.865322441576986,0.008517827,5.377829690877065,0.023850737,225.47855,-36.89865560815697,0.024990106,-12.36649577469133,0.017155955,13.933509,14.757605,13.040434,1.7171707,0.8240957,0.893075,4119.864,35.088615,2.5647,0.99917483,0.0,0.0,206.07259836649345,33.4109541693589,1,0.7532904698510634,True
661458979725746304,130.72954233134868,0.26506287,20.520569422410325,0.117594145,5.362247895181028,0.31601518,16.968325,-35.49154428401978,0.32452565,-13.755967387725905,0.25537565,19.052378,21.026205,17.677507,3.3486977,1.9738274,1.3748703,455.11798,,,1.0680356,0.827417,2.6863186,205.20413994680908,33.33160952797302,1,0.7076676599979135,True
661479045812908032,132.46422822181236,0.19709629,19.83315779854613,0.11070263,5.6541525547600955,0.22857355,24.736689,-38.73244519347283,0.23865823,-12.365824978667655,0.17368412,18.680796,20.912384,17.289328,3.6230564,2.2315884,1.391468,506.47592,,,1.0159998,0.9779274,5.185155,206.648430730512,34.63139923011226,1,0.27054991470021234,True
661588004838893568,132.3910773848814,0.01520209,20.508028977877075,0.008168449,5.490182962772139,0.017545098,312.91833,-38.10415738704293,0.018853623,-12.984558606792394,0.014285454,9.233123,9.427061,8.893361,0.5337,0.19393826,0.33976173,6276.97,36.904892,1.2208148,0.8470001,0.07300382,6.6410995,205.84719845101196,34.79381240193495,1,0.45926351709560387,True
661700017585817856,132.35370433389173,0.09182454,20.74702904020291,0.048831247,3.4494926505591335,0.11234025,30.70576,-23.95483464576315,0.111352496,-16.937028965570406,0.087593734,17.394262,18.725946,16.24915,2.476797,1.3316841,1.145113,1145.7491,,,1.0673848,0.16398773,0.64487034,205.55843107164796,34.840085216137176,-1,0.0,False
661768771422658816,131.35814387647122,0.01917091,20.42288502943049,0.009216535,5.29094445532453,0.021837056,242.29202,-35.59779996289146,0.02279919,-12.938327574249486,0.016109621,14.131704,15.016456,13.204012,1.8124437,0.8847513,0.9276924,4285.228,31.276382,2.5866985,1.0060458,0.0,0.0,205.55236450605832,33.85334593305391,1,0.6490922393062681,True
661797835465510784,131.94515373150568,0.2781681,20.765891742819072,0.1482351,4.654869246717917,0.31009692,15.011015,-36.43827780578114,0.33220756,-12.99207247717995,0.24413215,19.07703,20.98839,17.746826,3.2415638,1.9113598,1.330204,420.4233,,,1.0611407,1.2109348,4.918272,205.38314437775347,34.48579845787158,1,0.15909056966308643,True
661800893481594240,131.67333140375737,0.22664174,20.64696823602167,0.118447356,5.705762371640213,0.27484572,20.759872,-36.136751302668,0.2911784,-13.796224390850169,0.21273938,18.872736,20.958263,17.486073,3.4721909,2.0855274,1.3866634,484.0042,,,1.0442922,0.8458561,3.2714658,205.41672848445916,34.20647076614727,1,0.38128394002602994,True
661931701005992192,132.48882509704137,0.23717053,21.311128960938827,0.10848948,3.163498683052006,0.29738307,10.637791,-26.67330508782802,0.27901375,-8.75111419688335,0.1938553,18.875708,20.554596,17.660429,2.894167,1.6788883,1.2152786,501.6806,,,0.99715716,0.37804252,0.66047823,204.95813019247055,35.14383482038954,3,0.915786527348157,False
662172116094866048,127.3639379270482,0.20207886,17.672172079047396,0.12277161,5.565353162625283,0.252862,22.009449,-26.73510655617897,0.26840106,-20.503589673553975,0.16640703,18.485678,20.48303,17.157675,3.3253555,1.9973526,1.3280029,568.836,,,1.0692939,0.50577307,1.3437977,207.00715412619937,29.349676028666437,-1,0.0,False
662447371959881728,125.77722283699408,0.017571844,18.65609231193605,0.011824648,4.825381794263426,0.018970316,254.36485,-29.7296548232149,0.021915877,-12.265119939608288,0.016357427,10.038628,10.270337,9.654046,0.61629105,0.23170948,0.38458157,5570.3,36.3322,0.38572988,1.0636806,0.114691876,16.330616,205.3304647644213,28.308744355686045,1,0.1639155372611913,True
662451739943016576,126.54538706639724,0.040721215,18.26056557303264,0.02761251,3.5785448819855556,0.047954056,74.62445,-25.574655840674964,0.048457958,-1.8192318641836789,0.033898257,15.955622,17.027779,14.924542,2.1032362,1.0721569,1.0310793,2497.8838,,,0.96029663,0.0,0.0,206.0530244753534,28.84233985758815,-1,0.0,False
662472939901570432,126.50434609152424,0.11409382,18.55297064741764,0.07209768,4.218194800940245,0.1285985,32.801273,-27.289042554129473,0.12285552,-15.138750895616008,0.08648697,17.751484,19.175817,16.577805,2.598013,1.4243336,1.1736794,941.48346,,,0.9508577,0.0,0.0,205.72592672314104,28.91289756734909,-1,0.0,False
662603575626986368,128.22101750646968,0.040133696,18.508112082905207,0.029732661,5.42392287805779,0.04905113,110.57693,-35.21679348025228,0.05024263,-12.862170964024411,0.035613462,15.75156,17.076246,14.613261,2.462985,1.324686,1.138299,1281.4869,,,1.122669,0.10523481,1.17966,206.4531889777242,30.413557629636426,1,0.9791486066967524,True
662661540505500160,128.30983838772443,0.03145543,19.07673781165812,0.022777684,5.3074669851032645,0.036125995,146.91545,-33.52835532893346,0.03711484,-12.71841806877032,0.03056132,15.448019,16.646915,14.3587,2.2882156,1.1988964,1.0893192,1764.1711,25.239595,10.106371,1.1021917,0.08858586,1.1808053,205.87174933217003,30.695875517284165,1,0.39423334461545895,True
662748569425476224,128.81669906751526,0.09552447,19.20213068806482,0.05721509,5.010881854918793,0.11468944,43.690876,-34.0938485114864,0.11278278,-12.452264987278667,0.08092406,17.36734,19.10139,16.122799,2.978592,1.7340508,1.2445412,864.7029,,,1.0171595,0.120419085,0.30682996,205.93308151039164,31.18806120173028,1,0.36715074324308905,True
662799009521584640,128.94693083025558,0.08585328,19.589555546397698,0.063475356,5.428411151846335,0.10928548,49.67184,-35.23288134863884,0.110261776,-13.683847620433689,0.077437095,17.375166,19.08907,16.119713,2.9693565,1.7139034,1.2554531,841.5604,,,0.9899784,0.0,1.2392454e-15,205.55912770015743,31.43929741471111,1,0.7081620656386349,True
662823993347982208,128.2955647594982,0.07982433,19.489428723278905,0.051624015,5.608027322701179,0.09135028,61.39037,-33.67408152406594,0.08964922,-12.729285559508824,0.06143727,16.930305,18.735971,15.641423,3.0945482,1.805666,1.2888823,1024.4368,,,1.1118731,0.28288606,2.5931687,205.41701989083228,30.82934103765343,1,0.2484522499388041,True
662826669111520768,127.99333415205676,0.110742085,19.47522395024105,0.077361174,3.24506164414371,0.13725063,23.643328,-22.80668748266107,0.12588897,-6.0672606840520515,0.09394927,18.067238,19.509005,16.891281,2.6177235,1.4417667,1.1759567,913.3296,,,0.9936976,0.0,0.0,205.31568825929105,30.557694143098413,3,0.843596172469902,False
662837428005605248,128.29074773535604,0.4699497,19.700835725981623,0.33189517,6.431598135082886,0.47534978,13.530243,-34.916439984119165,0.5514115,-13.232873918258854,0.4249762,19.875235,20.910109,18.52651,2.3835983,1.034874,1.3487244,227.78366,,,0.9775586,0.0,2.0896057e-15,205.18455903951883,30.899319725887732,-1,0.0,False
662859693116109312,128.54248917827698,0.015633728,19.804890789305336,0.010441643,5.355235074098942,0.017262388,310.22562,-34.055412282789746,0.01834409,-13.510765076058224,0.01334012,13.541223,14.260448,12.71944,1.541008,0.7192259,0.8217821,3949.9924,34.691776,1.8438554,1.0200609,0.0,0.0,205.16738301581165,31.1576722601223,1,0.5352274851649306,True
662915940008482304,127.67725953910752,0.107895955,19.37518457351098,0.065813035,5.267143677097991,0.11990022,43.92939,-34.352144600667955,0.121381,-13.237458778972147,0.08465706,17.791424,19.618942,16.51124,3.1077023,1.8275185,1.2801838,1078.447,,,0.9953066,0.114736944,0.24486569,205.3019475045932,30.243495870836732,1,0.6476636203303953,True
662927721101584512,127.38249092560136,0.16881105,19.382440390831245,0.11749796,3.1282433583119493,0.19635735,15.931378,-24.622457587117335,0.20898348,-12.76670012665029,0.1572119,18.58952,20.254652,17.376057,2.8785954,1.6651325,1.2134628,617.34186,,,1.0079367,0.4018872,1.1047676,205.18005916030475,29.98608946698692,3,0.8735732767547091,False
663050527103803136,128.35241903956546,0.07089169,19.88266337061568,0.04575237,5.59092307623444,0.07956032,70.27276,-36.07698583864726,0.08626511,-13.4896173826922,0.06351283,16.713045,18.43683,15.450999,2.9858313,1.7237854,1.2620459,1229.4834,,,1.0956113,0.2488432,2.800928,205.0095097873563,31.017196548595823,1,0.5036596091183888,True
663187759898204672,125.0430845893741,0.049428124,18.71660527881145,0.031049443,6.787745250078396,0.06012069,112.901985,-31.252357277907898,0.05846667,-10.516819484042284,0.037354175,16.193731,17.719324,14.993276,2.7260485,1.5255928,1.2004557,1450.8967,,,0.9833517,0.0,0.0,204.9789144196327,27.683489707654687,-1,0.0,False
663342683662038144,126.55356810525592,0.2712595,19.46491885847425,0.17600067,5.605148503031871,0.30696645,18.259808,-47.135990247389465,0.33865258,-20.775460507890692,0.21652274,19.262484,21.162159,17.93728,3.2248783,1.8996754,1.325203,382.10974,,,1.0236584,0.8183149,1.7060007,204.77148316675144,29.28479599823178,-1,0.0,False
663581316342564864,125.25958216462446,0.05891357,19.664673439389723,0.041040555,5.071758288741271,0.06760541,75.020004,-31.575642932320903,0.06886152,-21.595790167928293,0.053285547,16.762838,18.31227,15.544862,2.7674074,1.5494308,1.2179766,1490.9116,,,1.0491729,0.06908699,0.20657143,204.0621472180748,28.217180196160704,-1,0.0,False
663916289430964480,127.32846333902272,0.0427935,20.717933515691232,0.029125053,5.2569598477710935,0.051428664,102.21848,-35.031419660760285,0.050147515,-13.993958081795522,0.034483723,15.966128,17.324915,14.820287,2.5046282,1.3587866,1.1458416,1317.458,,,1.1202862,0.16309714,2.6212492,203.7116663789908,30.40490350000747,1,0.4604334972358527,True
664103854946399616,125.5427435933274,0.19200201,20.997175572976268,0.13230664,3.3563751150594907,0.20766008,16.162832,-29.315744928475695,0.22320764,-24.47274736330878,0.18316044,18.84679,20.330248,17.64755,2.6826973,1.4834576,1.1992397,478.68353,,,1.013093,0.33412713,0.43504566,202.74822219634063,28.9346011498778,0,0.9442360648164657,False
664286446892777472,129.2330795681583,0.042926904,19.599107638571414,0.028775496,5.331062338957814,0.050675917,105.19913,-35.39953445081392,0.049695726,-13.41789808710948,0.037457075,16.02565,17.432304,14.862395,2.569909,1.4066544,1.1632547,1545.3318,,,1.0548567,0.10351646,0.9285307,205.65915856292315,31.69522632382263,1,0.7084244564707947,True
664309296118640128,129.36607666411655,0.052715123,19.903459417450023,0.034341794,5.173299131491828,0.06268259,82.53167,-35.17661667251843,0.061887395,-12.666639499956805,0.040888883,16.275467,17.778013,15.081557,2.696456,1.5025463,1.1939096,1133.485,,,0.9907497,0.0,1.2787531e-15,205.37450279298997,31.918336900437033,1,0.49533242046479475,True
664313384927507968,129.2817275618694,0.11356444,19.95756730001511,0.069007225,5.62102457498755,0.13556565,41.463486,-34.55942098846346,0.1437706,-12.61932121052285,0.08681149,17.586395,19.315987,16.30211,3.013876,1.7295914,1.2842846,603.87,,,1.0241818,0.23475243,0.8438315,205.28242236286985,31.862629491959932,1,0.34422449668058214,True
664316644805338624,129.72566484274373,0.17038198,19.86230525889335,0.11366258,5.40724630218813,0.2184843,24.748901,-35.95717147879236,0.21137324,-13.599157424468448,0.15821914,18.414936,20.420614,17.099281,3.321333,2.0056782,1.3156548,539.1226,,,1.1118829,0.5275019,1.7997353,205.55798829650615,32.22142993139481,1,0.9690936836777794,True
664352245791631488,129.04744278498524,0.027631957,19.877797073188624,0.019127209,5.421608974384824,0.034272335,158.19199,-35.75654975773037,0.03334204,-13.43291075302124,0.025361883,14.780492,15.805687,13.780856,2.0248308,1.0251951,0.9996357,2480.735,35.659416,4.496763,0.9359843,0.0,0.0,205.2807722674674,31.62836377400239,1,0.9690936836777794,True
664357983867812736,129.01354699120628,0.08393622,19.961923181663582,0.058674037,3.5315735533276635,0.09477685,37.261986,-27.584567664621403,0.09735193,-20.874331116939818,0.068956845,17.137032,18.342028,16.02463,2.317398,1.2049961,1.112402,1151.4884,,,0.943641,0.0,0.0,205.1751237599788,31.62761202099894,-1,0.0,False
664380111539399552,129.11776746081492,0.013558503,20.228534376259375,0.008317241,5.354397634991167,0.0151355015,353.76416,-35.12815085463503,0.01615995,-13.0427850772018,0.010473964,12.346547,12.83371,11.704664,1.1290455,0.4871626,0.6418829,2715.0007,34.45715,0.8825242,0.9023219,0.031769797,1.1355441,204.9205609449343,31.8113836308819,1,0.8824163976235669,True
664452954184200704,129.97619336998247,0.015754558,20.56015085360403,0.011034692,5.391948895189164,0.019840004,271.77158,-35.58992649440682,0.017878901,-13.643239589313694,0.013352723,9.243944,9.440454,8.902309,0.5381441,0.19650936,0.34163475,6416.798,35.110603,0.52637607,0.9745048,0.08866363,8.156129,204.87598534839003,32.68083875218198,1,0.8474144179275537,True
664456626379853696,130.0704445246671,0.17070013,20.700116139473916,0.09902142,5.79287183463063,0.19347583,29.941061,-35.28635273184591,0.16416334,-13.65689305041133,0.120919876,18.386951,20.24196,17.074432,3.1675282,1.8550091,1.3125191,496.58517,,,0.9336188,0.0,0.0,204.75467812571577,32.81107292692336,1,0.2895619596106463,True
664467419634169856,130.60936402571727,0.19091333,20.688772750683317,0.08263827,5.888540612830402,0.2211498,26.626932,-39.91877926277877,0.2583373,-10.901148311622208,0.16700117,18.61876,20.30571,17.349886,2.955824,1.6869507,1.2688732,615.4246,,,0.98904026,0.0,0.0,204.96936167541645,33.282146451950425,-1,0.0,False
664509437297849856,129.86045507047857,0.1622176,20.86232528454448,0.09904894,5.313206614146726,0.17636855,30.125591,-35.31983215467018,0.18033591,-14.799064069349278,0.12461321,18.211275,19.90107,16.919949,2.981121,1.6897945,1.2913265,518.6876,,,1.0207311,0.23890875,0.44336042,204.49463245171873,32.68061753538865,1,0.43831350423329213,True
664509987053483008,129.51013474263715,0.16060291,20.6211777494464,0.109614484,5.401618421340183,0.1958145,27.585384,-35.798688908075334,0.18562447,-13.49689488766982,0.13582611,18.224903,19.989838,16.889593,3.1002445,1.7649345,1.33531,544.88635,,,1.0250663,0.33440563,0.83937186,204.63295200215245,32.29091237246108,1,0.9690936836777794,True
664559847330171136,130.02695829932,0.06732008,21.264758206565467,0.048292674,5.252465598561655,0.086786546,60.52166,-35.940398856740515,0.08524432,-13.148560687474555,0.061334092,16.735916,18.407703,15.478051,2.9296522,1.6717873,1.257865,715.8753,,,0.97461045,0.0,1.3194447e-15,204.1046704342494,32.96115243712765,1,0.5638124706887438,True
664600907218072064,129.06640035560602,0.020241601,20.55304784091706,0.012733744,5.494860269369163,0.024245258,226.63649,-36.47573970121752,0.023831433,-14.202406470006611,0.016691877,14.089151,14.949866,13.171012,1.7788544,0.8607149,0.91813946,2646.5366,34.870003,2.754039,0.9995137,0.0,0.0,204.54218277382068,31.87705049689535,1,0.5410780831945161,True
664634820279791488,128.3059578485135,0.04530999,20.550269051612684,0.029712237,5.395917724698996,0.055985935,96.37988,-35.227790082365416,0.055423126,-13.338415011560723,0.038229473,16.2858,17.868862,15.0678,2.8010626,1.5830612,1.2180014,1726.5577,,,0.95447,0.0,0.0,204.26011772261015,31.20680584193986,1,0.6925884044147435,True
664705803202901504,129.46408118162952,0.40200537,20.882403147268427,0.3023835,6.038111052808743,0.4712069,12.814139,-37.18987371577975,0.44876188,-14.270600685367636,0.34786165,19.723852,21.418278,18.319124,3.0991535,1.6944256,1.4047279,227.48457,,,1.1082629,1.4933522,2.3302612,204.324781456602,32.33848443787664,1,0.15653511519191932,True
664763085183100160,129.59521941120002,0.15712525,21.433419939639226,0.1059243,5.508799784863046,0.19832279,27.776937,-35.996151858589755,0.19257756,-14.025043840921676,0.12357177,18.351088,20.085442,17.059292,3.0261497,1.734354,1.2917957,523.52026,,,0.98565423,0.0,0.0,203.7571715850852,32.637392667010396,1,0.5750869030431733,True
664909831331050624,131.22408242357315,0.23996946,21.619121149028324,0.11377315,6.205425750407052,0.31325677,19.809391,-38.22196776219132,0.3234155,-15.711463500585744,0.2314124,18.914314,20.281128,17.348171,2.9329567,1.3668137,1.566143,319.35242,,,1.0252899,0.8243704,3.2152908,204.14060042041748,34.13002401770217,-1,0.0,False
664974015320042752,130.58406312608267,0.20835079,21.745430902758617,0.09502752,5.473196586900367,0.22902083,23.898249,-38.83647854776629,0.24450427,-14.370264052534992,0.17575537,18.75254,20.542875,17.413082,3.1297932,1.7903347,1.3394585,621.96173,,,0.9505437,0.0,0.0,203.764519758062,33.60833736903945,1,0.2920278545158903,True
665175161524982400,130.46447277756496,0.05059156,22.02417607352183,0.026892653,6.386352617745685,0.06610751,96.60555,-27.152653112028304,0.06113149,-21.715884873480235,0.043624055,16.382015,17.710793,15.245801,2.4649916,1.3287773,1.1362143,2118.5586,,,1.0748384,0.14371382,1.5063616,203.40475884257629,33.59337454033638,-1,0.0,False
665190039291682560,130.53254363519912,0.072704844,22.184691729525294,0.031210883,5.689374763461194,0.07699055,73.89705,-37.52824172169302,0.0819693,-15.193970226970382,0.060179804,16.824554,18.41318,15.6060705,2.8071089,1.588625,1.2184839,1261.2926,,,1.001192,0.0,0.0,203.24644082669516,33.70461221260199,1,0.26331310328599367,True
665297585272816768,130.76073151447412,0.07613386,22.497762284368655,0.02933703,3.144885591726575,0.09083774,34.620914,-26.945962994255815,0.089402445,-22.88939688893012,0.06271597,16.857817,18.358742,15.667515,2.691227,1.5009251,1.1903019,1678.0518,,,1.0210783,0.0,0.0,202.96982145267893,34.00425868569016,0,0.951965278974945,False
665453337967125632,128.57404184681693,0.016761012,21.335499935581872,0.011530301,3.961437729917683,0.019583598,202.28345,-33.04163233081535,0.020859588,-7.012974043477449,0.0140697695,13.574496,14.163526,12.8505125,1.3130131,0.5890293,0.72398376,7065.376,43.31883,1.7668588,0.9480206,0.0,0.0,203.49309920655645,31.707991468889787,-1,0.0,False
665596411917996160,129.11191741434146,0.035141982,22.00459461716238,0.025421172,4.964566471078875,0.04080994,121.65091,-32.029675224415996,0.04290724,-17.97706295613611,0.03500449,15.861627,16.910414,14.84859,2.0618238,1.0487871,1.0130367,2818.0134,,,1.0324589,0.03568105,0.18107063,202.9425685596804,32.40069341210031,-1,0.0,False
665668979685323648,128.85248584945904,0.014887272,22.407532750496703,0.010271199,5.392271175181801,0.016499959,326.80515,-22.261712260898083,0.016373646,-10.61523857619763,0.012581484,11.68211,12.054434,11.141053,0.9133806,0.372324,0.54105663,2350.1697,-14.98225,0.62819153,0.986907,0.10161334,15.619363,202.39914641643773,32.30422045856117,-1,0.0,False
666136443926034432,129.8991872042014,0.08963885,23.09469493501621,0.05201221,6.114808962533983,0.0981848,62.27857,-39.39648486644819,0.10135639,-17.684152702397284,0.07332276,17.323215,19.050047,16.05195,2.9980965,1.7268314,1.271265,1189.6254,,,1.042575,0.08801678,0.22866032,201.98846421608897,33.437769005969315,-1,0.0,False
666283572324959616,128.5414824772377,0.0733214,23.162645089776916,0.05105181,3.608753170157804,0.08568463,42.116695,-22.313257379665856,0.08395557,-18.337989656726528,0.06097674,17.139359,18.4774,15.998189,2.4792109,1.3380413,1.1411695,1208.2849,,,1.0506393,0.2173494,1.419922,201.44434955405305,32.273873400763236,-1,0.0,False
612262397092154112,134.4361257707814,0.04078321,18.154003691022844,0.024402872,5.572447172810154,0.053667277,103.83324,-35.42620137249088,0.054589666,-3.1163993561944534,0.03723171,15.738374,16.971607,14.643853,2.327754,1.2332335,1.0945206,1504.4089,,,0.96027476,0.0,0.0,209.36867103952855,35.79635932378469,-1,0.0,False
612363178500924800,135.03956892336475,0.082807355,18.50745042963121,0.05836362,7.872714771583437,0.099087864,79.45186,-32.31213685038547,0.09959689,-24.012792389771533,0.070300415,17.325731,19.354235,15.981352,3.3728828,2.0285034,1.3443794,784.6932,,,0.95530546,0.0,0.0,209.20948023984596,36.45705297777581,-1,0.0,False
652737211113728256,127.13988347357642,0.016860466,16.15980672261923,0.011029827,7.0472849822328705,0.01922341,366.59912,-37.27984682967925,0.020006381,-26.3716441179866,0.013541547,10.911706,11.273093,10.3786955,0.89439774,0.36138725,0.5330105,5880.963,-18.24553,0.56760657,0.9668805,0.090882905,9.89397,208.51646477664187,28.581871575566016,-1,0.0,False
653017449140403840,126.66388673055458,0.015423945,16.864641152220358,0.010163667,4.988752025464755,0.017930679,278.22437,-30.078592434547215,0.01933706,-10.114952635485825,0.015241069,12.778727,13.300995,12.109363,1.1916323,0.5222683,0.669364,2972.9473,35.232037,0.8434778,1.0750303,0.08356639,8.5152645,207.57718273971943,28.427776275284096,1,0.15861545989439294,True
657777849155216896,129.94937075975056,0.2632869,15.903739610805948,0.18307489,5.918379385887345,0.31186238,18.977537,-36.704211490648106,0.3051612,-10.24083044795536,0.23247927,19.06696,21.158209,17.72186,3.436348,2.0912495,1.3450985,390.82187,,,1.034497,0.9881391,2.6150913,209.9784633824224,30.97915717473452,-1,0.0,False
658528265841052672,130.9598978225098,0.16100942,17.41880607375192,0.0664622,5.601909713460586,0.19348823,28.9522,-37.90420760021695,0.19542542,-10.771598852643834,0.13739133,18.102652,20.114824,16.797316,3.3175087,2.0121727,1.305336,697.3885,,,0.9798481,0.46091807,2.8838096,208.7532142404528,32.44417388136085,1,0.26480008474164135,True
658607950370340608,130.41020388852144,0.02138963,17.639972856231594,0.010651955,5.362839783674979,0.02446855,219.17276,-36.07493856438083,0.025484435,-11.418093246106976,0.017894173,14.507648,15.479958,13.531448,1.9485092,0.9723091,0.9762001,3022.187,33.25529,2.0312111,1.0732845,0.0,1.8947807e-15,208.28298070362243,32.03738359770195,1,0.746220373755735,True
658776313088864896,127.78142194548708,0.08735182,16.584404761367878,0.05567439,5.772573137489339,0.10421104,55.39311,-38.465415412267134,0.10440509,-13.561512557120778,0.067931175,16.648687,18.37926,15.371769,3.0074902,1.7305717,1.2769184,737.5536,,,1.2305226,0.37541217,5.4657044,208.33547962700587,29.31267272301186,1,0.3961275955567026,True
659298924710016896,129.15833577207445,0.057273936,17.593801859850554,0.03852084,5.339208257090923,0.06694253,79.758095,-23.01585635406839,0.06714911,-15.824668338133913,0.04340991,16.579084,17.979454,15.41155,2.5679045,1.4003696,1.1675348,1282.2584,,,0.9797101,0.0,0.0,207.8205257590944,30.91035365569591,-1,0.0,False
659330501309528832,129.55293219761705,0.1310381,17.851556495270522,0.07610124,3.601904891634395,0.14491,24.856153,-25.403772913010684,0.14544515,-24.776241247756136,0.09708928,17.750883,19.364876,16.530272,2.8346043,1.6139927,1.2206116,623.1934,,,1.0031165,0.0,0.0,207.70113059178755,31.35450480854456,-1,0.0,False
659331875699052544,129.66628597808403,0.12750687,17.9058168077206,0.08289561,5.123006369770302,0.16386242,31.26407,-34.025052586590746,0.16857862,-11.666555935113047,0.10931509,17.879293,19.609613,16.606573,3.0030403,1.73032,1.2727203,689.8102,,,0.9450889,0.0,0.0,207.68798525582577,31.474739463266495,1,0.34065952960271745,True
659354450047069824,129.33001223946715,0.020040594,18.148203734795647,0.01194679,5.3463809920639696,0.023892395,223.76915,-35.64061398074026,0.024835803,-12.25886133527742,0.015556665,13.91338,14.734272,13.025857,1.708415,0.82089233,0.8875227,3181.9858,34.65042,2.5995762,1.0039324,0.0,0.0,207.28746386814564,31.264846699204412,1,0.7683104186801374,True
659409764929410048,130.2608432627363,0.1509643,18.16849043333397,0.07932425,4.970338995310485,0.18270908,27.203568,-36.98748029564019,0.18040441,-11.178678231716413,0.12157524,18.071074,19.868567,16.789824,3.078743,1.797493,1.28125,676.7025,,,1.0190206,0.36970004,1.3278005,207.6409713125245,32.096838197608115,1,0.2237911370256753,True
659411796450014464,130.35057936644913,0.026215512,18.234042186181004,0.01305971,5.423180207356142,0.030814687,175.99335,-36.35807140363803,0.029885335,-12.383160055812468,0.020919109,14.8558655,15.970775,13.7991495,2.1716251,1.1149092,1.056716,656.7428,0.04492992,7.2431383,0.96284014,0.0,0.0,207.60502191560303,32.1999764919719,1,0.773503841992567,True
659439078082230016,129.795520885907,0.015606785,18.175935282173857,0.009620708,5.623993783014824,0.017747743,316.885,-37.28191589612863,0.019290365,-11.98390267937123,0.013466285,10.117974,10.385915,9.692779,0.6931362,0.26794052,0.4251957,3089.4426,35.45472,0.29373935,0.9169412,0.07887922,7.733678,207.44481579686948,31.687225095429387,1,0.456803345630582,True
659463881517438720,130.22455701612262,0.2843892,18.382344809554187,0.15498514,5.818947939327679,0.31727982,18.340115,-35.26121265284024,0.30404094,-11.841581828549328,0.21984616,18.899408,20.734434,17.512043,3.2223911,1.8350258,1.3873653,464.7582,,,1.0732965,1.09263,4.1795197,207.39073511766583,32.14160523298151,1,0.21166486222894007,True
659479656933168128,129.83769128309106,0.12361107,18.436665395233103,0.08225611,5.223374582798438,0.14757372,35.39502,-33.0619523913372,0.14681725,-11.749181125621188,0.100973,17.999815,19.919434,16.696325,3.2231083,1.9196186,1.3034897,785.8198,,,0.9743935,0.0,0.0,207.17571312203697,31.81845872099295,1,0.3302369635733463,True
659524152794716032,128.69627203528933,0.0133045865,18.0210883956705,0.008865835,5.222356769389283,0.017216835,303.3285,-33.930302466925184,0.016165523,-11.729223394343569,0.011844491,13.235995,13.88022,12.466862,1.4133587,0.6442251,0.76913357,2493.0938,36.25008,1.2925957,0.98160857,0.0,0.0,207.1702120343488,30.657414540810223,1,0.4429711520550848,True
659649424103955200,129.67349571723113,0.24371871,18.57117154156473,0.17036994,5.609876402765741,0.28496724,19.686039,-36.24196025893538,0.27647924,-13.393571914625008,0.20077416,19.009869,20.958733,17.63796,3.3207722,1.948864,1.3719082,384.8724,,,0.99724615,0.57944965,0.9696551,206.96238148714937,31.72128776174812,1,0.5068915255855725,True
659689865516277632,129.5335450198762,0.153762,18.74158789910775,0.097677894,5.515278519872773,0.18830463,29.289127,-35.61457356695581,0.18684329,-12.283079376025984,0.13112105,17.87221,19.759407,16.600128,3.1592789,1.8871975,1.2720814,648.02826,,,1.1283774,0.54949903,3.2741046,206.7196581051355,31.658302158486514,1,0.6761158783033937,True
659701895721176192,129.7768880269978,0.014858094,19.010003884252804,0.009290586,3.2567138510070084,0.017600846,185.03168,-32.42894701628056,0.017382186,-5.351914535668001,0.0117498,13.134203,13.592823,12.516667,1.0761557,0.45862007,0.6175356,6351.1973,-8.217874,1.4331287,0.9475746,0.0,0.0,206.52054992104647,31.968846901995615,-1,0.0,False
659705984528609024,129.6784249112198,0.25463054,19.06064953833585,0.15572347,4.920449990418766,0.2946735,16.697973,-36.35642355757663,0.29794377,-13.437734356736655,0.18548922,18.851355,20.706413,17.527582,3.178831,1.8550587,1.3237724,374.7221,,,0.91370827,0.0,0.0,206.4259681371325,31.899667278900935,1,0.22125887109168438,True
659716601689157760,129.22527692302302,0.01503332,18.756806876208145,0.009437924,5.497162839559035,0.018968597,289.80334,-35.98593645418099,0.018654604,-11.76879409696103,0.012682536,12.414136,12.913647,11.762989,1.1506577,0.49951077,0.6511469,2616.8782,34.633812,1.205175,1.0270327,0.061718255,4.6639333,206.58082648752995,31.391023138233948,1,0.5854080592012026,True
659766114072052608,129.0943682051362,0.013581373,19.191429365678836,0.009526719,5.525287739681772,0.018733952,294.93442,-35.3524177743877,0.018446393,-12.25326246043851,0.012199598,12.118415,12.583787,11.495761,1.088026,0.4653721,0.62265396,2374.667,37.121662,1.0788469,0.9699022,0.059840813,4.4916162,206.0532534924225,31.42959199709042,1,0.5560755969797416,True
659770340319909760,129.4008439634338,0.014074544,19.26501824805022,0.00868711,5.311051848241061,0.016046433,330.98022,-34.61359722646077,0.017169986,-13.04284243525158,0.011123237,13.078225,13.703674,12.326109,1.3775654,0.6254492,0.7521162,2058.3174,35.51926,1.2794197,0.98745865,0.0,0.0,206.09214225154133,31.726337248152568,1,0.7257045175156729,True
659785145072281600,132.1427407609225,0.045188498,17.19102986335017,0.020753825,3.310631128387083,0.05094587,64.98331,-31.43663480271127,0.066256404,-19.201433245505093,0.042498052,15.266281,,,,,,1555.7819,,,0.9978314,0.15686229,4.830526,209.49975264536337,33.41090898832338,-1,0.0,False
659814148986066944,132.49809537798646,0.23884802,17.374462844077495,0.13059781,3.0030642910202165,0.27969685,10.736854,-29.807672465334168,0.31390718,-23.08251428265288,0.2097568,19.133799,20.710997,17.900723,2.8102741,1.577198,1.2330761,493.65802,,,1.0222919,0.44230846,0.7028143,209.44420544895493,33.79384324310544,0,0.9103035265862541,False
659950282269629568,132.75150725105306,0.042238075,18.05098399282677,0.02399736,5.436517916712066,0.049370296,110.11718,-38.600954598570915,0.05625252,-11.99229985247614,0.047968686,16.117592,17.540934,14.945022,2.595912,1.4233418,1.1725702,1099.0935,,,1.0047233,0.0,0.0,208.7886426310612,34.26371676354839,1,0.31769112468332883,True
660066246386503936,131.50940378447177,0.08122996,17.80491414419179,0.040962324,3.038402737979663,0.09054303,33.557556,-24.206932681837102,0.09692099,-5.289910345656638,0.068698,17.37953,18.569115,16.314283,2.2548313,1.1895847,1.0652466,1271.2448,,,1.0111592,0.09122738,0.22780828,208.55277745858055,33.07264816146041,3,0.8351104476966209,False
660205746924176768,132.1235884759836,0.20887646,18.40264679262786,0.115284905,4.23270444147832,0.25334334,16.707384,-32.464330556702,0.2573184,-22.928930387795425,0.1911986,19.029554,20.826475,17.729319,3.0971565,1.7969208,1.3002357,481.2135,,,0.98440117,0.0,0.0,208.13527565765213,33.83208339594455,-1,0.0,False
660325795553877376,132.10587343519768,0.110781446,19.16089085077436,0.05442062,5.407199619366546,0.12912968,41.874184,-37.643718319221655,0.14260398,-12.239909631663116,0.0926171,17.62489,19.353298,16.368528,2.9847698,1.7284088,1.256361,882.9613,,,1.0531029,0.3206755,1.9084787,207.27239185494753,34.08301083241233,1,0.5403511878593964,True
660477704253181056,133.553708060465,0.14231227,19.33993987755797,0.08297135,3.3077798057947465,0.17426652,18.981155,-27.10556093904939,0.1731559,-24.300791011447465,0.12389011,18.40975,20.09688,17.27888,2.8180008,1.68713,1.1308708,680.66064,,,1.0469644,0.36784762,1.1789488,207.64279392054428,35.42755903640654,0,1.0,False
660582913772038656,133.93165061274422,0.042816613,19.628375611486423,0.020357989,5.9753866030492695,0.04717608,126.66136,-42.650006216869095,0.05264264,-13.961082831919809,0.040086664,16.186829,17.671034,14.991669,2.6793652,1.4842052,1.1951599,1366.2198,,,1.0244408,0.0,0.0,207.4589097826745,35.860933865035605,-1,0.0,False
660754918622742400,132.84657979261263,0.15659915,19.85499386806105,0.09646436,3.85139683483532,0.18422563,20.905869,-32.67405799786187,0.20288908,-24.10819923652217,0.18291543,18.489088,20.274017,17.21306,3.060957,1.7849293,1.2760277,623.5246,,,0.983035,0.0,0.0,206.77212799597473,34.977097020987394,-1,0.0,False
660971625492609280,131.14485127718882,0.04284552,19.044508273119735,0.02286626,3.0076374787416196,0.05049224,59.566334,-36.44420431891468,0.056338795,-16.382047430987015,0.047756642,16.160992,17.229614,15.140188,2.089426,1.0686226,1.0208035,2230.6096,,,0.9856904,0.0,1.982642e-15,207.02252117006455,33.19143011588818,-1,0.0,False
661004713920630656,130.3345848287639,0.081357785,18.961846106150087,0.03946263,5.595446350142756,0.096813485,57.796146,-35.46317110401124,0.10603826,-13.150913943069783,0.08230596,17.06621,18.721205,15.820438,2.9007664,1.654995,1.2457714,998.2651,,,0.9685467,0.0,0.0,206.79392875013087,32.44520749244329,1,0.4292068535365843,True
661026738512909440,130.57997330719994,0.043720677,19.03738445711464,0.019844228,5.411434991523064,0.051103912,105.890816,-36.23561053094835,0.052762415,-11.72606811385118,0.03569,16.121225,17.492434,14.972607,2.519827,1.3712082,1.1486187,1843.4686,,,1.0034839,0.0,0.0,206.80703782586323,32.68896393555477,1,0.8571758857024279,True
661049862616788992,131.3297309901419,0.014566371,19.00296458746004,0.0075671864,5.4177258917688675,0.017211946,314.76544,-36.380228309046366,0.018113708,-12.736542574378896,0.015088843,13.4305935,14.13331,12.62105,1.5122604,0.7027168,0.8095436,3740.6255,34.666534,1.4681214,0.9186679,0.0,0.0,207.14235288292065,33.340546284959885,1,0.8999518821304406,True
661167785238757376,131.35834679955272,0.032591317,19.69839917302292,0.017303098,5.553333110311186,0.038085144,145.81363,-37.57178615179285,0.03879282,-13.122918798522814,0.02859361,15.639099,16.919746,14.519704,2.4000425,1.2806473,1.1193953,1994.0248,,,1.0176473,0.0,0.0,206.3717213157594,33.607293741098175,1,0.5615865832588773,True
661194310958749696,130.31410718748725,0.04031346,19.08615387034822,0.023124097,5.49473159001615,0.049115792,111.87302,-36.61033858491799,0.04923945,-13.484068336013864,0.036366783,15.783973,17.118952,14.638469,2.480483,1.334979,1.145504,2057.5571,,,1.1907218,0.16008891,3.260601,206.64796998497363,32.47088562352971,1,0.8785181338888631,True
661195788427497472,130.33189038350753,0.12465864,19.098358641454137,0.07126822,4.997308727779961,0.15079771,33.139153,-34.449510172165475,0.15685067,-11.594300517225893,0.11300237,18.116941,19.943098,16.8348,3.1082973,1.8261566,1.2821407,827.35754,,,1.0248889,0.12341067,0.16547851,206.6414315502875,32.49090916497653,1,0.29121856223954873,True
661195955927826944,130.35617960202052,0.12981455,19.127312099348607,0.07298271,5.236743134524959,0.15837075,33.066353,-35.96948057046526,0.16368861,-13.78884287742498,0.11952527,18.14409,19.709702,16.772776,2.936926,1.5656109,1.371315,493.20755,,,0.9902884,0.4211448,1.9423987,206.618852387087,32.522570406937305,1,0.47609008138812947,True
661204167906246784,129.91501499231285,0.17189962,19.11556417045651,0.10191205,5.389099655665569,0.2124818,25.362642,-36.8730521786194,0.2132292,-13.038167669213117,0.13673896,18.242222,20.158995,16.93694,3.2220554,1.9167728,1.3052826,576.66345,,,0.9571619,0.43637502,1.4232802,206.4583681497064,32.12824898679846,1,0.6918162850561287,True
661219290488437632,130.0171832155127,0.06820539,19.413899735425147,0.051292833,5.494177333039889,0.122724846,44.768257,-36.332178109769174,0.118153,-14.124028090392176,0.07599598,16.804476,18.413382,15.564151,2.8492308,1.6089058,1.240325,653.1123,,,0.9387714,0.0,0.0,206.16808135546225,32.323190163110354,1,0.5392968484017366,True
661224581888230400,130.3264851736334,0.02713907,19.26093580046797,0.013057764,5.371127367236276,0.03063361,175.33446,-36.20813629643266,0.035957426,-12.757333376390436,0.021641323,8.002527,8.064988,7.77214,0.2928481,0.0624609,0.23038721,3504.2231,,,0.945574,0.16435616,20.562164,206.45875729400265,32.54315947214452,1,0.8904398598695535,True
661254303061774976,130.36950759312612,0.12604584,19.71352232323495,0.06612683,5.200325938578545,0.14399078,36.11569,-37.38450563927793,0.14412719,-13.465619967094486,0.10094443,18.004644,19.822706,16.724375,3.0983315,1.8180618,1.2802696,743.7697,,,1.0506775,0.44266972,2.486567,205.9715783733991,32.73856967874056,1,0.3192140157631019,True
661258937329286400,129.81390277269185,0.13554779,19.324524766300087,0.08738988,5.42803312040972,0.16180743,33.546253,-35.90193973341768,0.1531777,-12.5714189014561,0.11296813,18.060472,19.94868,16.759829,3.1888523,1.8882084,1.3006439,642.81177,,,1.0267422,0.15207145,0.21925333,206.18776490838184,32.112267914207756,1,1.0,True
661277186647511936,129.4657358690253,0.01673964,19.41488012727624,0.010511848,4.819664090925962,0.01894391,254.4176,-32.028304959473004,0.020073846,-12.45042838092299,0.013268825,12.626519,13.127542,11.971756,1.1557856,0.50102234,0.6547632,3709.333,34.980614,0.55586165,1.1445379,0.07674664,5.5251026,205.9523511962199,31.836277258667277,1,0.19221970784749975,True
661277461525418752,129.4440397949962,0.017668942,19.438285721189487,0.01094358,5.393650904365178,0.021162573,254.86745,-35.785686205228444,0.021809595,-13.6468170135254,0.014028368,10.50494,10.793223,10.0554,0.7378235,0.28828335,0.44954014,1765.4673,34.929283,0.38483852,0.9470475,0.079662874,6.557699,205.9181137692467,31.82530765108582,1,0.9690936836777794,True
661289448777087616,129.6635452259531,0.19737928,19.69439439416646,0.1253252,5.980882440340617,0.2459074,24.321686,-35.53390842939662,0.2375253,-14.04261150213998,0.1817324,18.094242,20.036148,16.710285,3.325863,1.941906,1.3839569,405.52145,,,1.2872332,1.0369447,9.721239,205.72015868048177,32.108446824166435,1,0.16813445718742856,True
661297493252924416,130.10875033996464,0.016760109,19.686421177535856,0.011302116,5.420131727286553,0.019213649,282.098,-35.754495050693265,0.019952357,-12.466849485026936,0.014246304,9.279027,9.482112,8.930046,0.55206585,0.20308495,0.3489809,6075.3677,34.83282,1.4745771,0.89114755,0.08083484,6.5233736,205.9009564890413,32.49885281232973,1,1.0,True
661308935045711872,129.9445933334547,0.097389065,19.736770867303452,0.070217066,5.323592452342821,0.12608555,42.222065,-34.87069323660127,0.12374432,-12.908674638864689,0.08714552,17.583752,19.315256,16.330633,2.984623,1.7315044,1.2531185,672.322,,,1.0003842,0.0,0.0,205.78159722320416,32.3713042313133,1,0.8419307237709124,True
661359061606102016,130.80509665693998,0.19450165,20.00441984523049,0.089851215,5.695872440928407,0.23803025,23.929195,-36.09199118348097,0.26281106,-14.065948639340291,0.1989034,18.481003,20.458548,17.146425,3.3121223,1.9775448,1.3345776,648.83466,,,1.0599561,0.82453287,5.5414243,205.81369544166287,33.22325781606994,1,0.33506057414106033,True
661401225301656192,130.39079214876287,0.020524248,19.969028435862658,0.010331726,5.50070087444793,0.023306465,236.01608,-36.38555541453016,0.024137616,-13.583860005404585,0.017363543,11.505991,11.889026,10.959602,0.92942333,0.3830347,0.5463886,1876.1553,34.501698,0.33694863,1.0030555,0.13677897,27.68805,205.69440403515907,32.845308286396424,1,0.8104963109501916,True
661407375694800000,130.7362788857469,0.063085854,20.071638163311064,0.028308429,5.45026454002424,0.079013266,68.9791,-35.91553242697735,0.09059696,-12.66571916798504,0.07003483,16.700964,18.315378,15.475431,2.8399467,1.6144142,1.2255325,1135.6809,,,1.0732416,0.13667771,1.0752184,205.7118089409302,33.18543610719523,1,0.9670521930343491,True
661413800965826816,130.22397139856002,0.05492938,19.998881959728767,0.03398385,5.348492869420503,0.06529026,81.91869,-35.80720968570132,0.0668452,-13.781631127316068,0.044517957,16.455452,18.068047,15.182517,2.8855295,1.6125946,1.2729349,1031.583,,,1.0773642,0.17853974,1.8410112,205.59710680275344,32.708276287022265,1,0.684033192458353,True
661419264165477504,130.09280502885142,0.02052262,20.106698471458696,0.013934463,5.394767143502848,0.026301121,205.11548,-36.069675234337325,0.025133004,-13.044343181128992,0.018088032,9.960863,10.211763,9.554463,0.6573,0.25090027,0.40639973,3248.8054,35.676105,0.38777626,1.0125248,0.14780357,23.084253,205.4266359889455,32.62945283254549,1,0.9080204489014808,True
661548589923161216,132.1292020460072,0.17218985,20.1212399194501,0.0847869,3.663995173405212,0.20199616,18.138933,-25.057959208959424,0.21047221,-18.33443226384587,0.1515143,18.509119,20.073772,17.276417,2.7973557,1.5646534,1.2327023,673.7885,,,1.0078489,0.23194179,0.4060307,206.18992206158964,34.432759212469534,-1,0.0,False
661690736160492928,132.64680158634985,0.09238145,20.71038032792609,0.046621133,5.527622396620102,0.112285316,49.228363,-38.98039639942442,0.11729521,-13.387577174165422,0.07586083,17.427797,19.192507,16.1638,3.0287075,1.7647095,1.263998,958.55536,,,0.9934652,0.0,0.0,205.71112113448893,35.08672081488557,1,0.3256268573301576,True
661861950736607744,131.47190409382782,0.021804148,21.03802124654393,0.0098893065,5.3398424170291205,0.024763849,215.63055,-38.11519785038519,0.024304755,-22.091902740309447,0.017489929,11.699397,12.123646,11.105738,1.0179081,0.4242487,0.5936594,1510.4642,26.928017,2.0512965,1.2632879,0.13027215,26.249159,204.89532620079564,34.1583829133048,-1,0.0,False
662136145746459136,126.4837418863872,0.048499685,17.6640155316128,0.03288147,3.452471897757185,0.055673484,62.01286,-23.647554787753695,0.060571466,-5.899466953284948,0.042208012,16.501785,17.721447,15.413382,2.3080654,1.2196617,1.0884037,1984.1301,,,1.0009705,0.0,0.0,206.66050138835217,28.567722544597,-1,0.0,False
662452044883308800,126.63346294650982,0.27860156,18.2770600626637,0.1611138,4.619065312065226,0.3477676,13.282046,-22.327575565472326,0.3360197,-9.67852685945622,0.23731385,18.99268,20.595896,17.727787,2.8681087,1.6032162,1.2648926,495.58478,,,1.0032198,0.0,0.0,206.0704841367654,28.92620537387666,3,0.8453459306641253,False
662510976131897216,126.75552747581978,0.050450318,18.884848767259932,0.033871133,5.993468651016183,0.058916107,101.72887,-43.003439415181674,0.06418797,-19.745649495173524,0.04538259,16.535181,17.902487,15.388733,2.513754,1.3673058,1.1464481,1567.5262,,,1.0255427,0.0,0.0,205.47064569350377,29.25490195536047,-1,0.0,False
662776576909207168,129.01367256253226,0.087007344,19.424598891766873,0.066081814,5.22486152234612,0.115821466,45.11134,-35.27763374611148,0.10616455,-12.200184971569604,0.0754039,17.564384,19.295158,16.31269,2.9824677,1.7307739,1.2516937,770.75385,,,0.99535847,0.0,0.0,205.766048521453,31.44041617354151,1,0.5478138748010132,True
662838355718539392,128.31890907886103,0.09458452,19.769489909911513,0.061702423,3.014645009453664,0.102184005,29.502123,-47.46119877001826,0.10917709,-19.08569786159078,0.082387134,17.28628,18.632627,16.159071,2.4735565,1.3463478,1.1272087,1197.6255,,,1.0911,0.27696007,1.8942287,205.1203935863173,30.94816784121752,-1,0.0,False
662924014546896000,127.70778376640476,0.020102376,19.519569480666984,0.012824152,4.728075623071186,0.02352846,200.95134,-23.02066192534739,0.024775092,-6.985833309347754,0.017216621,11.497641,11.843458,10.985235,0.85822296,0.34581757,0.5124054,3205.5728,34.02049,0.4170124,1.0858976,0.1478741,35.906075,205.15735488087304,30.32150041630353,-1,0.0,False
662954697793212544,127.08509922939623,0.038017306,19.434421750030832,0.023354646,4.997051847871608,0.042003646,118.967094,-34.95833489446134,0.04071541,-8.864241367849203,0.029874053,15.751907,16.92081,14.6829405,2.2378702,1.1689034,1.0689669,1962.9531,,,0.9458736,0.0,0.0,205.0091438649945,29.742349862979506,1,0.15644720583625835,True
662967578398191488,126.6594486614247,0.17810905,19.48170247776153,0.111986,4.525486495036096,0.20746352,21.813408,-21.723730648758465,0.22106384,-15.76813089514216,0.13730606,18.743996,20.615305,17.458433,3.1568718,1.8713093,1.2855625,586.2019,,,1.0210611,0.45922422,1.1730126,204.79426629638905,29.38405325298331,-1,0.0,False
663002663987903872,126.96216131255922,0.02994879,19.80571197087821,0.017994326,5.48408477158727,0.03625972,151.24455,-33.79435145858639,0.032421935,-14.055783764905147,0.023104053,15.080159,16.205997,14.025124,2.1808739,1.1258383,1.0550356,1957.4031,40.505924,3.9172134,1.0754827,0.0,0.0,204.56194188178023,29.765412628624215,1,0.3483352109542667,True
663278194729569280,124.98025453641031,0.07876,19.004112881445224,0.04886259,5.351356255017423,0.09628416,55.57878,-25.617489822418868,0.09103263,-18.421278350588594,0.058779143,17.15078,18.734991,15.944691,2.7903004,1.5842113,1.206089,1038.7626,,,0.98706126,0.0,0.0,204.65205085987932,27.73303160394249,-1,0.0,False
663361650238136704,126.3060846524962,0.42519316,19.68406536886472,0.3330976,5.257320608719651,0.48233524,10.899723,-24.91270787920499,0.51684606,-4.866950888477279,0.44656852,19.91748,21.64405,18.560814,3.0832367,1.7265701,1.3566666,256.1956,,,1.0483803,1.2613628,1.5336052,204.44179837383473,29.144796966163444,-1,0.0,False
663602275782872320,125.0002932552382,0.021990474,19.850930741563875,0.014189069,4.2633477160108875,0.02461604,173.1939,-28.433558781176508,0.026349006,-8.455504455480693,0.017513823,7.465677,7.9317102,6.8346996,1.0970106,0.46603346,0.63097715,6601.611,20.031832,0.12711652,1.0484486,0.14353703,14.895992,203.76598740896145,28.055828323856403,-1,0.0,False
664128525238606080,125.54676298858357,0.18455304,21.069037251381236,0.13199967,3.2692589009994997,0.20844713,15.683876,-27.03687874556187,0.2271719,-26.261961465801765,0.17517067,18.867104,20.477297,17.624367,2.85293,1.6101933,1.2427368,422.4011,,,0.9441897,0.0,0.0,202.6726411686634,28.96295642448479,-1,0.0,False
664309605356393600,129.4576558747813,0.21961771,19.89111398866913,0.20684558,7.446914537087367,0.16307603,45.665295,-30.1837716430268,0.2938375,-19.63998280161514,0.31039852,16.306576,,,,,,428.2021,,,1.1535234,0.6661932,14.408732,205.4232490272509,31.994869241764057,-1,0.0,False
664316649102744320,129.72065362131693,0.11044651,19.86006026664939,0.07513621,4.37307236014405,0.14263748,30.65865,-42.929218841977885,0.14197995,-6.879079892059607,0.11306807,17.820732,19.45163,16.61594,2.8356895,1.6308975,1.204792,730.30646,,,0.9842737,0.0,0.0,205.55855423919633,32.21623142265007,-1,0.0,False
664319118706857088,129.88203430170327,0.15167618,19.954563628025458,0.115949474,5.6441799851531,0.19295815,29.2508,-34.94866825846341,0.17976984,-12.997944536964996,0.1443323,18.2559,20.26112,16.933687,3.3274326,2.0052204,1.3222122,500.15033,,,1.0365864,0.0,0.0,205.51550134760092,32.39124828367571,1,0.37193229543242307,True
664344824088164352,129.81230074952262,0.027888289,20.210719617398567,0.018674456,5.247180731459924,0.032679237,160.5662,-35.30032696355547,0.03479697,-11.645168106170097,0.023560658,11.141364,11.487199,10.627084,0.86011505,0.34583473,0.5142803,2090.991,35.02852,0.43941578,1.2800319,0.19208077,40.608353,205.20389961839777,32.41758546133385,1,0.5319732435132244,True
664366024046570112,129.0660836780007,0.025747277,20.12018709068705,0.017048432,5.416865759713074,0.030202756,179.35005,-35.284359984694646,0.029008314,-12.876495400862485,0.021196973,14.907866,15.962052,13.887813,2.0742397,1.0541868,1.0200529,2628.4858,36.35322,4.340684,0.9843181,0.0,0.0,205.0206104410112,31.728572952853256,1,0.9275991537862153,True
664380867453522432,129.14529248066253,0.038498987,20.27513186174734,0.02587372,5.482596041487705,0.04871868,112.53581,-35.458171476976254,0.047400996,-14.403835147447126,0.034027215,15.727313,17.08125,14.585073,2.4961758,1.3539362,1.1422396,1625.699,,,0.949621,0.0,0.0,204.87946856183123,31.851624322383497,1,0.5575077703784876,True
664399078114921600,129.5889744868829,0.022541618,20.44804947477717,0.015221605,5.370599381253776,0.026148751,205.38646,-34.19884941981192,0.027738325,-13.95986681033784,0.02015709,14.586514,15.586896,13.595594,1.9913015,1.0003815,0.99092007,3847.9705,25.344437,3.3951557,1.0551578,0.0,0.0,204.85525073484968,32.30162519607929,1,0.5805888650439658,True
664401964332947584,129.53390885882294,0.032582913,20.44608862548237,0.022266557,5.482580349259652,0.038131505,143.78085,-36.32283723510629,0.039812963,-13.64301417854682,0.028436325,15.453122,16.693665,14.345189,2.3484755,1.2405424,1.107933,1525.1528,30.396639,7.3769746,1.0130879,0.0,2.4416339e-15,204.83667660905272,32.252437783293814,1,0.6883817776734898,True
664437561021480192,130.23946210289986,0.1745529,20.47811462300478,0.09877882,5.532067999898679,0.19463393,28.422937,-36.32190061945252,0.20935422,-12.09831716775815,0.13207172,18.398144,20.402775,17.101847,3.300928,2.004631,1.2962971,563.43536,,,0.9751626,0.0,0.0,205.06696602908843,32.88515285753639,1,0.7285645669470503,True
664442233945917440,130.04159855659705,0.024390398,20.418891898831973,0.015742453,5.537972562141258,0.027673407,200.11894,-36.200923375940576,0.029879678,-14.299105820659406,0.019943705,14.657826,15.824147,13.585366,2.238781,1.1663208,1.0724602,2080.898,26.444645,5.324113,1.1836994,0.08493315,2.1668978,205.0585563798307,32.690656517141925,1,0.509520827236559,True
664444639127529728,129.86094786716814,0.055092238,20.43115023866976,0.035636123,5.304670602997062,0.06352264,83.50835,-35.766529256728546,0.061484374,-13.04114047213064,0.043514032,16.380161,17.92849,15.16001,2.7684793,1.5483284,1.220151,1555.8124,,,1.0609,0.12999986,0.9783653,204.976658132741,32.53557117313128,1,0.7629193689053108,True
664444914005442304,129.79217083003346,0.016105035,20.408322311397356,0.011403581,5.520692329542208,0.018589674,296.97632,-36.82035668856983,0.018631544,-13.830031552614615,0.0132949045,13.751353,14.55786,12.874062,1.6837988,0.8065071,0.8772917,3378.1462,32.71947,2.2719738,1.0561802,0.009807743,0.053538848,204.9761517297615,32.46719422797926,1,0.604497453055576,True
664461853356491264,130.40191915429452,0.08090884,20.567834617072695,0.04095893,5.509445900308523,0.09732105,56.611042,-37.96766567978251,0.103359625,-14.05397713275433,0.07141383,17.14029,18.837366,15.886979,2.950387,1.6970768,1.2533102,873.8358,,,1.0413228,0.060190503,0.109927155,205.02750803216455,33.05865310119589,1,0.5210498867026652,True
664463502623929088,130.4337431810143,0.06935038,20.604406728885927,0.034762558,5.431695245012729,0.08994584,60.38851,-35.79377315165561,0.09779884,-13.448622826383144,0.068194315,16.841192,18.462273,15.606036,2.8562365,1.6210804,1.235156,889.49316,,,1.0529617,0.18431215,1.4812547,204.9983789438012,33.09901809737548,1,0.9690936836777794,True
664486794229860864,130.49667667639088,0.022420375,20.91859823252928,0.011996001,5.337349437501552,0.026520073,201.25696,-35.85535275796515,0.026808271,-13.16127723357232,0.020916888,11.109174,11.44451,10.610855,0.83365536,0.3353367,0.49831867,2427.723,33.367752,0.28237596,1.3663548,0.18911032,66.03181,204.66817985298465,33.259649196474605,1,0.7141795683902592,True
664490058405455488,130.43801878514992,0.14491554,20.94430806590728,0.07153593,3.3439178441091073,0.19153833,17.458218,-37.764790838573205,0.18980351,-3.8816445070427967,0.14882419,18.164955,19.518696,16.999435,2.5192604,1.3537407,1.1655197,786.9363,,,1.0035477,0.0,0.0,204.6173810666599,33.21655199793237,-1,0.0,False
664604549350339200,128.98523402824983,0.16811347,20.618546550388107,0.1004314,5.593707746588075,0.19870712,28.150515,-35.70620041346794,0.19002558,-13.064732570837291,0.14078906,18.261251,20.311405,16.942785,3.36862,2.0501537,1.3184662,462.11548,,,1.0401307,0.6573894,3.2911074,204.4392458670539,31.827871236826116,1,0.5064047391627823,True
664641413053011328,128.30790289705072,0.16561294,20.713387664114975,0.104844466,5.106633414044466,0.23180035,22.03031,-34.31830947510821,0.1983625,-12.319082212438284,0.1480391,18.589108,20.455679,17.282192,3.1734867,1.8665714,1.3069153,674.862,,,0.98580843,0.0,0.0,204.0815406889176,31.26422055527689,1,0.37402214054309835,True
664648044482566912,128.4080393123393,0.32837054,20.784204383261176,0.19133078,6.176714847304987,0.43796256,14.103294,-30.424543575579847,0.38333082,-18.126819437503517,0.26928702,19.403275,21.396645,17.991648,3.4049969,1.99337,1.4116268,428.2958,,,1.092389,1.1889255,3.6570334,204.04088836186585,31.37637111384691,-1,0.0,False
664704738050818560,129.326165709124,0.3240793,20.84298203668044,0.23687522,5.296774384010863,0.45364213,11.676107,-37.007249647471625,0.40739918,-14.051947051559289,0.28760904,19.507837,21.080969,18.16127,2.9196987,1.5731316,1.3465672,264.63306,,,1.0258138,0.6393887,0.6397696,204.31740368267583,32.20386116776473,1,0.4565530542480941,True
664732401936756992,129.5107941026069,0.016940601,21.205459559659648,0.011455018,4.87623341243068,0.01937533,251.67227,-31.846162234143307,0.020859856,-12.700678360409212,0.014349182,13.757322,14.49934,12.919708,1.5796318,0.74201775,0.83761406,3601.7046,35.156425,1.7581712,1.006513,0.0,0.0,203.9814134073563,32.48761460964065,1,0.18681092754167933,True
664791157089321344,128.85340290533267,0.099231325,21.236789835001673,0.060557626,3.7740151429400735,0.116592444,32.369293,-24.426634460522095,0.12010091,-22.75632035034675,0.08323734,17.76372,19.266775,16.568111,2.6986637,1.5030556,1.1956081,1023.5566,,,1.0194697,0.12121558,0.26743233,203.70495362782376,31.920340092177796,-1,0.0,False
664814727869793536,129.24079357821773,0.01664856,21.56543598313428,0.010691887,5.3136305611420935,0.019302307,275.28473,-34.762636290575784,0.020525396,-14.430262667298534,0.01388527,13.888274,14.697155,13.006337,1.6908178,0.8088808,0.881937,3547.9155,37.339977,1.6248546,1.0849085,0.027622407,0.47770536,203.48032370505857,32.36969932738028,1,0.46188733104489677,True
664908491298890112,131.24506200574905,0.10241519,21.53809182725902,0.047772907,4.10928546177122,0.12241438,33.56865,-35.06132142914164,0.13366441,0.3592716575235294,0.0978623,17.558365,18.952023,16.382421,2.569601,1.3936577,1.1759434,1011.50446,,,1.022209,0.15311521,0.5224872,204.2408375065408,34.12219957532556,-1,0.0,False
664963024499946496,130.84386634914634,0.017372057,21.6716312351962,0.008190484,5.608305450631605,0.020283515,276.49576,-37.73982887386113,0.021553053,-14.116667869178997,0.018135373,10.406225,10.749426,9.894321,0.85510445,0.34320068,0.51190376,4785.4014,,,1.1516354,0.12504433,25.54917,203.94256500839185,33.8127234312894,1,0.5449231285648223,True
665055623995028864,131.16854099898353,0.043427568,21.764856281833897,0.02059396,5.749002432100289,0.05479697,104.9146,-40.2974085092764,0.055155784,-14.923860383682236,0.037816767,16.021715,17.480478,14.843622,2.636856,1.4587631,1.178093,1246.8579,,,0.917933,0.0,0.0,203.95384258242035,34.128290464953544,1,0.2063869789404974,True
665321735872260864,131.08448169392204,0.19047126,22.657307475848924,0.08982745,3.0970533573900876,0.20623435,15.017156,-22.624514790935045,0.22632314,-20.5488988983782,0.16175221,18.830471,20.461193,17.593046,2.868147,1.630722,1.2374249,590.84143,,,1.004655,0.22583976,0.29664874,202.90044566532376,34.33821077327912,-1,0.0,False
665478553719145216,127.59312851626792,0.23142435,21.14894838025959,0.14801417,3.0154403974363193,0.24333152,12.392313,-25.593008674954824,0.29727164,-3.9981516552009615,0.22810194,18.837078,20.539968,17.546833,2.9931355,1.7028904,1.290245,480.9435,,,1.0841767,0.7375997,2.1990309,203.33887113435196,30.78425082039758,-1,0.0,False
665587066069254400,129.11877816036588,0.08574513,21.925516863636837,0.058277205,3.295652103136801,0.09963919,33.075863,-24.16568398276312,0.09767699,-11.515515027902318,0.075289495,17.66226,19.093353,16.507154,2.5861988,1.4310932,1.1551056,1140.7279,,,0.9941167,0.040809516,0.03606354,203.03354706602295,32.38089638916188,3,1.0,False
665661214384481280,128.61270541090917,0.01100325,22.27325351399742,0.00803479,4.000903894633166,0.012545939,318.90033,-21.35369600433851,0.01245505,-11.812353044463835,0.009944572,12.446056,12.86144,11.87041,0.99102974,0.41538334,0.5756464,5397.948,26.116714,0.8231566,0.8842783,0.022738276,0.70835954,202.46437544034484,32.050901616613714,-1,0.0,False
665747663485734016,127.3554915283033,0.013048411,22.087556357573455,0.008947836,4.660501104656815,0.015439875,301.84836,-24.91840441914717,0.015400965,-4.839968972112807,0.0124853775,13.305407,13.871462,12.595494,1.2759676,0.5660553,0.7099123,6342.6543,0.45654094,1.9479104,0.9706401,0.0,0.0,202.22264216223004,30.89017651204237,-1,0.0,False
665861806535278592,127.8712842937744,0.048851352,22.542144810799464,0.03288525,3.3615724383686816,0.05770531,58.254128,-38.36104961274441,0.05542891,-8.788364912236501,0.04264852,15.829921,16.433102,14.290776,2.1423254,0.6031809,1.5391445,1027.6615,,,1.1152387,0.26105273,7.4582195,201.9033701906421,31.489960942639655,-1,0.0,False
665988280436753792,129.20584052829312,0.17214233,22.268300107352633,0.112517364,6.116386569265449,0.196291,31.15979,-28.18537544637097,0.19041647,-19.870169472419413,0.13613604,18.16829,20.180677,16.82476,3.355917,2.0123882,1.3435287,647.0986,,,1.1538976,0.71134424,6.2311697,202.68034904740188,32.5685743026958,-1,0.0,False
666045459338942208,128.94103058962557,0.056307,22.51174196984811,0.037527382,5.785960580824628,0.0645043,89.69884,-38.18760687136971,0.06272665,-16.143313949690622,0.04963363,16.676954,18.168776,15.474652,2.6941233,1.4918213,1.202302,1560.6589,,,0.9904636,0.0,0.0,202.3135676660505,32.41526013053116,1,0.16816132444366585,True
676352899816198016,125.90309997765164,0.058946803,22.19138780468771,0.038709685,4.887535113776611,0.06664093,73.34134,-23.619877899174902,0.07063726,-10.49286915520584,0.050463054,16.53558,17.863117,15.382211,2.4809065,1.3275375,1.153369,1256.0554,,,1.1394962,0.22927509,3.0017602,201.591254593021,29.65595618613187,-1,0.0,False
684561097710611200,135.1425174637508,0.014544558,19.795608632224823,0.010754257,3.9638461800420353,0.016437424,241.14764,-23.947303611048376,0.017104318,-9.869178011131936,0.013715446,12.74706,13.208217,12.127513,1.0807037,0.46115685,0.6195469,3357.8665,27.562311,2.2653823,1.0445161,0.06865449,4.830658,207.74151550976856,36.99038154363298,3,0.8713249392849102,False
684990315266319360,134.85447510538464,0.28327852,21.046491843003473,0.19918396,3.548314048120772,0.35365602,10.033235,-38.90699353397674,0.35621125,-15.039975207915903,0.23209243,19.211351,20.817854,17.972775,2.8450794,1.6065025,1.2385769,377.23557,,,1.086381,1.1964456,3.529907,206.14968467971468,37.14638085502154,-1,0.0,False
685930638225832320,134.54973549139248,0.04579285,22.309611121993346,0.01902704,3.367607859985383,0.059515517,56.583694,-34.63323334846443,0.05582258,-14.656505450959688,0.04269978,15.884923,17.078947,14.802977,2.2759705,1.1940241,1.0819464,2401.7979,,,0.9526851,0.0,0.0,204.5322811649058,37.27451534434305,-1,0.0,False
685934250294592896,134.3743674043432,0.12229098,22.35952723309078,0.057777554,3.458496181031458,0.15243316,22.68861,-36.124274214980794,0.15193552,-11.73539084807238,0.10963716,17.926727,19.326845,16.759054,2.567791,1.4001179,1.1676731,986.885,,,1.0674448,0.34253764,1.6936269,204.41010560813203,37.13546449371481,-1,0.0,False
685998262487111552,133.23585162307424,0.018291134,21.9834478474784,0.008975063,3.5753470420415394,0.021022577,170.07178,-23.166908525988436,0.020516878,-20.605435917766016,0.0145415375,11.80393,12.108246,11.336684,0.7715616,0.30431557,0.46724606,4715.2637,53.894943,0.49984476,1.0124223,0.10015664,14.895933,204.44726457871715,36.01646917978252,-1,0.0,False
686138961319574784,133.9221160053482,0.07264714,22.618132927754377,0.03554557,3.9234680789080336,0.086223476,45.50348,-21.566333599984635,0.08882138,-4.678960994432422,0.061509285,16.924234,18.43356,15.723169,2.71039,1.509325,1.2010651,1315.5254,,,1.0499165,0.16148429,1.1226368,203.94184217458715,36.81680874026716,-1,0.0,False
686154977253836800,133.7336480507881,0.031564627,22.708583370949185,0.017378476,4.974138251559297,0.037443653,132.84329,-37.06346838315145,0.03566651,-15.772752396829492,0.02888092,15.168234,16.34786,14.088235,2.2596254,1.1796265,1.079999,1113.2024,19.491323,6.2784495,1.0609779,0.082783625,1.5883026,203.7681545753501,36.678754274271014,-1,0.0,False
686181846569198976,133.44060351428166,0.018433472,22.74942075536122,0.00989258,4.012387919567171,0.021325963,188.14569,-28.097271704150447,0.02371434,-14.122925861368852,0.017599033,11.529418,11.838653,11.05637,0.7822828,0.30923462,0.4730482,3624.3296,32.026867,0.55730736,1.0602803,0.12863316,25.228128,203.6171608664848,36.43378079811498,-1,0.0,False
686219676641133440,133.40685038057936,0.027061125,22.91847809133744,0.014783832,6.286997645914416,0.03389719,185.47252,-29.13796881870138,0.035289556,-27.752241387220764,0.027418787,14.940257,16.069468,13.886815,2.1826525,1.1292105,1.053442,2517.4119,16.716656,4.123626,1.0433645,0.012536067,0.041075584,203.40519639627476,36.45555645805538,-1,0.0,False
689053874020371712,132.29557187095773,0.08496849,22.203654702270622,0.042510428,5.046277880179798,0.093938135,53.719162,-35.31419456579519,0.10703372,-12.701056412489502,0.07124715,17.364359,18.806185,16.196678,2.6095066,1.4418259,1.1676807,1127.4435,,,1.0155071,0.13895436,0.5543341,203.85289566903072,35.25870485750724,1,0.3805883341846575,True
689063666545789824,132.43667608332115,0.3130835,22.377285468500123,0.15611818,3.3278142245563593,0.32308814,10.30002,-36.17911740877707,0.34939605,2.040190123968721,0.24961741,19.301584,20.807816,18.013222,2.7945938,1.5062313,1.2883625,393.52933,,,1.1008201,1.0681187,2.901938,203.70091730036435,35.437106138419836,-1,0.0,False
689126373066989312,131.77522211058476,0.022551319,22.50960721577659,0.011777777,6.8714340818993005,0.025703497,267.3346,-25.159391908119645,0.02710789,-25.27761363717523,0.019546669,11.667651,12.129162,11.037355,1.0918064,0.46151066,0.63029575,2002.6868,22.645803,0.5109104,1.3552579,0.15772818,36.731308,203.3134597821256,34.897716276492346,-1,0.0,False
612382523033571328,135.08206350080218,0.026940824,18.761204662797883,0.01866344,3.6731755880315897,0.032532863,112.90662,-35.96766930284819,0.036273144,-2.937994110699259,0.025135,15.131364,16.088259,14.16277,1.9254885,0.9568949,0.9685936,1912.7449,13.009633,4.9029856,1.0046647,0.0,0.0,208.93108041099103,36.58336720728381,-1,0.0,False
652723806519607680,127.11871214263331,0.13680996,15.95312100484596,0.09053713,3.191097321098789,0.16400442,19.457386,-29.09496600433198,0.16715951,-12.53109568928678,0.121720046,18.101112,19.592165,16.911474,2.6806908,1.4910526,1.1896381,686.4761,,,1.0211031,0.36939713,1.2802181,208.72484240811968,28.483796333683728,-1,0.0,False
656004787873504640,125.9096568637324,0.09338078,16.73419194976291,0.056200948,4.489453468089596,0.10258072,43.765083,-22.60618210553659,0.110700086,-7.40485030833479,0.068371326,17.532394,19.070114,16.342031,2.7280827,1.5377197,1.1903629,1064.834,,,0.9877135,0.0,0.0,207.4040279248737,27.71013031304767,-1,0.0,False
656093435998328448,126.04359299385928,0.040784143,17.19964053363144,0.027359748,6.338813348355393,0.04922072,128.78345,-49.79873640007964,0.045889694,-16.734065317021177,0.03240585,16.027412,17.389614,14.876025,2.513589,1.3622017,1.1513872,1943.9236,,,0.9688002,0.0,0.0,206.971388793098,28.004657808613008,-1,0.0,False
657639796022342784,129.3847694707584,0.04536323,15.388833236620432,0.03187349,3.1093762341146363,0.05138044,60.516727,-24.188312650499697,0.05222751,-2.6752134125638816,0.03870918,16.204487,17.21778,15.204739,2.0130405,1.0132923,0.99974823,1849.2617,,,1.0111724,0.0,0.0,210.28794817028947,30.27930236169058,-1,0.0,False
657899761803218304,128.0331894639083,0.039773047,15.677586141051796,0.027293695,4.318483310543354,0.048658323,88.751175,-25.730397690550426,0.048071068,-9.885087534023612,0.03368465,15.72563,16.800022,14.637093,2.1629295,1.0743923,1.0885372,1449.522,,,1.0572813,0.124332234,1.6588513,209.401892340928,29.189713149290515,-1,0.0,False
658041353988480512,128.73314306844736,0.16626503,16.325468457752756,0.11746644,5.408493296488803,0.21083713,25.652472,-34.75317990337651,0.19021344,-12.09087924718445,0.1404814,18.418262,20.291199,17.092236,3.1989632,1.8729362,1.3260269,480.5977,,,1.0415897,0.4905557,1.4785562,209.00942658503087,30.05923108028798,1,0.6972322563851403,True
658106779226559872,130.66854854870067,0.07587676,15.93872116490657,0.033941157,5.110609963369076,0.09854605,51.86012,-34.18314415352404,0.09972611,-9.066916203203045,0.06604932,17.190992,18.771526,15.9778385,2.7936878,1.580534,1.2131538,1457.6597,,,0.9648127,0.0,0.0,210.24941698914884,31.63178756199075,1,0.16626258921184808,True
658471950230488576,129.67053222652092,0.3868672,17.104292474284883,0.29097614,4.689404734158699,0.44917125,10.440126,-45.21111066673017,0.45870215,-22.317783339800272,0.41675943,19.759218,21.520086,18.464502,3.055584,1.7608681,1.2947159,242.07417,,,1.0726277,0.0,0.0,208.56231946155512,31.183745964357396,-1,0.0,False
658602070559194496,130.2884442473234,0.12170628,17.571321671340968,0.069907255,5.595479530314627,0.1403303,39.87364,-36.915610956961274,0.14909342,-12.295114946167663,0.10682221,17.95854,19.814846,16.667643,3.1472034,1.8563061,1.2908974,839.14777,,,1.072511,0.27628917,0.89161706,208.30824290257303,31.90425644432216,1,0.5215019547282491,True
658660520770798976,128.12611163123276,0.07236017,15.891562116195413,0.051323805,5.097113287463092,0.08817502,57.80677,-33.41820504312449,0.0859074,-10.109471428139472,0.06597709,17.101683,18.84693,15.841,3.00593,1.7452469,1.2606831,1071.0024,,,0.9963749,0.06228931,0.109865576,209.2149188277449,29.35457763369475,1,0.2672042381251645,True
658885297882572800,128.11326667217915,0.30351183,16.95669923678884,0.1971698,4.504688399592797,0.3458372,13.025459,-21.117641452082808,0.35524887,-9.034607636602,0.23251821,19.036137,20.83674,17.771002,3.0657387,1.8006039,1.2651348,366.95285,,,1.1631879,1.0209024,3.0036678,208.07664005988545,29.747222847250555,-1,0.0,False
658980478654614144,127.81524111176462,0.019437226,16.939478739444397,0.014309721,3.5221256115380637,0.01857625,189.6037,-42.820478407207325,0.022781836,-24.181063188428418,0.01975609,10.7960005,11.061645,10.364966,0.69667816,0.26564407,0.4310341,7083.1387,91.00092,0.445058,0.9681747,0.07967418,6.7352786,207.97200279207703,29.4764966798537,-1,0.0,False
659194952141259776,128.10421042238175,0.030351203,17.93639718036237,0.019602587,3.847071085499167,0.03476712,110.652565,-33.015904264488206,0.03723706,-27.257531978633715,0.024992747,15.106195,16.079649,14.125703,1.9539461,0.9734535,0.9804926,2944.8765,48.69754,8.820083,1.0331928,0.0,0.0,207.0230263804524,30.102266174069673,-1,0.0,False
659445743871414528,129.6429333559165,0.024372803,18.18802096661072,0.016155586,5.5968272319631724,0.034439255,162.51303,-37.17757306263972,0.032172244,-11.808329890831631,0.022191746,14.825863,15.897769,13.800177,2.0975924,1.0719061,1.0256863,2582.3542,38.88398,4.0404415,1.047861,0.0,0.0,207.3700545592578,31.556422619895457,1,0.46856250781099973,True
659467871542951552,130.1292809522229,0.04945876,18.432214458360537,0.028348118,5.324816782633403,0.06055965,87.92681,-34.238028718126664,0.054674968,-11.76312707902935,0.036734037,15.917646,17.2549,14.775864,2.4790363,1.3372536,1.1417828,1291.315,,,1.1086526,0.11573518,1.2728561,207.29751076128244,32.075092919090444,1,0.5927443741748499,True
659487039980639872,129.90047862295012,0.15771969,18.68022890495017,0.106054015,5.593990166556431,0.19075695,29.325224,-35.67609878512015,0.17958345,-11.643935521036603,0.13605711,18.172274,20.068075,16.841543,3.226532,1.8958015,1.3307304,441.25586,,,1.0295876,0.5756057,2.8845205,206.93289146867912,31.96114525713103,1,0.4281425761160416,True
659636406059748608,128.6428185601177,0.047059707,18.79900026054261,0.03437802,5.2615310931835015,0.053561628,98.233215,-34.165299022202056,0.054218058,-12.299308555906348,0.042179283,16.039068,17.473738,14.86366,2.6100779,1.4346695,1.1754084,1174.468,,,1.086954,0.122128196,1.1725388,206.30458758250936,30.891038623668468,1,0.5392692671094487,True
659668635494494848,129.2654407070691,0.016684363,18.667301036225563,0.010795141,5.509458536804253,0.020690085,266.28497,-36.48677618561641,0.021660078,-13.107440854371426,0.014604045,13.576638,14.335979,12.729268,1.6067114,0.75934124,0.84737015,4041.5688,35.988403,1.4277854,1.0666949,0.0,0.0,206.6946826880612,31.394572944851568,1,0.7991085705510179,True
659687498990893056,129.8979079576271,0.014329755,18.876820119677618,0.009408807,5.45198153920533,0.017486112,311.78925,-37.03560523487259,0.01725016,-12.407643620892287,0.0121438615,10.581815,10.876499,10.127614,0.74888515,0.2946844,0.45420074,2581.2754,35.077587,0.29129654,0.9408642,0.06833227,5.8459997,206.7152071190914,32.028751650845074,1,0.6051764362108961,True
659722752082318976,129.17773145114805,0.016609183,18.89518649380596,0.011580217,5.409086612832165,0.020824175,259.75034,-35.71674268734766,0.020671215,-11.347070193940192,0.014892964,13.456867,14.196793,12.618774,1.5780182,0.7399254,0.8380928,4312.2427,35.693905,1.8104115,1.265957,0.069468796,3.413814,206.4105685959409,31.398282205683017,1,0.6478538714644849,True
659734125155723008,129.07907181255558,0.042453222,18.91897963011607,0.027262092,5.531510883283449,0.05483296,100.8793,-36.587598025835035,0.05188404,-13.449346821292457,0.037286185,15.913212,17.266863,14.756545,2.5103178,1.353651,1.1566668,1541.7218,,,0.995411,0.0,1.251196e-15,206.34564791367077,31.319513466529337,1,0.8345094430197497,True
660501034515736960,134.2160202917574,0.37233472,19.11523089737425,0.1825493,5.225050314046536,0.42788795,12.211258,-23.023924891887503,0.5008104,-18.543705537421527,0.39331692,19.509546,21.261454,18.144058,3.1173954,1.7519073,1.365488,337.52866,,,1.0498465,1.2717658,3.021857,208.1674662594958,35.937420245554755,-1,0.0,False
660627753231184128,132.7493528352946,0.09864868,19.009852413015885,0.05018381,5.269799721159056,0.12020593,43.839764,-37.884697375473905,0.11836026,-12.052656383307546,0.08522615,17.670979,19.46973,16.40498,3.0647507,1.7987518,1.2659988,828.594,,,0.97140896,0.0,1.9778355e-15,207.7001712723402,34.60055490628507,1,0.3560450749324333,True
660719425013029376,132.54558275694308,0.090785064,19.55140875630823,0.04704141,4.068669104256303,0.1031849,39.43086,-26.87702913665381,0.11453439,-9.229797477864658,0.07622423,17.467815,19.005705,16.271078,2.7346268,1.5378895,1.1967373,1078.2787,,,1.0090374,0.09080447,0.18141253,207.0020028903204,34.607195474480505,3,0.8346215407196071,False
660790858909027584,133.57741729529033,0.016750973,19.907953097032895,0.008731473,4.313903229005608,0.020911157,206.29672,-24.05544665967509,0.02002315,0.4448321969708815,0.013923883,9.995004,10.236758,9.5944805,0.6422777,0.24175453,0.4005232,6726.1406,41.179543,0.2210191,1.0985432,0.10549791,16.197708,206.9957638159786,35.64181599667316,-1,0.0,False
660878991637884672,133.7591702903496,0.014007566,20.398295943216205,0.0072549814,5.439059332580615,0.015591275,348.85278,-35.721267959207395,0.017701155,-13.474437997841402,0.015530499,13.510819,14.231225,12.688747,1.5424776,0.7204056,0.822072,5126.721,36.334007,1.2431957,0.9877079,0.0,0.0,206.49622099069757,35.966488029518125,1,0.9628284371538205,True
660944717521395840,131.07094359218942,0.019074233,18.736555519419955,0.00856722,5.429878287258102,0.020611279,263.44208,-35.980746277609285,0.022109443,-11.630466723290638,0.01695517,12.072134,12.520891,11.461147,1.0597439,0.44875717,0.6109867,2620.6401,32.897713,0.5098699,1.2665277,0.11668359,21.257875,207.3371881813995,33.01751732990104,1,0.8434452884586692,True
660965745681034112,131.15497311927143,0.083633974,18.92482354794299,0.04137239,5.123384140864366,0.09458365,54.167755,-23.23256397387324,0.10161352,-9.23446113147873,0.09368949,17.194391,18.811354,15.978959,2.8323946,1.6169624,1.2154322,778.47034,,,0.98066235,0.0,2.0896057e-15,207.1604201667533,33.15835747990618,-1,0.0,False
661224547528488064,130.36484263843417,0.0412926,19.277544940918045,0.018046161,5.5749289165135645,0.04374725,127.43495,-34.89764589739097,0.0496513,-11.894755532824266,0.03442369,15.0926695,16.272945,14.01037,2.2625751,1.1802759,1.0822992,2738.9868,32.511364,3.4118106,1.3683101,0.17497474,6.857037,206.45532778660473,32.582890729548794,1,0.38285817035187325,True
661228739416624384,130.6235006633485,0.1405881,19.33119367699162,0.06698948,5.019042508891858,0.16090895,31.191816,-34.92644607955889,0.17143762,-12.00799246549122,0.11486782,18.166243,20.039238,16.881227,3.1580105,1.8729954,1.2850151,702.30756,,,1.0429488,0.5320913,3.3168333,206.4969079941804,32.830370544212826,1,0.3432965758771511,True
661251210685333120,130.33502205951962,0.023562664,19.62284551002534,0.012667046,5.39670766781196,0.026864665,200.88498,-36.464596733700986,0.027521376,-12.897370810186366,0.019708784,15.02115,16.127575,13.9762745,2.1513004,1.1064253,1.0448751,2874.2073,36.50281,3.2177646,1.010808,0.0,0.0,206.05933675297348,32.676731289866176,1,0.8682237785391912,True
661257704675956480,129.8134354095139,0.03742348,19.286474302030044,0.024006365,5.468482705539899,0.047619462,114.83714,-34.83262548566356,0.0460034,-12.691787378808844,0.03256928,15.638341,16.905645,14.515759,2.389886,1.2673044,1.1225815,858.38257,,,0.9870553,0.0,0.0,206.2296512600847,32.09851478212551,1,0.6156580239012192,True
661283199601699328,129.72290595567327,0.018944854,19.57132043916701,0.010253756,5.454094805295824,0.022233926,245.30508,-35.92156853886999,0.02265029,-13.2717638305381,0.014941578,13.639209,14.405775,12.787073,1.6187019,0.7665663,0.85213566,4383.3794,38.98139,2.3542955,0.9889895,0.0,2.5269983e-15,205.87934967107947,32.11807682603293,1,0.9538183401174898,True
661297458893183232,130.1310949829847,0.025677776,19.69523656918572,0.016260726,5.532331901487464,0.030120503,183.6733,-37.37909922672931,0.03128958,-12.5210687274527,0.02153863,14.405758,15.443703,13.395936,2.0477667,1.0379448,1.0098219,3292.2795,40.2708,2.7640038,1.2689996,0.12314742,5.281035,205.89978678502465,32.52164177413477,1,0.6262853422412047,True
661298897704486912,130.05433186394734,0.17223884,19.763825200720262,0.12560697,5.089770843982492,0.20406838,24.941498,-36.79289809864984,0.20486219,-12.656655023591034,0.15354393,18.415886,20.32801,17.104813,3.223198,1.9121246,1.3110733,563.5162,,,1.0127485,0.37667114,0.83840466,205.79384788100475,32.47756993330659,1,0.3533903164659125,True
661319547906688896,130.2284678024781,0.0150560215,19.935115211205883,0.008833749,5.521725771871987,0.017106885,322.77795,-37.04191163285828,0.018355096,-13.913563992379556,0.012247617,11.869694,12.298567,11.281311,1.0172558,0.42887306,0.5883827,2063.5889,36.25832,0.66030306,0.9864832,0.084259726,8.632206,205.6700021700344,32.690356164772766,1,0.5056883223131099,True
661333708415842304,130.78411373086348,0.017887613,19.71314841100929,0.008078812,5.209479191433093,0.021098534,246.9119,-35.175128331610075,0.023606142,-12.980495954514389,0.019235967,12.9349,13.5352335,12.202102,1.3331318,0.6003332,0.7327986,4796.261,34.662315,0.8809423,1.0213798,0.09059517,10.205637,206.13243179932564,33.104778066451516,1,0.5222125402601471,True
661356488922418944,130.71025866043723,0.05129035,19.917635264106252,0.02253764,5.289912249278289,0.059142455,89.443565,-36.71025130582699,0.06386972,-12.506370504700811,0.050378058,16.332142,17.79519,15.148766,2.6464252,1.4630489,1.1833763,1401.7693,,,0.9801222,0.0,0.0,205.8746739740262,33.10980251488992,1,0.5772052689313256,True
661394525152691840,131.1435384318518,0.06745403,20.34148147784301,0.0310743,5.437381456213539,0.076112285,71.43895,-37.00915726109618,0.083498836,-12.868031069094933,0.056535725,17.021366,18.605864,15.80327,2.8025932,1.5844975,1.2180958,1035.5127,,,0.9651836,0.0,0.0,205.56306291308564,33.63651332420473,1,0.6813753342842808,True
661409609077800960,130.56919958815325,0.017759824,20.092311937970255,0.00827152,5.36201912300484,0.023114435,231.97708,-35.280405361415134,0.02414216,-12.502356433244255,0.017025549,13.685377,14.463464,12.8238,1.6396637,0.77808666,0.86157703,4122.5093,33.382374,1.0744075,1.0208546,0.0,0.0,205.6246848092277,33.044984512875395,1,0.9218073842039733,True
661418405170762368,130.224723753255,0.056687992,20.09005262881063,0.03557498,5.4620404597975805,0.06653487,82.0929,-37.108885436067986,0.0651358,-12.776653852109355,0.048360877,16.552881,18.007599,15.369999,2.6376,1.4547176,1.1828823,1402.113,,,1.1176835,0.20957577,2.4461744,205.49557844455543,32.7401673178894,1,0.6323521081032408,True
661450119209251456,130.55746956953757,0.15539508,20.357620464604192,0.04420313,4.1977612834948514,0.15165177,27.680265,-37.035914707863995,0.19541493,-12.177725320956824,0.10570829,16.961046,15.119824,13.705521,1.4143038,-1.8412218,3.2555256,67.479546,,,1.0465237,0.4657819,9.437192,205.3224279657711,33.124824497401306,-1,0.0,False
661542959221950592,131.71901229041865,0.048522823,19.991909286379624,0.024583505,4.694396325816612,0.05509664,85.20295,-26.79365044309902,0.06385654,-19.014868485509027,0.054158878,16.098598,17.306082,15.010097,2.2959852,1.2074833,1.0885019,1987.2921,,,1.0226485,0.0,0.0,206.1792421092511,34.02641597271761,-1,0.0,False
661872469112952704,131.3109729162143,0.017967753,20.997531309802255,0.008439866,5.537129977256439,0.0209141,264.75583,-37.87070718527731,0.022756409,-14.02957676492182,0.016847633,9.400182,9.607107,9.044412,0.5626955,0.20692539,0.3557701,6200.085,31.472391,0.8412471,1.0110703,0.089799225,11.413418,204.88165365603493,34.00321032410246,1,0.5599240867829333,True
662144495162954240,126.79753959001228,0.041256916,17.83216438803034,0.026739206,3.133722519998269,0.046172824,67.869415,-22.239073998676343,0.05228404,-15.550749254707574,0.03618761,15.951201,16.911638,14.980625,1.9310131,0.9604368,0.9705763,2699.5544,,,1.0283828,0.0,0.0,206.60867029440553,28.907615886950538,2,1.0,False
662398134454113024,125.6797254554805,0.2796398,18.311901728054057,0.1787241,3.336695740579437,0.32933235,10.131698,-41.54274699705481,0.34153813,-5.351728937607207,0.2386952,19.378984,20.608547,18.12869,2.4798565,1.2295628,1.2502937,335.5369,,,1.0323616,0.4497624,0.44280672,205.655446272354,28.096629777002537,-1,0.0,False
662655183953995392,128.27307352560086,0.03748954,18.930138723654174,0.028409012,5.405437249642949,0.046043333,117.39892,-34.019376365983476,0.045518514,-12.24237080766419,0.034642015,15.8431835,17.297022,14.662775,2.6342468,1.4538383,1.1804085,1660.5645,,,1.0693525,0.07996288,0.65070415,206.01655925950152,30.61113661401888,1,0.5085104206526256,True
662794169095142912,128.83086252999053,0.022309184,19.59000897460693,0.013674572,5.353842285304585,0.025770428,207.75139,-34.55415693553827,0.02588538,-12.390916598093373,0.017471977,6.4156747,6.7530313,5.903957,0.84907436,0.33735657,0.5117178,5189.311,,,0.9783172,0.11904799,16.271189,205.5138171973442,31.337015947344508,1,0.6325032306435755,True
662813990368040832,128.46748036681458,0.21445127,19.436557558920967,0.13979046,5.080178890313795,0.23407793,21.702938,-36.02849912217492,0.27216133,-14.016356834056667,0.19677337,18.379168,20.3619,17.090305,3.271595,1.9827328,1.2888622,472.87766,,,1.0186096,0.75261515,3.0926878,205.54120295487343,30.962433962506474,1,0.303440706994483,True
662861136225126016,128.4613424114735,0.025033358,19.782893106231644,0.016534036,5.204077191222069,0.028311191,183.81697,-34.149870350029744,0.02994798,-12.95900082496761,0.022228694,14.87531,15.925457,13.856293,2.0691643,1.050147,1.0190172,2495.982,27.049618,4.4484615,1.0569321,0.027551716,0.20685828,205.16035535154325,31.078442317222823,1,0.47689953427960724,True
662975927814718464,126.7741865968283,0.13083807,19.62134253168865,0.08729798,5.260870746061357,0.1544003,34.07293,-32.13046642602725,0.15813991,-13.162693925020918,0.111098856,17.593502,19.47672,16.230291,3.2464294,1.8832188,1.3632107,664.5329,,,1.2991834,0.71761143,9.094174,204.6884464588861,29.534719745099427,1,0.235279276371554,True
662983143359803776,127.39392468127116,0.20497866,19.66693763067189,0.13225034,3.5976215022348703,0.22953136,15.673769,-28.50640341216601,0.25622725,-5.782885762758954,0.19218951,18.942194,20.462048,17.705889,2.7561588,1.5198536,1.2363052,562.5416,,,0.99965954,0.0,0.0,204.87707441126489,30.096826185865353,-1,0.0,False
663140102941534720,127.89960908464424,0.2073131,20.405286485226185,0.12872534,5.527203178694977,0.23961802,23.066725,-35.90959632243542,0.25003368,-14.50561112863613,0.18684049,18.528585,20.635958,17.151007,3.484951,2.1073723,1.3775787,582.49817,,,1.1346823,0.91305596,5.645906,204.2664429250804,30.79949688280828,1,0.4680050710515385,True
663726280078225152,126.5725567474922,0.058884606,19.726523327727,0.039857388,4.952789727197861,0.07490768,66.118576,-31.578076968797923,0.069622956,-12.777544594960553,0.04951787,16.782505,18.356752,15.5747,2.782052,1.5742474,1.2078047,1202.8312,,,1.0232068,0.0,0.0,204.4982347432986,29.394423460798265,1,0.19962315147567333,True
663890171733055488,127.22481717185988,0.0137686925,20.578136998622952,0.009198244,5.619048695721571,0.017253153,325.68243,-33.6655609334792,0.017300257,-16.601457831042538,0.012529757,12.363141,13.060435,11.555334,1.5051012,0.69729424,0.80780697,5116.539,45.549118,5.894593,1.1578668,0.08052505,8.9931755,203.82508562260256,30.2657370927865,-1,0.0,False
663938584604553344,127.15249450648564,0.24289837,20.656045899104132,0.17042778,6.245748340851604,0.29963678,20.844397,-23.91149712000554,0.27831697,-20.91801939669037,0.20242101,19.126057,21.265871,17.831276,3.434595,2.1398144,1.2947807,413.49762,,,1.0430577,0.8444809,2.2882524,203.71342079403985,30.229038362528225,-1,0.0,False
664026412391199360,125.90420073819868,0.2715126,20.473852400799338,0.18426454,3.8050185394595792,0.29536664,12.882357,-30.419597571912732,0.3346835,-12.946951866183143,0.23036295,18.951221,19.987408,17.635406,2.3520012,1.0361862,1.315815,375.4527,,,1.1296452,1.1448022,4.4789724,203.4436197559363,29.06965161564089,-1,0.0,False
664049875796682752,126.27919717975225,0.012814268,20.790251017417933,0.008870003,5.182296271309903,0.014225227,364.30325,-38.61543543877244,0.014174766,-15.481001002004392,0.0104311835,12.425334,12.876319,11.813428,1.062891,0.45098495,0.61190605,4567.046,22.925209,1.2098325,1.0346079,0.057741992,4.1571336,203.2432535664882,29.508664364706114,1,0.13906215693808785,True
664164607259059328,126.39871207340022,0.08806775,21.10230036458208,0.05213006,5.462241669980498,0.10060035,54.296448,-33.875201115936775,0.09526266,-14.747244151919435,0.068064876,17.216671,18.93666,15.959654,2.977007,1.7199898,1.2570171,512.68634,,,0.9761613,0.0,0.0,202.95039375484924,29.720821442098263,1,0.2844951635303085,True
664169520702805504,126.72361559863016,0.034548026,21.218119397580807,0.023912884,3.686634252711191,0.040119886,91.89044,-33.23085096392093,0.039785203,-22.40431642680172,0.030863648,15.709409,16.719957,14.70401,2.0159473,1.0105486,1.0053988,2231.3267,,,1.0602182,0.06316294,0.52519274,202.94418629747128,30.04515471472967,0,0.9186788488669713,False
664281396011231744,129.38496719173872,0.029866403,19.521606295596,0.019115794,5.360287750671979,0.036429428,147.1417,-34.33064677990803,0.035305813,-13.572713984314788,0.023854325,15.258238,16.473196,14.15884,2.3143559,1.2149582,1.0993977,901.1783,-122.10551,8.996832,1.03541,0.025210826,0.11981172,205.8033337423496,31.8022744783453,1,0.5877112848086381,True
664329190407201280,129.99305025274376,0.017067643,20.1581856469881,0.011398067,5.377234203355296,0.020078113,267.81573,-37.38932126151186,0.019918012,-13.894370077622494,0.014195785,8.833936,8.984705,8.553708,0.4309969,0.15076923,0.28022766,5447.686,37.838474,0.5771302,0.9148328,0.092081316,8.533967,205.33118508828363,32.559053844666686,1,0.5675490138823582,True
664330839674663296,129.7716350011842,0.015318312,20.117109988958045,0.009702838,5.465434861094789,0.0186399,293.21158,-35.913395570488134,0.018951336,-12.907079950492474,0.0134832775,9.296399,9.492373,8.952789,0.53958416,0.19597435,0.3436098,5821.2456,34.551163,0.84297603,0.8620509,0.06963462,4.9628177,205.2925773981557,32.349674111839,1,0.8898105841013496,True
664352761187716352,128.94471420446288,0.01941031,19.870863105234093,0.013089248,5.798217556531467,0.02156768,268.83826,-38.4240545806679,0.023619706,-13.921712665962769,0.016172588,13.98608,14.874761,13.054623,1.820138,0.88868046,0.9314575,2486.7817,35.570175,1.955602,1.0542828,0.0,0.0,205.24906246741563,31.53534832226893,1,0.35979159490388735,True
664353757620109440,129.12691910076086,0.14838812,19.92048418539474,0.08655433,5.328779189602465,0.17096512,31.16881,-35.48537178937878,0.1777675,-13.254319856263969,0.11856874,18.028818,19.900084,16.723791,3.1762924,1.8712654,1.305027,674.77136,,,1.0279372,0.0,0.0,205.26414659796484,31.713256072005112,1,0.7631206203161679,True
664366779961036288,129.1903416279573,0.020057442,20.123888269554776,0.0130212335,5.38600821515821,0.024356704,221.13042,-34.43796026265015,0.024010306,-13.36709908352776,0.016672658,11.471399,11.849038,10.934117,0.9149208,0.37763882,0.537282,1643.1799,34.656223,0.3745127,1.0734861,0.13331564,22.307753,205.06377592684024,31.839388437433943,1,0.689233890945989,True
664396294976119680,129.6055574848442,0.13167787,20.35576641611227,0.09593017,5.7156063225140255,0.18777436,30.438692,-36.20326800841377,0.17779496,-13.73321644112457,0.12213342,18.071062,19.975367,16.800085,3.1752815,1.9043045,1.270977,599.16266,,,0.9984006,0.21244217,0.402587,204.96415767302247,32.28482123547188,1,0.34563533397718843,True
664413023871943040,129.39465790278223,0.0889819,20.458311065577217,0.057566803,3.458896919771673,0.11681046,29.61119,-21.260917335742505,0.11384229,-9.089176177499446,0.07710808,16.976437,18.599382,15.7247,2.8746824,1.6229458,1.2517366,474.66568,,,1.2577336,0.4037971,5.375569,204.77063108393855,32.133910262619864,-1,0.0,False
664488001117375488,130.30869070728886,0.23091538,20.86619175495029,0.12192455,3.264766700636893,0.31818786,10.2605,-33.819861880863556,0.30814955,-4.0162315619201685,0.23070438,18.810398,20.251665,17.509037,2.742628,1.441267,1.3013611,517.87354,,,1.0228624,0.6232733,1.5762211,204.6572091695897,33.07660091117782,-1,0.0,False
664506830254039552,129.76587190487936,0.029599259,20.763143303697067,0.019815834,6.141782411925362,0.034094375,180.14062,-46.55081825468084,0.03469446,-20.732823168826737,0.023952356,15.030641,16.18707,13.9627695,2.2243013,1.1564302,1.0678711,1632.7635,23.016365,5.134196,1.1250304,0.0803522,1.3472133,204.57029271371047,32.56402919867023,-1,0.0,False
664547890141278464,130.03194044183894,0.018596096,21.062665934585908,0.011454651,5.506285981979494,0.021545587,255.56444,-37.08840868467571,0.023129467,-14.773519102655602,0.016982064,9.243012,9.4401045,8.900552,0.5395527,0.19709206,0.34246063,5652.0767,33.54384,0.41114572,0.9610481,0.08889557,7.6465697,204.3336419064428,32.89847780742375,1,0.42827726845275443,True
664586476127906560,128.40974961351225,0.073399395,20.481223264415515,0.050652884,5.174195816706987,0.09721264,53.225544,-33.320017229123025,0.09052266,-14.04340789509427,0.07090208,17.29158,18.915533,16.064852,2.8506813,1.6239529,1.2267284,1347.1637,,,0.9879268,0.0,0.0,204.37492519044875,31.27449264224175,1,0.2471192512642545,True
664594585026149504,128.51801170514395,0.013037733,20.57505366490945,0.008665909,5.616094424777042,0.01567934,358.18436,-35.57298206953025,0.015620419,-13.776253456533244,0.01113972,12.500189,13.034167,11.82039,1.2137775,0.53397846,0.6797991,1984.7229,35.40543,0.6870809,1.0039033,0.0503714,3.729355,204.31229894700704,31.40185980802639,1,0.4268861465373872,True
664622137243773952,128.80701228053883,0.16290651,20.779992422942307,0.10901876,3.0803988213761957,0.18067871,17.049042,-22.550118772407792,0.18862277,-9.231158702864333,0.12820768,18.278475,19.734205,17.119623,2.614582,1.4557304,1.1588516,716.4343,,,1.0067912,0.0,0.0,204.19405366863404,31.725829508627136,3,0.9748996282959816,False
664624890315428992,129.0346124608276,0.09137168,20.81461730825796,0.05439276,3.9060259146102183,0.10624374,36.764763,-29.130197110536905,0.10425798,-11.574469134412936,0.0775786,17.35575,18.763014,16.189726,2.573288,1.4072647,1.1660233,1128.4392,,,1.0526934,0.14095503,0.44828844,204.24043194271897,31.93776695154327,-1,0.0,False
664625302630788608,128.9871150226711,0.016607469,20.82625146312941,0.010183348,5.323526676549206,0.019121679,278.40268,-35.55976878084927,0.019593114,-14.211436452853569,0.01476062,11.636927,12.03566,11.035275,1.0003843,0.39873314,0.6016512,1146.5804,34.104748,6.002735,0.89686835,0.09770839,14.500212,204.20985928869007,31.89991277715093,1,0.5456670350131589,True
664641348629985280,128.31408439230853,0.01270287,20.70243351009852,0.008476232,5.508565533678367,0.01693296,325.31613,-35.22129234347639,0.016156102,-14.531727507286622,0.012413545,12.447351,12.954729,11.788123,1.166606,0.5073776,0.6592283,3317.264,35.377293,0.7182816,0.9843695,0.05487964,4.4428797,204.0958940419928,31.26592376321134,1,0.4457657460630529,True
664678594586404224,128.8829134317799,0.2713922,21.01786140604323,0.16957954,5.709061581046063,0.29839596,19.132504,-35.76381975402258,0.34940955,-14.311535817889446,0.2284703,18.981325,20.907738,17.632713,3.2750244,1.9264126,1.3486118,440.67032,,,1.0538261,0.78262496,1.9879596,203.95876323698505,31.872868265362353,1,0.3007122568256628,True
664689276168733056,128.54730878677393,0.13692889,21.070716892056844,0.09167931,5.554954148840856,0.15340681,36.21061,-35.37284172771374,0.15724392,-13.867809668158143,0.113275126,18.070448,19.98175,16.804691,3.1770592,1.9113026,1.2657566,893.69727,,,0.9657199,0.0,0.0,203.77631151455807,31.595700570919508,1,0.47162335741337796,True
664855993915098752,130.99805099125066,0.10181463,21.03311669492651,0.04422761,5.438927346326078,0.12283945,44.276714,-39.54731903755997,0.1281737,-5.214909513482551,0.08420781,17.610977,19.235838,16.396484,2.8393536,1.6248608,1.2144928,1047.3019,,,1.0301903,0.02129488,0.010448756,204.72494712914423,33.7392706834386,-1,0.0,False
664862453545857920,130.6450578481503,0.024775574,20.99461365814573,0.01209014,5.5699983097862145,0.031097593,179.11348,-37.87535382516717,0.031176595,-14.382412156458695,0.021985559,15.0067625,16.1281,13.954826,2.173273,1.1213369,1.0519361,2683.5603,33.20805,3.7919648,1.0607221,0.0,0.0,204.63752006623037,33.41560677338445,1,0.5311139037347304,True
664864824366806912,130.66386143463913,0.07338358,21.045686367728212,0.032101016,7.87078718178043,0.093355685,84.30967,-48.93828844516575,0.10310279,-21.7265728256306,0.0831335,15.833975,,,,,,1188.672,,,0.9611807,0.3463338,16.136385,204.58676046392088,33.449104097123204,-1,0.0,False
665279821288157696,130.8704123807538,0.06317153,22.33161910917455,0.027391184,3.69786831750291,0.07820302,47.28549,-23.9972215200116,0.08110212,-16.620523205499598,0.05786445,16.963705,18.483995,15.766755,2.7172403,1.5202904,1.19695,1562.0997,,,0.974002,0.0,0.0,203.19871231425745,34.04782382525728,2,0.9889282943857443,False
609661300474220416,130.70949773175644,0.01462948,15.449338562844646,0.006957325,5.454207531550525,0.01676484,325.3361,-37.00820762360336,0.016715921,-9.555604312503617,0.012303939,12.744907,13.309092,12.04184,1.267252,0.5641842,0.7030678,4483.9404,35.10338,0.75132203,1.1228527,0.07650382,8.083824,210.79759995889617,31.480633325741397,1,0.18648492696839802,True
609665939038899456,130.59631564913968,0.038087934,15.53566709245121,0.017441288,5.020721924545668,0.042394612,118.4283,-36.65248626354523,0.04266255,-9.390804728335803,0.034474567,15.901093,17.165476,14.783863,2.3816128,1.2643833,1.1172295,2316.442,,,1.0536917,0.04951738,0.3541361,210.65497621088645,31.413225389428455,1,0.15019817898249915,True
609798533269509888,132.07349827879813,0.045414925,15.307850814515149,0.023327833,3.809655346980123,0.05325848,71.53143,-26.510632051146985,0.054375917,-10.464784020965745,0.040458813,15.622331,16.703802,14.555037,2.1487656,1.0814714,1.0672941,2717.5723,,,1.3114297,0.2200262,7.470254,211.55029246361372,32.63941571025958,3,0.9849031400977013,False
611428765416227968,134.01539158444209,0.039938997,16.498340403906553,0.01871091,5.65840011514545,0.047047324,120.27039,-21.45227049605569,0.05207762,-14.936326169379525,0.0323336,15.864533,17.21506,14.716248,2.4988117,1.3505259,1.1482859,2017.287,,,0.97543,0.0,0.0,211.07886019538617,34.819145699654975,-1,0.0,False
611597849688340096,133.632347385142,0.013354737,16.93163198115976,0.006314716,3.4597265331580953,0.015579675,222.06667,-45.35485080112187,0.016779413,0.8594684670718322,0.01191186,13.347086,13.791774,12.738862,1.0529118,0.44468784,0.6082239,9206.655,62.06306,1.4504637,0.9693167,0.0,3.40618e-15,210.42363155570493,34.63930169316083,-1,0.0,False
611708311951439744,133.19253453080003,0.074968696,17.061283126210956,0.042590667,4.107710189689222,0.08589724,47.821213,-40.8115704766693,0.09650328,-14.891150400450623,0.08417221,17.289751,18.695189,16.136806,2.558382,1.4054375,1.1529446,1147.3468,,,0.970418,0.0,0.0,210.08943402472607,34.2960797052071,-1,0.0,False
666245295576958976,130.19402089467474,0.064953335,23.78735273750281,0.038886964,3.22681608987901,0.078250535,41.236984,-22.176354429345505,0.07536695,-1.5333670350298183,0.058700923,17.03444,18.340183,15.90059,2.4395933,1.3057442,1.1338491,1540.4136,,,1.0172465,0.12903133,0.7569326,201.29691029625496,33.90864689490619,-1,0.0,False
666381600658409984,128.55484043458267,0.014034297,23.70315307943679,0.009314882,4.813840389954637,0.01679003,286.70825,-30.79843801119206,0.017138017,-21.66534438344342,0.012481716,9.666049,10.065721,9.055558,1.0101624,0.39967155,0.6104908,7676.0845,61.322117,0.28297478,0.89962023,0.061282504,4.2033906,200.8412858674242,32.455059471914645,-1,0.0,False
678068275395722368,127.35034521328475,0.04014917,23.81089186547589,0.027247723,3.177353602596396,0.046033032,69.02334,-28.452271120117175,0.050492633,-22.47076929548317,0.035719857,16.140509,17.309433,15.062255,2.247178,1.1689243,1.0782537,1857.2098,,,1.0341784,0.09086121,0.7063222,200.31446091942365,31.44158528631817,0,1.0,False
684661393786782336,135.0075715673602,0.013380066,20.409821077739984,0.00963813,3.323319036718004,0.015381414,216.06068,-33.22276870477597,0.015521354,-6.054524330176921,0.012654916,11.810451,12.136395,11.321829,0.8145666,0.3259449,0.4886217,4345.241,12.709804,0.7277668,0.9718463,0.07972935,10.175952,206.96305799392792,37.07484579952048,-1,0.0,False
684960804546699392,134.3260155729997,0.020021474,21.109722352732664,0.009723988,3.668427358219586,0.02286818,160.41623,-21.610376746993225,0.025151907,-11.323448141460624,0.017614564,8.951212,9.129485,8.63412,0.49536514,0.1782732,0.31709194,4164.724,34.89486,3.1570578,1.1212994,0.13431557,25.166523,205.87639881664137,36.69982172467656,3,0.8425794094244436,False
685821481633377920,134.25567595406716,0.08322976,21.589957892639298,0.036053073,5.481917592768709,0.09265518,59.16472,-40.780729106541315,0.09626671,-13.515637369621874,0.06391447,16.688448,18.471237,15.39475,3.0764875,1.7827892,1.2936983,728.6225,,,1.2567002,0.33930975,6.428131,205.2823264013127,36.79099805843367,1,0.16386862764939542,True
685929680449391488,134.43988247429533,0.10415915,22.293905320234423,0.04903519,3.5819487005074593,0.13109757,27.322771,-38.58042804188601,0.13386698,-18.854777632504995,0.096189626,17.801441,19.357262,16.61101,2.746252,1.5558205,1.1904316,1004.5318,,,1.0195876,0.0,0.0,204.51182209516284,37.17297172509945,-1,0.0,False
686030972958009984,132.45798423851147,0.028608862,21.881882716021103,0.014405524,6.017157208544958,0.034845795,172.67958,-43.00214070156645,0.035354394,-24.496051698959995,0.023512578,15.161381,16.246466,14.128616,2.1178493,1.0850849,1.0327644,2820.7385,31.652529,4.279204,1.0251837,0.0,0.0,204.2851407084667,35.299794148132364,-1,0.0,False
665492679867436160,127.77720915115628,0.02647746,21.399285996956543,0.01674508,3.390564035750025,0.030951258,109.54527,-28.540341521558595,0.031898875,-2.3481996703162635,0.022343034,14.598915,15.385137,13.633331,1.7518053,0.7862215,0.9655838,934.5314,,,1.0957872,0.061085638,1.1703187,203.13160974475565,31.030157514719367,-1,0.0,False
665573008639069696,128.4718545456252,0.3496886,21.767486296866153,0.21242271,5.2765112419006375,0.3887712,13.572279,-22.178255964069628,0.4398028,-10.72310822590706,0.29361534,19.51767,21.11999,18.177536,2.9424534,1.6023197,1.3401337,316.8955,,,0.95493567,0.0,0.0,202.97689364856453,31.761844360143964,-1,0.0,False
666283572324959104,128.54345367068802,0.044024773,23.163866177466417,0.030434033,3.475557723070695,0.051406667,67.609085,-22.489998330848028,0.050465368,-18.027175440883383,0.03639572,16.273252,17.42858,15.206978,2.2216015,1.1553268,1.0662746,1923.3967,,,1.0301621,0.0,0.0,201.4436576840553,32.27597893182301,-1,0.0,False
666488493804753792,128.8292704364942,0.13655186,24.087747896152543,0.097161174,3.7835846450173527,0.17051156,22.189608,-23.10071258926235,0.15258677,-0.7980133130571774,0.11116111,18.30316,20.119682,17.034937,3.0847454,1.8165226,1.2682228,656.6076,,,0.9975963,0.0,0.0,200.4987897561968,32.81237910627474,-1,0.0,False
676349876159318144,125.92649355860678,0.014732446,22.088871665526355,0.009853558,3.089923081548203,0.015940232,193.8443,-27.58033371990686,0.018384421,1.7887665904209336,0.012834706,11.872802,12.159165,11.424471,0.7346945,0.2863636,0.44833088,3713.386,17.48219,0.7889072,0.9204395,0.070592724,6.136914,201.71075422259236,29.64204655698925,-1,0.0,False
677887646245965696,126.01196574291076,0.10782498,22.76279013473197,0.079016864,7.657143505056437,0.14331882,53.42734,-50.702212319652595,0.1293689,-9.63431993120927,0.093381844,17.7595,19.594013,16.462664,3.1313496,1.8345127,1.2968369,756.275,,,1.044064,0.25609136,0.9194874,201.00852525933053,29.940398905577997,-1,0.0,False
678496638249032704,128.6293878177309,0.050812483,24.046863683593816,0.038202494,4.182598297729232,0.06513408,64.2152,-23.212262557828844,0.06400688,-18.45113572507824,0.053598028,16.571323,18.049795,15.387892,2.6619034,1.4784718,1.1834316,1546.3627,,,0.97548425,0.0,0.0,200.47852672087816,32.62612818703396,-1,0.0,False
684620054725263232,134.70030503653695,0.21861602,19.90906579111716,0.16547878,5.13023900688875,0.24281724,21.127985,-34.319747131764075,0.28685468,-26.44404682577759,0.23898374,18.69037,20.423914,17.423168,3.0007458,1.7335434,1.2672024,479.00647,,,0.974648,0.0,0.0,207.43379615662593,36.63657280030911,-1,0.0,False
684663317932124928,135.2127781542237,0.15390672,20.382887793893687,0.11292561,3.779520500007639,0.1786458,21.156504,-30.497695941728665,0.1838337,-23.941080559708947,0.14597958,18.114828,19.565042,16.95133,2.6137123,1.4502144,1.1634979,568.1062,,,1.0777436,0.5389843,2.689682,207.0742866622519,37.24765491387044,-1,0.0,False
685805263836505472,133.57531460431815,0.01956317,21.735320369784777,0.009493793,5.474524004460704,0.025688205,213.1143,-29.2485396752475,0.025603581,-15.43381366305795,0.016355876,11.941361,12.349518,11.366726,0.9827919,0.4081564,0.5746355,5156.85,27.21313,0.51589715,1.3140986,0.114668414,20.559935,204.86181996100072,36.23716882139332,-1,0.0,False
611899661334391424,133.59454500261663,0.098691076,17.830904574323313,0.04436671,3.70571535848864,0.11391108,32.53165,-23.299724548652257,0.113806546,-7.753250749029471,0.08380746,17.731861,19.115824,16.600266,2.5155582,1.3839626,1.1315956,1120.0062,,,0.96737117,0.0,0.0,209.38791566858507,34.93332757851987,3,0.9040531173605812,False
611917017298087552,133.3643298684989,0.049044754,17.975943684541118,0.025793651,5.218034197325437,0.06014362,86.75957,-33.215722990048064,0.06112559,-7.801835959069989,0.042636808,16.497328,17.9444,15.314178,2.6302223,1.447073,1.1831493,2024.9349,,,1.0224978,0.0,0.0,209.12711419216572,34.78092274908134,-1,0.0,False
612270540350655616,134.6627255388519,0.022917325,18.28652138869382,0.014966804,6.166557334807841,0.026458394,233.06621,-45.26121995420549,0.02930343,-12.200861694842844,0.021894664,11.495299,11.884532,10.805763,1.0787687,0.38923264,0.6895361,1738.3683,42.556805,0.7904231,1.218984,0.16346268,31.578327,209.3098216753346,36.04458742828652,-1,0.0,False
636506662844866432,135.21347450225204,0.15040112,19.49634826619904,0.12145686,3.1350703575227272,0.15975575,19.624147,-23.33784478173309,0.17775518,-23.505220711728143,0.14229745,17.991087,18.16668,16.547491,1.6191883,0.17559242,1.4435959,221.59583,,,1.1337488,0.45545048,2.0862353,208.12235223549115,36.95235595274931,-1,0.0,False
657604469915647360,129.00899639819647,0.16750005,15.061925286146744,0.10558336,3.014744525164174,0.18616033,16.194345,-24.687326987228,0.19924374,-21.194506486152168,0.1411041,18.347326,19.67474,17.172295,2.5024452,1.3274136,1.1750317,611.07404,,,1.0245885,0.43069807,1.3005568,210.4732166734217,29.818197780007363,-1,0.0,False
657991944685073024,129.91154076624133,0.29461113,16.224283451293633,0.22912294,3.95419736339402,0.37441242,10.561074,-25.871826281813824,0.3855812,-17.004934266573496,0.32287154,19.466251,20.943172,18.264942,2.6782303,1.4769211,1.2013092,315.54587,,,0.957314,0.19002572,0.060556807,209.61641293955464,31.067517829290413,-1,0.0,False
658135091651049344,131.38883678241808,0.05511942,16.308079024233383,0.027551694,3.2253493408652267,0.06557226,49.187714,-27.32175708148999,0.062470797,1.5677873336918793,0.044528164,16.398067,17.39493,15.415103,1.9798269,0.9968624,0.9829645,1851.1716,,,1.0055245,0.0,0.0,210.15562480187768,32.412109772525135,-1,0.0,False
658138970005351936,131.23596014197486,0.13408226,16.39317341053132,0.05506689,3.6095884940307426,0.14429985,25.014498,-35.04994631452474,0.15835947,-14.82445172154586,0.09871192,17.857635,19.497644,16.637465,2.86018,1.6400089,1.220171,927.00555,,,1.0152868,0.11081104,0.19094887,209.99689115448223,32.30827298613641,-1,0.0,False
658266101037427968,131.84641092643264,0.3482169,16.735621172143492,0.17078955,4.01617619695856,0.39269382,10.227245,-38.11677742772756,0.45181116,-26.694180156462178,0.28692704,19.566511,21.277723,18.33193,2.9457932,1.7112122,1.234581,346.60373,,,1.060274,0.833509,1.3354273,209.87996358026243,32.97904652511502,-1,0.0,False
658436014239681536,130.3240019880264,0.09434247,17.055682577990737,0.047180504,5.584206870416527,0.11083513,50.383007,-36.27788771201303,0.11901664,-12.190870475773496,0.08339042,17.285534,19.110542,15.989344,3.1211987,1.8250084,1.2961903,933.9752,,,1.0363603,0.19246668,0.955749,208.88710094302655,31.745712745071717,1,0.5545484224525858,True
658719894398631808,128.30324006483593,0.07706123,16.52445901023064,0.053357255,3.872924778591825,0.091429085,42.35988,-23.404828005621567,0.093298934,-8.472202635208328,0.06499353,17.125328,18.562557,15.951352,2.611205,1.4372292,1.173976,1003.6585,,,0.98846644,0.0,0.0,208.61675732288316,29.753000548630386,3,0.8362589688932367,False
659441242745739648,129.86424206947555,0.08628179,18.248736665736477,0.055139564,5.424633528040224,0.10224495,53.05527,-34.51326691812267,0.09961182,-11.41978378294668,0.068011075,17.24353,18.910093,15.977807,2.9322863,1.666563,1.2657232,531.37933,,,1.0658066,0.22083801,1.2072451,207.39269262133263,31.774380052870857,1,0.41426897161634857,True
659455536396840064,129.73042993879403,0.025740333,18.366461934625665,0.015809612,3.820467528116035,0.031006731,123.214134,-31.478107691164553,0.031228522,-14.84200420953685,0.021220095,14.680673,15.50734,13.791412,1.7159281,0.8266678,0.8892603,3401.9639,15.025138,3.3033772,1.0134487,0.0,0.0,207.20976698166595,31.69825623072724,-1,0.0,False
659539236719824768,128.97712816613512,0.014578505,18.14929850967838,0.010223834,5.288050304467898,0.016194597,326.53177,-34.437507978560454,0.016016388,-11.64127965234403,0.012197355,10.734722,11.034366,10.274084,0.76028156,0.29964352,0.46063805,2498.824,35.31825,0.51179504,0.95886123,0.07300662,6.2522087,207.14423848427623,30.95274281292451,1,0.6384868264045837,True
659674614089018112,129.8472381051127,0.10430449,18.665527811422795,0.07054989,5.225283426286158,0.12336867,42.355026,-35.079657024753324,0.11644907,-12.270224825436218,0.08527874,17.67563,19.405792,16.362925,3.0428677,1.7301617,1.312706,670.8169,,,0.9998542,0.0,0.0,206.92788718993623,31.9087803638424,1,0.49330378432129846,True
659726669092428160,128.86302596030998,0.07049859,18.81471905707657,0.048941948,5.098348997480521,0.08723215,58.445755,-33.88478434155519,0.08434244,-11.915905890234836,0.05962716,16.710072,18.38647,15.448266,2.9382048,1.6763992,1.2618055,903.97876,,,1.0292479,0.14851984,0.847084,206.37435844701056,31.091341971076343,1,0.33548923363798894,True
659758967246506880,129.4874782822385,0.015740989,19.23615948220589,0.00944895,5.374646888233299,0.018158762,295.9809,-35.3850724378661,0.018181806,-12.345972994526711,0.01221591,11.638589,12.031762,11.083295,0.94846725,0.39317322,0.55529404,1849.4187,35.31291,0.43651366,0.84978527,0.0762191,7.1786995,206.15775933593957,31.7927430759352,1,1.0,True
659950381052723456,132.75535592848075,0.14560914,18.06088665512784,0.07849721,4.031769287371513,0.17623195,22.877628,-32.232974199888986,0.19198632,-12.427024334391191,0.17262796,18.270426,18.231243,18.383114,-0.15187073,-0.039182663,-0.112688065,767.47687,,,0.9765857,0.0,2.019843e-15,208.77904140351296,34.27068047984785,-1,0.0,False
660069235683735680,131.60948176620423,0.09479286,17.84563622868317,0.04527079,5.968713492542599,0.10384614,57.476505,-40.492090619358066,0.11710051,-12.960702361796873,0.07581742,17.56959,19.337275,16.303654,3.0336208,1.7676849,1.2659359,1031.6874,,,0.9636216,0.0,0.0,208.5486473840666,33.1762020038031,1,0.15874569643242942,True
660191934309271424,131.420134434621,0.12727365,18.58255206377317,0.06879853,5.526812499461557,0.1450099,38.113346,-35.57307677486111,0.16422312,-11.57859988098012,0.13631058,18.145935,20.14569,16.842089,3.3036022,1.9997559,1.3038464,718.28394,,,1.0061873,0.0,0.0,207.64917940634257,33.27233121508054,1,0.4303323981975061,True
660302087334294656,131.67946208741714,0.14560479,18.990371420730444,0.07161641,3.118877182816876,0.16566063,18.826906,-27.617430733695503,0.18648498,-10.15031676521248,0.121376276,18.306608,19.918856,17.074823,2.8440323,1.6122475,1.2317848,693.06104,,,0.95325136,0.0,0.0,207.29546509849683,33.645843195560275,3,0.9612173549195567,False
660360228307860992,133.53601676119777,0.016598398,18.47741251579945,0.008908394,5.287735483593039,0.019134706,276.34265,-26.83183737119655,0.020228706,-5.246460062606913,0.017020978,13.879452,14.688841,12.999039,1.6898022,0.8093891,0.88041306,4857.3354,32.0519,1.5630112,1.0143884,0.0,0.0,208.62604262565796,35.111636434931775,-1,0.0,False
660437572078855040,133.2414841221283,0.10374897,18.907501569246815,0.054984547,4.137467757187769,0.11759247,35.184803,-22.266456250704103,0.13363673,-18.95856412940047,0.10063057,17.759186,19.3493,16.52491,2.8243904,1.5901146,1.2342758,922.0288,,,1.006789,0.10349899,0.17888333,208.014485191231,35.00116962919335,-1,0.0,False
660455469206445056,133.79127719400023,0.09155357,19.065558376603565,0.041064877,4.031472066203566,0.1105095,36.480774,-33.74163772662813,0.11226793,-7.834305003263781,0.071542986,17.50291,18.98238,16.313091,2.6692886,1.4794693,1.1898193,1188.3584,,,1.0042202,0.0,0.0,208.0540847054318,35.54358388226854,-1,0.0,False
660562126130388992,134.0946864808055,0.031243185,19.427146611690425,0.01644051,5.8838094467916475,0.035451833,165.9663,-42.429532195285006,0.038410194,-13.275687082817695,0.029197417,15.637247,17.120243,14.450134,2.6701088,1.482996,1.1871128,1901.2526,37.485756,6.135573,0.99494916,0.0,0.0,207.75707327689415,35.93688159751994,-1,0.0,False
660573808442736512,133.68901806183686,0.022305146,19.43891586792226,0.011300477,4.3512359396582925,0.027648127,157.37906,-22.43284234215752,0.028386164,-16.976627381713477,0.020168671,10.468104,10.719159,10.054576,0.6645832,0.25105476,0.41352844,4002.0784,-31.774717,0.25857863,1.2048314,0.17151348,49.113434,207.58231008957588,35.58138601670209,-1,0.0,False
660700561516668288,132.5771018388442,0.014310684,19.428471296184885,0.0074593085,5.389463604447701,0.017365126,310.36133,-33.48042256513337,0.017699694,-10.62220482439762,0.013033766,12.468853,12.948862,11.831903,1.1169586,0.48000908,0.63694954,4823.817,5.8403015,0.87722,1.0491362,0.06613021,5.811712,207.1546676299751,34.59287470652795,1,0.2301109382905299,True
660964405651410304,130.9744687425084,0.31540924,18.95050037752017,0.12878887,5.659016688090858,0.34564272,16.372446,-37.37986913012621,0.35282576,-12.506964012230046,0.25604036,19.352741,21.08721,17.99154,3.0956688,1.7344685,1.3612003,458.53433,,,1.042679,0.8032922,1.9232051,207.0600429472047,33.007573129230856,1,0.41991469681425864,True
660966849490060928,131.1151830972555,0.07184498,18.96926004668283,0.03738424,5.357625590876266,0.08778384,61.032024,-36.10858855972589,0.09007662,-11.433332824372876,0.07508468,16.683369,18.237228,15.462088,2.7751408,1.5538597,1.221281,993.6575,,,0.93959564,0.33227196,6.5080466,207.09493046046975,33.13875070772736,1,0.7522136992248701,True
660982620608939904,130.6187118096443,0.01726489,18.714918352157945,0.0077266926,3.426347476623288,0.019310988,177.42993,-24.183155170785017,0.021203233,-26.903389217567213,0.014174512,13.855375,14.394524,13.166801,1.2277222,0.53914833,0.68857384,6957.3286,51.451298,2.185258,1.0127256,0.0,0.0,207.1807052869369,32.60934157911976,-1,0.0,False
661034155919816960,130.5512543337845,0.012781421,19.213462040240973,0.006862897,5.366858364034063,0.014741126,364.07382,-36.39986040242803,0.015768576,-11.778892637834968,0.011750988,13.246718,13.914143,12.462534,1.4516087,0.6674242,0.78418446,6888.1304,34.43101,1.0460155,0.98631454,0.0,0.0,206.5997707380063,32.72533677456617,1,0.7851850159666751,True
661078896595610240,131.46405420686273,0.039417297,19.424189770724848,0.017912617,5.561488748104203,0.044788156,124.1732,-37.9459765343557,0.0461855,-13.22988136549747,0.030818837,15.746805,17.10409,14.597674,2.5064154,1.3572845,1.1491308,1354.7422,,,1.0555108,0.061992228,0.5602094,206.72200768419407,33.60621557753646,1,0.48221988393018933,True
661200388334089856,130.2242625485631,0.34395126,19.187006275549503,0.23233874,4.81330729837385,0.42160526,11.41662,-36.455798093560965,0.46323285,-12.694445733267257,0.30466524,19.259886,21.812809,17.907053,3.905756,2.5529232,1.3528328,335.33945,,,0.9732416,0.25872982,0.13539118,206.50073887973684,32.42684906599619,1,0.2273386375766415,True
661211727047722752,130.10919320421056,0.017756207,19.219367820643992,0.013227054,5.448930017773769,0.024901865,218.81613,-36.58012687732941,0.025040427,-11.35230976294261,0.01855375,12.561142,13.099684,11.869166,1.2305174,0.5385418,0.6919756,1910.6646,34.709194,1.2032082,1.0465484,0.075463794,5.5714526,206.41970526573743,32.336446297817474,1,0.4868626120806999,True
661215751435494144,130.0102172444286,0.081476696,19.27765471126905,0.04989086,5.32429717724506,0.10208073,52.157707,-35.049275518267905,0.11038605,-12.624775584469797,0.07296894,16.961874,18.561354,15.740832,2.8205214,1.5994797,1.2210417,990.27356,,,1.0502434,0.1736594,0.94190204,206.31635913429088,32.26937450891602,1,0.850950532549667,True
661222279785743616,130.5477385973171,0.016376726,19.27695537540596,0.008819393,5.438696276555397,0.018364618,296.1508,-36.81959755266032,0.019343918,-12.384259935967505,0.014106728,11.92576,12.359503,11.325395,1.0341082,0.43374252,0.60036564,1937.127,35.37174,0.42493132,1.296237,0.124453224,26.98203,206.5276761619243,32.74443256537257,1,0.6872916606433247,True
661258872906952320,129.7593254704154,0.014705674,19.326186226770247,0.00846333,5.533040894904067,0.016757747,330.1781,-36.80161747346449,0.017210888,-12.70522478113596,0.011835832,12.113306,12.586641,11.485772,1.1008692,0.47333527,0.6275339,2358.5889,34.68712,0.8756689,0.92464536,0.06027191,4.4089136,206.1646246267134,32.06461428565389,1,0.6830042984429133,True
661262652478166528,129.76268617414615,0.09548984,19.40430323164999,0.057495136,5.3295745319902466,0.114926025,46.373955,-35.661765365616304,0.10895627,-12.720077116692678,0.08204784,17.346346,19.068306,16.082958,2.9853477,1.7219601,1.2633877,1003.4769,,,0.96084607,0.0,0.0,206.07957604505236,32.09493458079835,1,0.7264206054719409,True
661270245980335104,129.8028394431893,0.26435488,19.504625131419864,0.17219976,5.1824557825080175,0.35666916,14.5301485,-36.29903435974643,0.32074332,-13.309426101151232,0.21748678,18.992228,20.72379,17.611553,3.112236,1.7315617,1.3806744,412.51395,,,1.06637,0.878835,2.4202974,205.98418151286887,32.16544597450983,1,0.4663530908264331,True
661292953470107392,130.15810338723887,0.30111977,19.60786611892208,0.19498467,5.165497112627671,0.34542874,14.953873,-36.024608907211686,0.35716385,-13.78554534963153,0.2556061,19.188862,20.871588,17.838776,3.032812,1.6827259,1.3500862,387.32697,,,1.0796667,1.2340777,3.5397613,206.00743482717692,32.51522242520255,1,0.39068228520498,True
661314570042801280,129.90462253117587,0.023336066,19.816043502697823,0.016078265,5.46475876952767,0.031679515,172.50134,-35.51793098355037,0.030520732,-14.002475850561249,0.020144295,14.480734,15.45739,13.503534,1.9538555,0.97665596,0.97719955,1920.8206,33.026344,4.6096005,1.0014204,0.0,0.0,205.67813349689948,32.36342401297471,1,0.6488505407372659,True
661319483485360000,130.20118380595144,0.01747371,19.921865562126374,0.010600453,5.3956493436395485,0.019196924,281.06842,-34.84307096395828,0.021307971,-11.806526353183138,0.014296453,10.868907,11.188203,10.38515,0.8030529,0.31929588,0.48375702,2259.756,35.08467,0.35709107,1.0600625,0.10815305,13.989094,205.6743112832548,32.66171476707796,1,0.672262624499882,True
661332948204741504,130.79290435255527,0.28584304,19.71032146616259,0.11990825,5.611426390875538,0.33934385,16.536108,-35.365035368537555,0.37650913,-11.975138982118938,0.2801571,18.951723,20.77682,17.640669,3.1361504,1.8250961,1.3110542,549.0125,,,1.0541748,0.99699295,4.3712983,206.13900460980105,33.11157242890288,1,0.42626493729790177,True
661365697332234112,131.0883360876666,0.09580002,19.936555464863876,0.041882526,5.264640158524891,0.10737479,49.030506,-37.29981322345673,0.11739174,-14.498121699243264,0.0759322,17.216053,18.958725,15.951572,3.0071526,1.742672,1.2644806,1210.0774,,,1.1916982,0.39234713,5.078998,205.998908557659,33.45025703456845,1,0.29225751002785133,True
661410360695218048,130.49500476453557,0.017591195,20.107461234612312,0.008236077,5.315735656074046,0.019872712,267.4892,-35.49445511061158,0.022000978,-14.531424354015876,0.014995302,12.857078,13.446493,12.130836,1.3156576,0.58941555,0.72624207,2691.5708,33.637108,0.60870785,1.0840441,0.091757916,9.5314045,205.5793453993418,32.984661695542634,1,0.4761966890939792,True
661430705957076096,130.44948023285875,0.16786526,20.38958576959169,0.07912441,5.315472562824099,0.196692,27.024345,-35.90707511098331,0.19105469,-12.52060473057476,0.14736895,18.332092,20.348928,17.02782,3.3211079,2.0168362,1.3042717,629.73627,,,0.9543042,0.0,0.0,205.2456225382578,33.04039336673088,1,0.6927047919202479,True
661485337940766208,131.9751282382134,0.1184147,19.732692731786777,0.06266407,5.703305355705628,0.13533992,42.1406,-37.83993585537578,0.14737602,-12.45263594718149,0.10556058,17.591015,19.438408,16.277155,3.161253,1.847393,1.3138599,971.0747,,,1.1180347,0.45011386,3.7189145,206.57268123664932,34.1644925768872,1,0.3342178674926104,True
661521239571367552,132.43691507951723,0.18900792,20.047717003526493,0.10606937,3.1897981749664033,0.21801038,14.631405,-41.16084312992544,0.22834897,-12.726369381896866,0.17110333,18.851776,20.370035,17.647184,2.7228508,1.518259,1.2045918,523.5593,,,1.0236051,0.0,0.0,206.39245175786763,34.67995451927207,-1,0.0,False
661635627436162304,132.9783340446491,0.032901116,20.528196315365715,0.018085483,3.778346328680305,0.037871566,99.767365,-33.17770672041032,0.039809562,-3.949011417356783,0.028415747,15.7000885,16.720499,14.692354,2.0281448,1.0204105,1.0077343,2727.5354,,,0.96507126,0.0,0.0,206.04714470210433,35.319283724348615,-1,0.0,False
661699566613242880,132.24944708582208,0.12138489,20.69873811302486,0.06051805,5.408117814996941,0.14360188,37.660496,-37.75140504697591,0.14850271,-13.483039091696009,0.11452159,17.893488,19.984007,16.56353,3.420477,2.090519,1.329958,742.12085,,,0.97057337,0.0,0.0,205.5746430817699,34.7320882754271,1,0.46815885639832105,True
661885766331653248,131.40080273150176,0.035493232,21.25580627822111,0.017208686,5.5168248888738045,0.046647552,118.26612,-37.60560693142723,0.045958303,-14.343342364740396,0.029590184,15.555211,16.84161,14.423336,2.418274,1.2863989,1.131875,746.2896,36.794727,5.9653497,0.9809571,0.0,0.0,204.62040265702268,34.16725742947192,1,0.5747659457657294,True
661892015508042368,132.21400424612142,0.16809277,20.904233987676083,0.086712725,5.894941839953325,0.18478423,31.901758,-38.42135930218788,0.19669688,-13.452968726103022,0.16176598,18.38258,20.303804,17.062548,3.2412567,1.9212246,1.3200321,560.9418,,,1.0147897,0.28546703,0.62738925,205.32524840483427,34.76865081570779,1,0.25997833668586695,True
661912532567856768,131.912139060576,0.09231233,21.120130551368582,0.050727356,3.2415746845989264,0.10474664,30.946814,-29.02397955555582,0.10755394,-9.302370287495584,0.07835446,17.767702,19.127714,16.63354,2.494175,1.360012,1.1341629,1062.9662,,,0.99759233,0.0,0.0,204.96481484192168,34.57333972199212,3,0.8752443622137256,False
662319248792216192,125.83073247593522,0.17435461,17.863621313068723,0.11813744,3.338210455517921,0.22010179,15.166666,-21.86592743011947,0.21364838,-18.581624631249884,0.13538831,18.506962,20.093012,17.295595,2.7974167,1.58605,1.2113667,656.55225,,,0.9816948,0.0,2.2092822e-15,206.1876972595759,28.06440845338191,-1,0.0,False
612294660886528896,134.1370863634987,0.063533604,18.276882906351293,0.029246552,5.237971308669215,0.07147687,73.28205,-30.254496819223483,0.080046855,-4.676619368049399,0.051202357,16.815218,18.221397,15.660826,2.5605717,1.4061794,1.1543922,1556.3826,,,1.0084336,0.0,0.0,209.10318400145377,35.57435343324398,-1,0.0,False
612373280263968128,134.8065298423924,0.060207427,18.555007024915643,0.043144003,3.4051433792053865,0.06787489,50.16794,-34.72049836577371,0.07832358,-7.322664202322739,0.06015187,16.81047,18.098562,15.68573,2.4128323,1.2880917,1.1247406,1197.1969,,,1.0029943,0.0,0.0,209.0580220297313,36.26677107353759,-1,0.0,False
656111509220705920,125.8552574714784,0.08763305,17.40760713644473,0.061316352,3.241712178605562,0.112034336,28.934988,-21.729698401572303,0.099296674,1.6335884040988629,0.07016793,17.516209,18.86823,16.366795,2.5014362,1.3520222,1.1494141,1140.9728,,,0.9533103,0.0,0.0,206.67674253567185,27.916052710774967,-1,0.0,False
657551010458556672,129.19199139815993,0.01480098,14.86436530130826,0.009604909,4.924250311812985,0.01752223,281.02875,-32.46910765297618,0.018270338,-8.902551262861328,0.014209489,13.4853115,14.158936,12.697779,1.4611568,0.67362404,0.7875328,4157.506,34.52178,2.0311964,0.9934458,0.0,0.0,210.7625718319535,29.90372064023593,1,0.1700176248858048,True
657555129331251072,129.51519457810105,0.15105,14.965111566474954,0.11050277,3.9657444126348538,0.17721488,22.37817,-23.310666304446016,0.17884566,-12.816528116040264,0.1381413,18.367746,19.970484,17.116667,2.853817,1.6027374,1.2510796,588.4109,,,0.93163556,0.0,0.0,210.79655252089265,30.23056193167248,-1,0.0,False
657711053824014208,130.66753579693074,0.12928027,15.640365673211775,0.05609033,5.3599633435961165,0.14270179,37.56059,-35.21591853964121,0.14872335,-9.502540674860391,0.114965394,18.109768,20.022375,16.8196,3.202776,1.9126072,1.2901688,938.2641,,,1.0011696,0.0,0.0,210.5725598914468,31.516792086936263,1,0.18050335534306636,True
658025651588453888,129.04715670831175,0.13673313,16.272727951653522,0.09359606,4.788412789723763,0.15017776,31.884966,-35.79090177579066,0.16331266,-24.762982273255787,0.114518955,17.980238,19.620325,16.712738,2.907587,1.6400871,1.2674999,698.9879,,,0.9605715,0.15136258,0.21309444,209.19820863510955,30.318059967485237,-1,0.0,False
658030844204965888,129.28240535911007,0.07830538,16.350362385628355,0.051902063,6.421778549154304,0.08681138,73.97392,-26.722223720665006,0.098515265,-15.308795594444009,0.0720164,17.127283,17.142221,17.140715,0.0015068054,0.0149383545,-0.013431549,1067.6132,,,1.0499134,0.18812051,0.9819476,209.21416188374317,30.556417522170605,-1,0.0,False
658054307610371072,129.42525772335938,0.14658286,16.435431112893134,0.09363019,5.387885312356318,0.18098736,29.769402,-34.95155957667068,0.18318316,-9.819287889576458,0.12385204,18.090788,19.86818,16.820574,3.0476055,1.7773914,1.2702141,701.88385,,,1.0554279,0.4205693,1.5555679,209.18287162234864,30.71545603990412,1,0.2100489883211182,True
658396496244838656,130.10553421932153,0.11295518,16.674232000145004,0.074071944,3.2970840896390228,0.13016987,25.329088,-40.21892225834516,0.14133614,-2.392739511182143,0.11145856,17.939976,19.16084,16.855516,2.3053226,1.2208633,1.0844593,794.629,,,0.945484,0.0,0.0,209.2110218741956,31.409464737489984,-1,0.0,False
658423610374223872,130.2846794521498,0.05597733,16.87831111740736,0.03129889,4.551184341538959,0.067651354,67.27411,-35.068545271195234,0.073009305,-11.266604607302876,0.05276726,16.567083,17.749092,15.494988,2.2541037,1.1820087,1.0720949,1738.6245,,,0.98645735,0.0,2.0701153e-15,209.06417181930487,31.64483492965877,-1,0.0,False
658850152166973568,128.81616957059495,0.085345656,16.967291976135247,0.05786611,5.349352704358574,0.098129615,54.513134,-23.170146001615624,0.09699494,-1.7609715268255703,0.07780645,17.328785,18.979069,16.095839,2.8832302,1.6502838,1.2329464,1058.8989,,,0.9859375,0.0,0.0,208.35604071872075,30.374644528496244,-1,0.0,False
662726549130392320,128.03833491056466,0.0152592175,19.274060178119047,0.010059591,4.259159300909985,0.018465249,230.65811,-31.46948980233412,0.018783482,-10.360947302844632,0.012982061,13.648852,14.260106,12.904915,1.3551912,0.61125374,0.7439375,5236.012,18.208578,1.600196,1.0557886,0.0,0.0,205.55159302967851,30.526243673952948,-1,0.0,False
662750222989808512,128.81138354544123,0.043996226,19.27543375591244,0.027680963,5.27480787192081,0.050652616,104.13693,-34.55337043404121,0.052471798,-13.056411655660854,0.038598277,15.761663,17.194582,14.583489,2.6110926,1.4329185,1.178174,1224.7126,,,1.1567203,0.16911799,3.3010683,205.850837363998,31.20926136695199,1,0.7316610350425071,True
662800456927247744,128.93799395267868,0.0134370215,19.640530741382523,0.009161072,5.390519039306154,0.016647696,323.7997,-35.82628530616005,0.017221445,-12.916946866083858,0.011526319,12.623184,13.154735,11.945309,1.2094259,0.5315504,0.6778755,2251.8516,35.70687,1.0538884,0.953562,0.044348706,2.122074,205.49969738976827,31.449225070389,1,0.9905132525402301,True
663221466801600768,125.42970416425528,0.02217174,18.96874626655299,0.014900389,4.092499485086986,0.024846552,164.71097,-38.379541976472254,0.02741765,-14.393422794972444,0.018418219,14.763236,15.565631,13.884354,1.6812773,0.80239487,0.8788824,2587.2314,6.9135547,5.6083655,0.9262023,0.0,0.0,204.86414100606487,28.116120212149124,-1,0.0,False
663427109835880192,125.62903183318085,0.016369175,19.895697135259176,0.011773391,4.986698446942598,0.019761441,252.34488,-29.123938353453084,0.018425066,-12.915214619939244,0.014133575,10.552133,10.828985,10.115421,0.7135639,0.2768526,0.4367113,2099.5964,36.3275,0.4283535,1.0532911,0.10775149,13.739284,203.95757455914952,28.624334800800277,-1,0.0,False
663613477057638784,125.5405876392952,0.01613949,19.891884377474643,0.011281331,5.417684745366284,0.019535547,277.32443,-50.2784246824982,0.017520193,-11.933786890038666,0.013108844,12.933917,13.50648,12.221406,1.2850742,0.5725632,0.71251106,4645.1436,33.73884,0.9815119,1.0095717,0.09500978,8.672789,203.9280058625671,28.545233538977794,-1,0.0,False
663645947010260352,125.507424452582,0.052058745,20.326733015894387,0.03366668,5.515853228993251,0.060396735,91.32701,-32.980523822328976,0.057184912,-8.98537474150551,0.041492887,16.402603,17.769325,15.249153,2.520172,1.3667221,1.15345,1328.5725,,,0.9913937,0.0,0.0,203.45211807866917,28.66978771123629,-1,0.0,False
663748029792512640,126.57610005838494,0.014120925,19.945936294581383,0.009364346,5.790706776886792,0.016351126,354.14728,-49.2143247455993,0.01629163,-21.122735034581904,0.01102868,11.752136,12.167759,11.171686,0.99607277,0.4156227,0.58045006,2728.1611,37.2041,0.61774206,0.99133813,0.0862464,11.608609,204.26387466546703,29.475003315285075,-1,0.0,False
659175603311789568,127.59680625564428,0.23828357,17.75237029778452,0.15033196,4.005906367164502,0.2591687,15.456752,-40.565616128029966,0.28467208,-18.403366788079893,0.1870203,18.880869,20.681355,17.592918,3.0884361,1.8004856,1.2879505,402.24503,,,0.98247087,0.0,0.0,207.0156578400099,29.585441291688305,-1,0.0,False
659225291790784384,129.556654482068,0.019337019,17.254307420199233,0.013443645,4.763533315914506,0.022178492,214.78166,-42.980150276936115,0.022900822,-15.977614977063409,0.018132033,13.971228,14.726913,13.125427,1.6014862,0.7556858,0.8458004,2277.5896,18.898216,2.0322235,1.2165382,0.08696764,3.8831627,208.35236299752867,31.138331843495457,-1,0.0,False
659257551288578304,129.66292128570487,0.11974039,17.496778788721393,0.0866116,4.972567444120669,0.13881184,35.822357,-35.059382602141866,0.14364709,-11.273379784476248,0.1144224,18.098978,20.071142,16.821894,3.2492485,1.9721642,1.2770844,547.4564,,,0.9192539,0.0,0.0,208.1325818320281,31.32206853843842,1,0.2442456060074147,True
659283772065343360,129.68510611223468,0.019135674,17.808136633549065,0.014408836,3.4349134329719164,0.028225398,121.69584,-37.829993909285186,0.026705934,-14.399500896951237,0.019767368,11.453624,11.746022,11.000529,0.74549294,0.29239845,0.45309448,2515.4365,76.28609,0.6456765,0.91329247,0.1176517,18.689913,207.80228138380693,31.455816474212035,-1,0.0,False
659413750659083776,130.07994232502455,0.20835085,18.21135483769104,0.12760475,5.704162472324796,0.25452426,22.411076,-35.2193057506305,0.25216094,-12.384610260834936,0.16947025,18.62123,20.386349,17.311995,3.0743542,1.7651196,1.3092346,495.97446,,,1.0395132,0.5111447,1.2428802,207.52071766376187,31.95199714304819,1,0.29872422300787016,True
659414785747258880,130.23274558545853,0.07052244,18.24611423146371,0.038180258,5.41857180368007,0.083572604,64.8367,-36.77283447370873,0.08556038,-13.659151676102876,0.057177838,16.754776,18.509863,15.475548,3.034315,1.7550869,1.2792282,1283.5826,,,1.0686578,0.14280078,0.85783905,207.5441428245962,32.09990902302391,1,0.7159592032711666,True
659433374365668352,129.7164675063825,0.016698804,18.12910172053422,0.011011096,3.174750260471052,0.01929137,164.56844,-32.54764733826044,0.01937155,-19.395066586985163,0.014743165,13.513804,13.9600525,12.903264,1.0567884,0.44624805,0.6105404,6284.8813,60.20224,2.8169003,0.82596797,0.0,0.0,207.46419690401976,31.60025384587911,-1,0.0,False
659985535361160832,133.08419355162144,0.021332035,18.371471656850993,0.011732212,5.537732068157466,0.02674738,207.0383,-39.47804765982352,0.028193085,-11.832616150318444,0.019062493,14.698865,15.738143,13.685894,2.052249,1.039278,1.0129709,2643.408,30.032543,4.5902247,0.9851524,0.0,0.0,208.56204536268427,34.67320726436183,1,0.2237170911406289,True
660058579868567808,132.87670938455048,0.1723258,18.795934057918338,0.09544554,3.120992845940642,0.20288816,15.382823,-25.87115206177145,0.21178854,-19.225335182933296,0.15798903,18.661295,20.287186,17.42808,2.859106,1.6258907,1.2332153,601.6708,,,1.0040222,0.109428845,0.075410925,207.99488155684867,34.63873836390213,-1,0.0,False
663883235362690944,127.07894103903789,0.05607276,20.470278188775588,0.037563276,3.1176891210736084,0.0651986,47.818344,-31.32145506886509,0.07081352,-12.59543293157406,0.049792256,16.668402,17.868467,15.581528,2.2869396,1.2000656,1.086874,1682.8162,,,1.0051031,0.0,0.0,203.8875701985785,30.100267550682787,-1,0.0,False
663928521497789568,127.56891590393472,0.013849319,21.00751194102728,0.009568944,3.777798325386868,0.015969776,236.55925,-41.5006349004222,0.016339479,-23.766040833921636,0.011906105,10.649794,10.933473,10.198732,0.73474026,0.283679,0.45106125,7855.8906,24.10566,0.34028417,0.98004925,0.0809096,8.9201145,203.48476091082415,30.71500648006308,-1,0.0,False
664283526315590656,129.44321269728178,0.013936143,19.599241914212865,0.0084815305,5.56592354983729,0.015899027,350.07953,-36.38131524786233,0.0138075445,-12.394990560224995,0.010420083,12.0822,12.544525,11.468743,1.0757818,0.4623251,0.6134567,2221.1516,34.754402,0.83968675,0.87151825,0.028144328,1.0052792,205.7402370134813,31.88080123181654,1,0.5261492076074413,True
664326368611568128,129.8349931005654,0.2787322,20.0269036406039,0.21170396,4.332754007867514,0.34895185,12.416482,-36.46678622900434,0.34089398,-12.750814575930368,0.26285616,19.252916,21.296074,17.842327,3.4537468,2.0431576,1.4105892,285.75534,,,1.0222135,0.3099905,0.21537031,205.417063268293,32.37461178527452,-1,0.0,False
664329843242249088,129.8149116616519,0.029570062,20.093010273436313,0.02031246,5.819950346959067,0.03496087,166.47041,-43.94944574993236,0.03720623,-25.124739618286327,0.028177554,14.972872,15.98152,13.972707,2.008813,1.0086479,1.000165,2978.9702,-7.0173783,4.4249387,1.0136231,0.0,0.0,205.33587724498497,32.37958635279905,-1,0.0,False
664337123209519872,129.5909698066352,0.16872787,20.093214084450345,0.104020245,5.7728896572439945,0.2073814,27.837065,-37.11986456483727,0.24085952,-12.25066343419923,0.1483238,18.187891,20.16279,16.87855,3.2842407,1.9748993,1.3093414,580.3195,,,1.0473005,0.45291445,1.5313269,205.2502728986927,32.18211944918326,1,0.3466379050481313,True
664349874969575680,129.77849722890352,0.030517373,20.34834584664555,0.020016424,5.370443277257951,0.0348429,154.13307,-35.48098065262377,0.03511096,-14.226121999809878,0.024511697,15.273478,16.445105,14.195434,2.249671,1.171627,1.0780439,1088.2158,35.947834,5.989065,0.95810026,0.0,0.0,205.0378181352726,32.43473506837331,1,0.6448939826050534,True
664424641759918720,130.21849183940682,0.01779688,20.26646294247311,0.011773412,5.318597674585926,0.019860078,267.80347,-35.10845595991438,0.020245535,-12.873143092157598,0.016136702,8.4288645,8.55008,8.190776,0.35930443,0.12121582,0.23808861,4166.656,32.033302,0.64175576,0.83949494,0.10636743,11.135794,205.29599978536825,32.79485855124099,1,0.9887895551107911,True
664449552570184448,130.0167422976579,0.112813495,20.5170799688762,0.06541753,4.019885050722314,0.1322557,30.394796,-32.16562342212059,0.13247588,-10.451477997014834,0.08164836,17.694773,19.18579,16.47464,2.7111492,1.4910164,1.2201328,819.2414,,,1.0132273,0.0,0.0,204.9394051972077,32.70200928047021,-1,0.0,False
664477968073854720,130.30837116797963,0.04379975,20.74152737010304,0.02479175,5.408392488908617,0.05489267,98.52668,-36.5286025719223,0.054946117,-14.48992805934175,0.03992776,16.015604,17.639221,14.774151,2.8650703,1.6236172,1.2414532,1184.4098,,,1.0046896,0.0,0.0,204.7972490799175,33.03459123429602,1,0.5112811954146624,True
664545308864299904,129.89337131629807,0.014602689,20.95567721053266,0.0089623965,5.3650991336379175,0.01618244,331.53833,-35.38507710109118,0.017450025,-12.849252424703264,0.011347883,13.123388,13.761517,12.359871,1.4016457,0.6381283,0.7635174,2032.2994,36.367897,1.740199,0.99312073,0.0,0.0,204.40232037331631,32.74084279730526,1,0.8420281122652664,True
664561015559557248,130.13969756921762,0.024287049,21.315140784896144,0.017209465,4.347327868588391,0.031107938,139.74979,-34.67535315382496,0.030935936,-9.192962894448163,0.020923752,11.520096,11.854561,11.027362,0.827199,0.33446503,0.49273396,2537.129,75.494606,0.91426367,1.1561532,0.15044144,25.999353,204.08934985109815,33.07694496390043,-1,0.0,False
664584582045597440,128.43810998872024,0.12272601,20.389954840973974,0.07973164,4.024998751412541,0.16890247,23.830315,-28.471773738155743,0.15591167,2.0856441856624803,0.11304848,18.15924,19.71499,16.957335,2.757656,1.5557499,1.2019062,825.01447,,,0.9914553,0.0,0.0,204.48589370970672,31.26814802526012,-1,0.0,False
664873581806349312,130.8249354614856,0.35626486,21.182855353657946,0.15561208,4.513346582619776,0.39366585,11.464917,-22.410163446083804,0.40538102,-12.656219073453308,0.30249378,19.638023,21.238611,18.269184,2.969427,1.6005878,1.3688393,391.49283,,,1.0528378,1.1571298,2.621968,204.49100615286147,33.6362510837339,3,0.8177189577162122,False
664901310113762688,130.8830159849227,0.32288057,21.34922641428375,0.13266166,5.418114390829204,0.35999894,15.050363,-38.1023383335752,0.37786126,-14.100991297216304,0.27455348,19.390886,21.236948,18.01242,3.2245274,1.8460617,1.3784657,459.1177,,,1.0803944,1.1080227,3.5600343,204.32353437380343,33.742040950708926,1,0.3800813647255483,True
665203233431193344,129.7338482082521,0.16043079,21.940800382593885,0.105584115,5.268000055451428,0.22529727,23.38244,-35.41640440856156,0.22463338,-13.441364592266613,0.16689235,18.39984,20.300076,17.103281,3.1967945,1.9002361,1.2965584,685.4113,,,1.0100625,0.3252519,0.69771755,203.2371605174785,32.92529820594353,1,0.693553923961731,True
665480207282903168,127.77746567035187,0.079135425,21.22948737136861,0.054647367,5.430569524824101,0.09195453,59.057117,-34.752418061646594,0.090653315,-13.941700175002238,0.07066614,16.971949,18.659214,15.730449,2.9287653,1.6872654,1.2414999,1012.2922,,,1.12112,0.3796238,5.5080595,203.3182420459933,30.973231984871795,1,0.6992725921393452,True
660118473188717824,131.63963212113396,0.015448077,18.235947200302764,0.008228777,5.596201760625127,0.018654538,299.99146,-37.956272646364425,0.019781426,-11.5867324515152,0.015435579,12.83936,13.434562,12.110549,1.3240128,0.5952015,0.72881126,3154.6113,33.799416,0.7094353,1.0354879,0.07816208,6.6053686,208.12548758533407,33.343414572753275,1,0.40051785455284566,True
660733095892705792,132.7367988124258,0.0488032,19.616039708082297,0.024871908,5.221678000127466,0.05237053,99.70642,-36.487966203514816,0.059947737,-12.188651663600432,0.040288173,16.407822,17.906534,15.214151,2.6923828,1.4987125,1.1936703,1142.4691,,,1.0258971,0.0,0.0,207.0031546317726,34.79859030146859,1,0.5137773519922775,True
660805049481034496,134.00091502685953,0.055964842,20.02503359059013,0.028981633,4.667737695615028,0.06316967,73.89207,-30.852664016855343,0.068631925,-15.566443072045589,0.053761583,16.742952,18.243475,15.540803,2.702672,1.5005226,1.2021494,1656.7593,,,0.99746203,0.0,0.0,207.02473214486724,36.05605510831952,-1,0.0,False
660862052286909312,133.38745524673325,0.058075864,20.248207065291265,0.032431595,5.39791645540543,0.067186415,80.342384,-37.75297726620585,0.073712744,-12.303714697393731,0.05241112,16.912983,18.558702,15.676607,2.8820953,1.6457195,1.2363758,969.054,,,0.99758524,0.0,0.0,206.5278572321497,35.587842629075965,1,0.5539451451430977,True
660975847444352512,130.5303574313216,0.3019383,18.62128851822253,0.13558732,5.815798534091513,0.37363628,15.565401,-36.10275496505429,0.38473618,-12.387005437533848,0.26628414,19.04845,20.970629,17.712965,3.2576637,1.9221783,1.3354855,476.08997,,,1.0673618,1.0066868,3.57232,207.2492505258567,32.497828516755774,1,0.2823139181011519,True
660995230632845184,130.37777345557436,0.016994918,18.871812708013973,0.007898567,5.467865900571965,0.02182577,250.5234,-36.28123198358715,0.021682803,-12.12879766452881,0.015054228,12.515732,13.044775,11.809652,1.2351227,0.5290432,0.7060795,491.46906,28.285389,9.272708,1.106098,0.08071196,8.810486,206.910843713756,32.4516196912532,1,0.7588741312523463,True
660996020906770560,130.16450645666467,0.019771358,18.818223984585327,0.0111694,5.395989028215367,0.022875993,235.88,-35.825496894243805,0.02275108,-11.801706469035242,0.017371615,13.641169,14.393329,12.797183,1.5961456,0.7521601,0.84398556,2827.877,34.126404,2.0712736,1.047112,0.0,0.0,206.88555451661512,32.24388752602842,1,0.8571758857024279,True
660996330144479616,130.24335534844465,0.07558384,18.84613368294131,0.042368475,5.442629781395689,0.099037014,54.95551,-35.66964015915401,0.09403326,-12.62158106259627,0.06846748,16.981367,18.616442,15.737924,2.878518,1.6350746,1.2434435,935.7494,,,0.98062253,0.0,0.0,206.88596822716295,32.32356287625831,1,0.9993684510295072,True
661024024093555840,130.84317542417668,0.053028725,19.200156097023115,0.021878254,5.196001436753578,0.060386032,86.04641,-36.14100691262552,0.05967461,-11.719245918975425,0.042713847,16.396505,17.92491,15.192727,2.7321825,1.5284042,1.2037783,1584.8853,,,1.007331,0.041181907,0.14833803,206.72940559774665,32.97893545748707,1,0.4362765195645652,True
661049690818095488,131.36897877747143,0.16752686,18.99666305753983,0.085051715,5.09067600625526,0.2058535,24.729605,-36.019612147335984,0.21117759,-11.016081530439257,0.16235384,18.462048,20.308016,17.165937,3.1420784,1.8459682,1.2961102,686.4058,,,1.06561,0.4900309,1.8863701,207.1649993965869,33.373088893601384,1,0.29725409919918616,True
661091609698913024,132.02048031376626,0.050618872,19.470469539840117,0.027864233,5.586840736027829,0.066818096,83.61269,-38.26190823398328,0.067995064,-12.770971113294303,0.05236971,16.133396,17.554733,14.9716425,2.5830908,1.4213371,1.1617537,1388.8224,,,1.1065048,0.149073,1.9560117,206.88796449917865,34.114585740665405,1,0.39358898981583723,True
661131393979861120,131.31005083801423,0.12866685,19.55566464942929,0.063298255,5.256608198844946,0.14956754,35.145382,-37.39774896982462,0.15721434,-11.719071234285575,0.111587465,18.155565,20.181183,16.833138,3.3480453,2.0256176,1.3224277,728.38196,,,0.9288012,0.0,0.0,206.51373423129817,33.51543257275639,1,0.39152504702146657,True
661156858841945856,131.564259964907,0.022212286,19.709100423269405,0.010781979,5.4679291422433325,0.023893144,228.84929,-37.472706665369266,0.024468947,-13.07157273147164,0.017210389,8.333861,8.443014,8.115634,0.32738018,0.109152794,0.21822739,4115.8833,35.18797,0.69238025,1.0116423,0.14486377,21.010397,206.43964218347227,33.79304055927506,1,0.5483550982525055,True
661220974115692416,130.47212871149634,0.11375085,19.265411330819585,0.0588948,5.316296324011673,0.12221447,43.49973,-36.59576717469569,0.14163482,-12.923233469521085,0.09137816,17.938192,19.67364,16.656849,3.0167904,1.7354469,1.2813435,841.04224,,,0.98540866,0.0,0.0,206.51088009997645,32.6735264801872,1,0.607639789801039,True
661229976367125504,130.59910124043057,0.094745316,19.386734378519098,0.042748835,5.38964577261985,0.102967955,52.34294,-37.44961090207459,0.114462845,-12.245473358278971,0.074280635,17.502197,19.295523,16.219795,3.0757275,1.7933254,1.282402,955.4385,,,1.0150255,0.14486851,0.50178134,206.42540744466416,32.828148866035036,1,0.6795563255043494,True
661235263468787328,130.51853762540847,0.15555431,19.54515105154392,0.07233618,4.467866261262703,0.1684069,26.530184,-36.97688499121007,0.18234561,-10.95824521308512,0.11883032,17.934748,19.762575,16.639324,3.123251,1.8278275,1.2954235,864.4014,,,1.2324656,0.77307826,7.929648,206.2172385597346,32.811979752673885,-1,0.0,False
661235985023722496,130.67057602355408,0.14489211,19.53286227942423,0.05940763,4.947209201245795,0.1614019,30.651493,-34.184707520456406,0.16362597,-11.797290414476862,0.10687058,18.104572,19.816628,16.828741,2.9878864,1.7120552,1.2758312,908.6623,,,0.97018,0.0,1.8346134e-15,206.29011910768904,32.942113038500956,1,0.27480468548369263,True
661246675199973504,130.40569315407075,0.014241207,19.520481854770352,0.006952807,5.389288652736521,0.01581336,340.80606,-36.76079909411783,0.017877704,-12.21081110096671,0.011464196,13.144526,13.792922,12.373594,1.4193277,0.6483965,0.77093124,6809.6523,34.223484,0.89994335,1.0192116,0.0,0.0,206.20085899145687,32.70367826707027,1,0.6771999046673812,True
661249694558990848,130.4780336456556,0.2239553,19.61681187954452,0.10352056,5.587129867260436,0.23592055,23.682253,-36.77565086676144,0.26564437,-13.410213504546984,0.16088246,18.81771,20.710608,17.490805,3.2198029,1.8928967,1.3269062,509.8954,,,0.97922885,0.0,0.0,206.1215287345161,32.80101404254885,1,0.6227280615117436,True
661259525741991808,129.65595801136394,0.047131658,19.257930491952507,0.03253883,5.52517358915049,0.05609898,98.48974,-36.89169131207781,0.052051853,-12.658963590302164,0.038622227,16.15914,17.689602,14.950156,2.7394457,1.5304623,1.2089834,1110.5116,,,1.040911,0.0,0.0,206.19962172016784,31.94930310326935,1,0.6820960550136766,True
661260212936751616,129.71246090109722,0.11520861,19.30937324592147,0.07403064,4.781001525091946,0.13681865,34.94408,-35.92715143460612,0.12850337,-11.857663524579408,0.090957455,17.677273,18.909374,15.806196,3.103178,1.2321014,1.8710766,519.8795,,,0.9435549,0.34573197,1.7816222,206.16490629851157,32.01730086460559,1,0.1887943962802878,True
661298833282624000,130.05727150262018,0.031253483,19.748835807410284,0.021072336,5.455787761681255,0.03499332,155.9094,-35.885200203200974,0.038480766,-12.400582524027149,0.027365228,15.173029,16.316898,14.103912,2.212986,1.1438694,1.0691166,1813.0927,32.454975,4.5723686,1.0618,0.038211945,0.26065186,205.8116541289963,32.47498388491727,1,1.0,True
661305430352376448,130.1450429804473,0.05431455,19.826952895184363,0.03438299,3.283744559794577,0.06261302,52.44508,-33.28561539261919,0.06380928,-21.487597015133584,0.042778604,16.573639,17.76723,15.485576,2.2816534,1.1935902,1.0880632,1653.1173,,,0.94998384,0.0,0.0,205.75852695923712,32.579467057668076,0,0.9186788488669713,False
661314638762274176,129.9459491414578,0.014542663,19.82756461570894,0.010996036,5.341154064341439,0.01785398,299.15762,-35.364540761235986,0.017924227,-12.99035749104308,0.0127670765,12.440727,12.941636,11.788461,1.1531754,0.50090885,0.6522665,2506.5872,35.133778,1.3396673,0.9184701,0.032989062,1.0688128,205.68122964455105,32.40388887453333,1,0.7701972201138882,True
661324431287688448,130.0265742163401,0.01930507,20.007734072559423,0.012443644,5.421853012509597,0.023866728,227.17204,-35.65371225993459,0.021789892,-12.018862731986625,0.0145264715,6.152467,6.620129,5.520271,1.0998583,0.46766233,0.63219595,5910.3335,33.91811,0.12898725,0.8952483,0.11488173,14.622728,205.51166417798927,32.53708703135864,1,0.8091549348895265,True
661325187202016512,130.05440619791753,0.050853964,20.057757787221668,0.03236916,5.233627830974155,0.059684828,87.687744,-35.99624350255253,0.057909682,-13.03704525729133,0.041888617,16.071297,17.645012,14.848773,2.796239,1.5737152,1.2225237,1566.9403,,,1.2199578,0.24030995,4.8812637,205.46655689621863,32.57880851390126,1,0.5339512612305978,True
661337247468928768,131.11034829032727,0.016094401,19.793258027034497,0.0074667106,5.588608649410613,0.019690957,283.81598,-40.15190355250749,0.021008026,-12.819911760084135,0.013994579,13.574524,14.340486,12.722317,1.6181688,0.76596165,0.8522072,5117.352,36.327766,1.7283754,1.0128422,0.0,0.0,206.16873747160736,33.420639186912325,1,0.2084462641347137,True
661344188136057984,130.56438154756202,0.013337903,19.68759612891041,0.006496779,5.431120079508743,0.01492776,363.82687,-36.67854286294809,0.015426549,-13.438204184544263,0.011565825,9.777529,10.008052,9.392172,0.61588,0.23052311,0.3853569,7540.6636,34.152145,0.22657132,0.8135184,0.046185475,3.0214179,206.07593581013288,32.90179125896971,1,0.8438985628304669,True
661397308291492608,130.3614789115545,0.122309044,19.87677087748405,0.05977893,5.206991248095552,0.13261595,39.263687,-35.71285107552947,0.1432534,-12.021260375195297,0.09586237,17.845934,19.773052,16.537878,3.2351742,1.9271183,1.3080559,748.2766,,,1.0321712,0.30212274,1.302562,205.7862456857824,32.7877454693048,1,0.49469500301184194,True
661399679113425024,130.5106824102059,0.10670796,19.95471576494616,0.047634345,3.7776366648199,0.12194598,30.977953,-21.67074050724667,0.11476598,-8.211137615765976,0.08052393,17.596762,18.836105,16.479477,2.3566284,1.2393436,1.1172848,1079.7003,,,0.9746992,0.0,0.0,205.75642696130532,32.94625944551715,-1,0.0,False
661404317678099456,130.4559254950438,0.04454748,20.076653370077885,0.021075334,5.280349847333422,0.050948184,103.64157,-37.1470898316556,0.05291991,-14.562271581700896,0.035556123,15.743262,17.253872,14.533488,2.7203836,1.5106096,1.209774,1473.2747,44.612743,4.919885,1.2151186,0.1699582,3.9536915,205.59891964445228,32.93964659944749,1,0.31043200324713704,True
661404764354696448,130.6243321386556,0.108542465,19.975417628019542,0.05151816,5.536483409935373,0.13750573,40.26366,-36.177581582986264,0.1432111,-13.598359445442249,0.10627023,17.793072,19.718674,16.549543,3.1691303,1.925602,1.2435284,706.98987,,,0.97871315,0.0,0.0,205.77686554819527,33.05370779616111,1,0.677847503538256,True
662114460454651648,126.30706358251244,0.18397197,17.6125190994284,0.108807825,5.475237626823746,0.18257093,29.989645,-31.658113141319017,0.23156905,-12.297473496038103,0.15498284,18.277,20.016851,17.001192,3.0156593,1.739851,1.2758083,619.88403,,,1.1612488,0.64820355,4.1236396,206.64365491685825,28.392274914814493,1,0.17740190639717326,True
662152638420873728,126.36065674477103,0.0147601785,17.778295825554284,0.01003333,5.531449543016134,0.016854731,328.1838,-39.39251534450554,0.017303362,-5.857602518181885,0.012886235,9.660923,9.925438,9.229901,0.6955366,0.26451492,0.4310217,6291.1426,41.510227,0.20119661,1.0320374,0.0935185,11.692539,206.49018043674965,28.50126537102993,-1,0.0,False
662601479682938240,128.20264722933476,0.32364056,18.427033207671005,0.22204338,3.7868976937118455,0.35340673,10.715409,-38.98302766651318,0.37349516,-8.71999159517466,0.27572715,19.447578,20.693884,18.1792,2.5146847,1.2463055,1.2683792,340.5134,,,0.9952626,0.67058444,0.7400148,206.53352685530157,30.36800512958981,-1,0.0,False
662780047242755712,129.32437503537489,0.19112521,19.48801374969283,0.12531689,5.221491517189924,0.2313049,22.574064,-37.33049510810173,0.23071575,-12.765649067549711,0.15900928,18.615234,20.479166,17.301003,3.1781635,1.8639317,1.3142319,525.5405,,,1.0399723,0.52356803,2.129097,205.81686401524925,31.73701913420812,1,0.35597124265939406,True
662917726713395968,127.82039520701458,0.33474043,19.355422672716983,0.13273814,6.370694469313526,0.22941726,27.769028,-36.42721396910166,0.36738738,-12.480634641050989,0.20461681,17.54903,,,,,,431.83423,,,1.3776045,0.7444423,10.559983,205.37878313838712,30.36276458588253,-1,0.0,False
663261289738282624,125.2255043745421,0.05905052,18.91160309342471,0.03949278,4.477636844203724,0.07406759,60.453384,-22.293515139789537,0.074505866,-13.81331630382108,0.047578543,16.696293,18.049952,15.557332,2.4926195,1.3536587,1.1389608,1534.0997,,,1.0385543,0.08375425,0.3405779,204.84491638792116,27.915416705520215,-1,0.0,False
663990953142349184,127.2487328322358,0.16728637,21.09057385495669,0.10465847,3.8921311941557617,0.20074423,19.388508,-49.338148472073264,0.1942617,-13.72987654564654,0.1306725,18.473892,20.172981,17.258165,2.914816,1.699089,1.2157269,602.5215,,,0.9885916,0.23692279,0.36383513,203.2759753851638,30.46224513381239,-1,0.0,False
664071320570527872,125.44340421743118,0.014877851,20.50875579596812,0.009625333,6.404910889846492,0.018003695,355.75537,-22.70574415732911,0.017410213,-6.597294244148053,0.011416741,9.944966,10.231096,9.484846,0.74625015,0.28612995,0.4601202,6770.754,7.8066535,0.5360354,0.9546335,0.0823024,8.265835,203.23385004971388,28.67749313961654,-1,0.0,False
664137016390142848,125.72670201186835,0.013994191,21.20569664368611,0.011507177,6.776517838098661,0.017839335,379.8638,-31.202652868899513,0.016697736,-24.11540483300789,0.013939663,13.531045,14.292969,12.6796665,1.6133022,0.7619238,0.85137844,4256.864,45.5674,1.8478926,1.0229248,0.0,0.0,202.5919938329991,29.16758904720764,-1,0.0,False
664279845525565952,126.51428330808824,0.3697115,21.915694338937776,0.24915937,5.3923069031459905,0.4426967,12.18059,-27.15927019566866,0.4309444,-14.497756995885894,0.28036526,19.607386,20.84252,18.220215,2.622305,1.2351341,1.3871708,277.0031,,,0.98109055,0.5575876,0.43172705,202.10950173498233,30.09749406553749,-1,0.0,False
664290948018472064,129.51533386727502,0.05335903,19.69750585179654,0.03698488,5.36343364920218,0.056552704,94.83956,-34.72429878998033,0.05777307,-12.227014400108589,0.04753327,16.128933,17.527529,14.961722,2.5658064,1.3985958,1.1672106,936.0738,,,0.94682926,0.0,0.0,205.65954258581743,31.978673410542896,1,0.7440099729538937,True
664297991764819968,129.56033770905822,0.064789064,19.876330347420048,0.043627225,4.919458300186375,0.07751694,63.463005,-30.99792898082716,0.0734016,-10.63550801652828,0.05789777,16.630001,17.981236,15.472006,2.5092297,1.3512344,1.1579952,1492.7427,,,1.0288029,0.15048909,1.0336769,205.47898942409657,32.08036663734078,1,0.1952917900274239,True
664319329162317568,129.8787670642529,0.07504392,19.967122638917896,0.05331995,5.3058218168891385,0.09478404,55.978012,-36.14640025897371,0.090193905,-12.612904632746496,0.07199692,16.709951,18.48098,15.420409,3.0605707,1.7710285,1.2895422,807.959,,,1.1097946,0.2667951,2.6591818,205.50028493326144,32.39268642392619,1,0.6357340615235876,True
664325616994522880,129.96964909687645,0.047232665,20.01804008598038,0.03431759,5.359560513494018,0.056474004,94.903145,-36.06773904910722,0.053355053,-13.387575723589103,0.041058913,16.38327,17.85066,15.190094,2.6605663,1.4673901,1.1931763,1347.0266,,,0.97390926,0.0,0.0,205.47840831494295,32.4903888730628,1,0.8287625586395708,True
664339120371503872,129.52428585294734,0.16607915,20.12276151220768,0.09976135,4.872097842156061,0.20760998,23.46755,-35.72378193505417,0.21437456,-11.739238663728852,0.13076112,18.197798,19.856983,16.876568,2.9804153,1.6591854,1.3212299,505.46017,,,1.0365906,0.34324867,0.8513652,205.1920929402588,32.13345485198418,1,0.21526348471152537,True
664345167685545216,129.81795106977228,0.036526475,20.244957956157528,0.026401127,3.6718977448702734,0.043034386,85.32474,-23.572248974711364,0.046005525,-8.789753684722704,0.033039052,15.650858,16.58446,14.699227,1.885232,0.9336014,0.9516306,2406.9482,,,1.0721093,0.0,0.0,205.16792346819233,32.43426545353722,3,0.9548963768261207,False
664365852247876864,129.08479961775734,0.06654742,20.116692606484893,0.044385567,5.304819374027413,0.073501624,72.17282,-34.88158822140528,0.07602592,-12.98913256123488,0.0604868,16.633345,18.167257,15.425759,2.741498,1.5339127,1.2075853,1091.6594,,,1.0790879,0.19470793,1.7593702,205.0315850334312,31.74386799593883,1,0.759595011032617,True
664380695654828160,129.17142614025454,0.07411153,20.277701193142615,0.045982208,5.291007394154128,0.08927666,59.265297,-35.04145366180999,0.089886084,-13.749552692824228,0.06096485,16.974876,18.563341,15.755872,2.8074694,1.5884647,1.2190046,732.6731,,,1.0447112,0.0,0.0,204.88651888602655,31.87553441663544,1,0.5641717068768098,True
664447800224050944,129.88221748684612,0.26654914,20.535782045274363,0.1833676,4.922280663161913,0.34789613,14.148707,-36.26790403793967,0.32693356,-12.86356767110822,0.21554807,19.229021,21.342422,17.8547,3.4877224,2.1134014,1.374321,339.97195,,,0.96590096,0.08424041,0.014192628,204.8678757794044,32.58978561179263,1,0.2684544807293317,True
664460685125455360,130.47336857947914,0.1584625,20.621062974407483,0.073968105,5.435899560804432,0.19981295,27.204943,-37.41098248921266,0.2362265,-13.595074647313329,0.16672106,18.178432,20.065876,16.880764,3.185112,1.8874435,1.2976685,740.47003,,,0.9733316,0.0,0.0,204.99454233583148,33.139547986292065,1,0.6644816963562036,True
664489508649639296,130.34864194895673,0.20205739,20.939436030447837,0.10938466,5.421793396376515,0.3263495,16.613459,-36.53263942514998,0.31938514,-13.69086229647541,0.18625955,18.583113,20.325634,17.279345,3.0462894,1.7425213,1.3037682,557.9357,,,0.9329175,0.0,0.0,204.5896479556447,33.136223595955244,1,0.7289736754041717,True
664537169902905728,130.2276824400256,0.068664536,20.960369314001863,0.03961002,5.902328503382144,0.0806832,73.154366,-26.17286564591585,0.08712374,-8.551355060173528,0.061187554,16.852955,18.2921,15.67997,2.612131,1.439146,1.1729851,1256.0577,,,0.9913314,0.0,0.0,204.5211544304316,33.03669659636985,-1,0.0,False
664549913069748736,129.8849759517432,0.10084126,21.04789068111012,0.06722094,5.510991759688032,0.11688582,47.148506,-35.374744856372885,0.11712119,-13.928150360041553,0.08543447,17.641987,19.338797,16.373608,2.965189,1.6968098,1.2683792,882.2657,,,0.92130214,0.0,0.0,204.2958531667925,32.76423614916834,1,0.5702367630876903,True
664556617513185408,130.23179036907206,0.015424998,21.23735046987526,0.008471042,4.7312109862986,0.021850778,216.52368,-31.62238797930276,0.02234365,-5.628928386618888,0.014345794,10.989297,11.279164,10.533646,0.7455187,0.2898674,0.45565128,5636.1113,14.383561,0.37480783,0.75637823,0.06938881,6.2921596,204.21083774792405,33.13225418853908,-1,0.0,False
664730065474561024,129.3779441327984,0.06779728,21.12780191143314,0.047424342,5.465362321937367,0.07505482,72.818275,-36.00660652446763,0.08693535,-14.58811857461606,0.0561783,16.889856,18.43126,15.68518,2.7460794,1.5414028,1.2046766,1195.4098,,,0.9778503,0.0,0.0,204.01922343448535,32.34492629831642,1,0.5201403829906438,True
664895988650515968,131.2658334227044,0.16644253,21.471642210307113,0.07743619,4.854895723604535,0.22434177,21.640623,-35.61669212643895,0.21733896,-13.106940568933457,0.14199632,18.329796,20.163677,17.032394,3.1312828,1.8338814,1.2974014,732.229,,,1.0293112,0.3746059,1.2739253,204.32433353159328,34.11887681851464,1,0.21971255371503273,True
664990851591626752,131.4225601467201,0.1157261,21.58213343158309,0.054086633,3.0497048952209296,0.13196613,23.109756,-21.20277149633924,0.13717674,-5.351034325602954,0.090630606,17.916563,19.391918,16.739918,2.6520004,1.4753551,1.1766453,992.17175,,,1.0256954,0.1465861,0.32479584,204.2551831277447,34.292640171061976,-1,0.0,False
665104346103922688,131.620248493647,0.027799107,22.35210164561525,0.015622271,5.4923353301966005,0.032901887,166.93071,-37.35325490738629,0.039310828,-14.463886530764851,0.031903304,8.159646,8.263792,7.9463506,0.31744146,0.104146,0.21329546,3417.8567,34.464424,0.3842626,1.0283391,0.18227407,19.60337,203.44084110799977,34.712274971773205,1,0.4927197362289484,True
665212510560536960,129.83862888087478,0.06550519,22.08896526031984,0.04451329,5.446940770922202,0.085845895,63.45022,-36.694955820109904,0.08161997,-14.506335818173875,0.059343584,16.84421,18.446003,15.624431,2.8215723,1.6017933,1.219779,1033.1698,,,0.99674,0.0,0.0,203.1075413574107,33.06519284064283,1,0.5288531043328726,True
665507969950936064,127.70196525887332,0.14205949,21.612506439529312,0.09111176,5.387611193475558,0.17290817,31.158798,-35.51785974326626,0.16596615,-15.279526848356584,0.11034247,18.19719,20.125479,16.895567,3.2299118,1.9282894,1.3016224,600.37604,,,0.9824333,0.3103219,0.864657,202.86978223568383,31.035603564452103,1,0.32499272074204066,True
665523431833236096,128.23598723836074,0.119545996,21.641469539217177,0.07369476,3.9677425758166303,0.13169076,30.12924,-37.6284556542686,0.1341511,-18.248032864478773,0.09228053,17.753729,19.223299,16.56389,2.6594086,1.4695702,1.1898384,930.6563,,,0.98703146,0.0,0.0,203.0312999175641,31.5133303614138,-1,0.0,False
665580022322839040,128.5882309516868,0.013661534,21.878764712330025,0.008372831,5.090650762954863,0.01646541,309.17242,-32.79385116820113,0.016038075,-14.342909402400352,0.012325838,12.655498,13.172594,11.989323,1.1832714,0.5170965,0.6661749,4334.179,36.18795,1.9444517,0.96919394,0.052265275,3.453462,202.89513878317217,31.900517131831027,1,0.20761332024733342,True
665596476340800768,129.1073120560818,0.32971054,22.018061282172713,0.22862929,5.102924079823982,0.36559933,13.957695,-32.40246751805522,0.3992918,-17.879371801029368,0.30716336,19.501303,20.889418,18.20797,2.681448,1.3881149,1.293333,360.14297,,,1.0324605,0.66750467,0.9211259,202.92584159764783,32.401046574997835,-1,0.0,False
665754535432016000,127.55166583399244,0.41960752,22.14643351208264,0.18148531,6.687218889524668,0.31089282,21.509724,-32.273228640779045,0.5545186,-15.663452471189736,0.37567127,17.49427,16.239565,15.344525,0.89503956,-1.2547054,2.149745,149.11424,,,1.3204161,0.8029582,7.926546,202.2277872884563,31.08116393359559,-1,0.0,False
665890153320440448,128.13381733837485,0.084047556,22.761395544001324,0.060966745,7.30440096789777,0.10027152,72.846214,-26.431429633415657,0.09886419,-11.009122004235117,0.07557806,16.726475,17.667059,14.830433,2.836626,0.9405842,1.8960419,911.7834,,,1.1675897,0.5265998,12.235845,201.75164569871913,31.79010408433617,-1,0.0,False
666125547591755776,130.1966159029379,0.1795364,23.040860777076727,0.10164079,3.616856901499213,0.20873545,17.327469,-25.2485603659161,0.22344808,-13.276279352849166,0.1590944,18.497215,20.155128,17.310167,2.8449612,1.6579132,1.187048,563.86127,,,0.98900217,0.0,0.0,202.1523704016491,33.680925824888895,3,0.9179379885437785,False
666180493110489088,130.4521165114153,0.19492172,23.586685522913697,0.10730185,3.712864241557255,0.22182752,16.737617,-34.19017098196533,0.22388282,-9.46602711238506,0.18563014,18.902983,20.747475,17.664902,3.082573,1.844492,1.238081,588.2218,,,0.97726405,0.0,0.0,201.614291799584,34.07260304171741,-1,0.0,False
665486529474274432,127.79684438519564,0.117087446,21.290009615720813,0.077052206,3.138359767855559,0.1385371,22.65357,-25.178097206067847,0.14279008,-15.314862791433532,0.10588584,17.955902,19.27694,16.834375,2.442564,1.3210373,1.1215267,881.4792,,,0.96835744,0.0,0.0,203.2588730522976,31.0106346348627,-1,0.0,False
665623002058435072,128.28585257308856,0.31315804,21.853961578151157,0.19792531,4.13693752720212,0.35345647,11.704235,-36.73738623592939,0.3752781,-18.19484805331401,0.28063184,19.319708,19.366676,19.197086,0.16959,0.04696846,0.122621536,378.91608,,,1.0660827,0.7546303,1.2254692,202.81395861253992,31.627385382593452,-1,0.0,False
665869640556711808,128.28382649607616,0.081327155,22.525279210928204,0.055552874,4.268497148132471,0.10091424,42.298264,-24.08817192889517,0.09406191,-12.378837360387084,0.06581641,17.124535,18.49519,15.778593,2.7165966,1.3706551,1.3459415,752.9078,,,1.2004434,0.35260737,3.8748128,202.06722365378585,31.844971493130103,-1,0.0,False
666082155539463936,129.38134486200696,0.045171916,22.86651850125229,0.025194172,5.500817153116487,0.051368125,107.0862,-32.62953258739961,0.04793051,-10.016821573314443,0.037854325,15.609556,17.01987,14.436375,2.583496,1.4103146,1.1731815,1861.4136,,,1.1457298,0.13046315,2.6570966,202.06811338711057,32.9134550412085,1,0.15892056545404887,True
666209110475784832,129.76714405366147,0.109697506,23.442345237958545,0.07453198,3.1880548054845694,0.13236912,24.084583,-24.12555374109587,0.12985072,-15.473888521246495,0.10057831,17.92341,19.441017,16.752062,2.6889553,1.5176067,1.1713486,939.5088,,,1.0573621,0.0,0.0,201.54733039428896,33.4305496722673,2,1.0,False
666250037220850688,130.11720250122693,0.013465635,23.8933145618754,0.008861064,4.663967825044948,0.01569617,297.1405,-31.145720394035735,0.016108617,-10.483877516512798,0.012422849,12.81195,13.282749,12.184392,1.0983572,0.47079945,0.62755775,5736.404,65.4384,0.9371327,1.0691504,0.07641152,7.4066963,201.14958220428355,33.873884083742425,1,0.17068545532708318,True
666354800062502784,128.3594053783226,0.04275849,23.520005763790536,0.031663194,5.6392785789498,0.051008422,110.55583,-35.50856134483992,0.049725782,-15.907613369394422,0.037864123,16.022951,17.473686,14.84218,2.631506,1.4507351,1.1807709,1246.7665,,,0.9976634,0.051469732,0.23305124,200.98104501827223,32.227754358350694,1,0.17259317693125098,True
675716072124926848,124.81508505503378,0.15396087,20.472838260451095,0.11168013,3.243967996560949,0.17934525,18.08784,-25.665416060920496,0.17854273,-18.158591762745523,0.13322389,18.405863,20.182981,17.146517,3.0364647,1.7771187,1.259346,491.43848,,,1.0407472,0.5248854,2.0679967,203.0370086440752,28.11383158092174,2,1.0,False
676153338452493824,125.5946520605306,0.16278468,21.44032210127896,0.12351654,3.752204965871809,0.20894492,17.957867,-35.10930179288778,0.19541185,-13.709251529927212,0.14169359,18.338,19.863186,17.137527,2.7256584,1.5251865,1.2004719,518.808,,,1.1461383,0.6139478,3.2620804,202.29133915596285,29.13245260091592,-1,0.0,False
676211818727121152,125.18940206066598,0.018839829,21.518860726892093,0.013248227,5.456483737901348,0.02186968,249.49994,-34.05631724157119,0.022198236,-15.705123149339212,0.01585119,14.398248,15.354957,13.430658,1.9242983,0.9567089,0.9675894,3185.7856,38.286076,3.9791105,1.0542392,0.0,2.2682994e-15,202.0594665416553,28.8050026844006,1,0.20089858579785358,True
677952547495362176,127.15247390329613,0.08009429,22.945774893673647,0.056493346,4.270632998796962,0.10061617,42.444798,-22.155797573078956,0.09525367,-20.80240359628925,0.06714556,17.180872,18.715815,15.9669075,2.748907,1.5349426,1.2139645,1175.6154,,,1.0814614,0.21903947,1.3015641,201.20552975320143,30.993579835231216,-1,0.0,False
677965024382055040,127.17816691953097,0.06230262,23.179008558463853,0.046079926,3.2649443786913332,0.078598805,41.539364,-25.640879795493124,0.07280681,-9.379532317267284,0.053601906,16.910265,18.282267,15.757925,2.5243416,1.3720016,1.1523399,1259.8656,,,0.9211234,0.0,0.0,200.9567148284683,31.091101959977895,3,0.9624034002156092,False
678033881297665920,126.84911374366246,0.12365518,23.452745838823663,0.08867731,5.224073251834079,0.15897925,32.860092,-32.34625914316007,0.15010817,-15.557392487947997,0.10674225,18.054142,19.887003,16.773483,3.1135197,1.832861,1.2806587,688.5274,,,1.0638905,0.26376897,0.7155862,200.54129721828963,30.89253332260039,1,0.15734896760834646,True
678216292846908544,126.6730799764006,0.08476597,23.42908428273451,0.06301538,7.81649241977245,0.113779075,68.69885,-40.277862359083386,0.111500666,-20.344031398066296,0.07968738,17.499447,19.337318,16.19933,3.137989,1.8378716,1.3001175,831.7829,,,0.94707847,0.0,0.0,200.50720616281197,30.731950833480735,-1,0.0,False
678360058289611008,127.92130353699618,0.2531965,23.48896726638508,0.18026125,6.67536274339112,0.32896596,20.291956,-30.349798902944087,0.2924443,-19.49120691831232,0.19863576,19.321747,19.640284,18.976643,0.663641,0.31853676,0.34510422,335.06723,,,0.99530053,0.0,0.0,200.86678522446155,31.836620828562975,-1,0.0,False
609981700739115136,131.29028024299538,0.101545796,15.474674176011137,0.053754285,6.51719886883047,0.11498257,56.67989,-30.931503373254916,0.13029923,-12.641244744526524,0.099908546,17.822935,19.449596,16.601072,2.848524,1.6266613,1.2218628,871.29047,,,0.9733243,0.0,0.0,211.0236565018513,32.00696012882471,-1,0.0,False
610035473728984064,131.32450186685068,0.16241165,15.577412069717246,0.07335127,3.15741719474814,0.17686912,17.851715,-25.38760740094168,0.20274924,-0.6946251030057032,0.1319357,18.253786,19.548729,16.965801,2.5829277,1.2949429,1.2879848,724.32935,,,1.0516932,0.3678991,1.2716031,210.9267219411651,32.076894220077904,-1,0.0,False
610125599324760960,132.2796449746028,0.416145,16.113321196541186,0.22503656,5.369973168358672,0.4557664,11.782293,-36.25318245694695,0.48840436,-17.255018784790785,0.33952442,19.92082,21.110142,18.565123,2.5450191,1.1893215,1.3556976,296.42487,,,1.043717,1.1664841,1.6354381,210.7542474536825,33.13063270024124,-1,0.0,False
611457593236627968,132.91703106382909,0.021216208,16.357377344753573,0.011179406,4.842242379019697,0.025006725,193.6376,-27.16727994665145,0.028077075,-13.864919131678468,0.018424451,14.695558,15.663512,13.721791,1.941721,0.96795464,0.9737663,3863.2812,41.256096,4.9515333,1.0661378,0.030952275,0.365654,210.75968109727663,33.789454896904545,-1,0.0,False
611781841792186624,132.78442256452877,0.10815366,17.40148525746655,0.05952675,3.454565257759585,0.12148497,28.436153,-33.0021062138118,0.12809567,-18.087845120056837,0.09369801,18.008728,19.675978,16.767656,2.9083214,1.6672497,1.2410717,888.1254,,,0.95366895,0.0,0.0,209.5341561681154,34.05808017903134,0,0.9154166596296317,False
612292534878882944,134.04673693170457,0.05087578,18.207777728083204,0.024387138,6.244082893143726,0.057523675,108.54806,-39.602476352231065,0.06275693,-14.015621320600255,0.040498465,16.389133,17.85641,15.207492,2.6489172,1.4672756,1.1816416,1534.21,,,1.027257,0.07635534,0.47371045,209.14518760818035,35.469616033354626,-1,0.0,False
612336137386797952,134.03672456220798,0.013099191,18.513424524750008,0.0066543743,3.4629150978920284,0.014986838,231.06375,-28.786321421071214,0.015458137,-7.383637856388661,0.0109294895,12.334543,12.7019825,11.805611,0.89637184,0.36743927,0.5289326,5103.6523,43.576572,0.88817567,0.9463865,0.058891255,5.1637263,208.78976593900776,35.56873453703325,3,0.8774139521702768,False
609798528974860672,132.0736438884194,0.09710774,15.30719660268353,0.05147099,3.7350539990726825,0.11614272,32.159176,-27.159900537787166,0.11819835,-9.284979356186383,0.08971178,17.573011,18.683167,16.377525,2.3056412,1.1101551,1.1954861,991.16095,,,0.95278054,0.0,0.0,211.55107351234528,32.63929267027597,-1,0.0,False
609967269648938624,131.75051195479065,0.24437833,15.339016928960858,0.11501811,4.453202575664138,0.26952082,16.522667,-27.30002639204264,0.31667674,-23.494891168570007,0.19977649,18.819307,20.888132,17.504333,3.3837986,2.0688248,1.3149738,519.7179,,,1.0029376,0.84225714,3.3859355,211.37362391234848,32.36408722949029,-1,0.0,False
611621248670272640,134.5454008557367,0.03990955,17.23500059484591,0.02750374,6.9980176793715785,0.045593657,153.48666,-24.944245225424403,0.047626097,-10.595590455648164,0.03632454,15.977568,17.618652,14.741659,2.8769932,1.6410847,1.2359085,1010.9247,,,1.044411,0.106079616,1.0873555,210.4702843879916,35.56250076636356,-1,0.0,False
611907770232716032,133.81753938722866,0.15639687,17.984059518372042,0.075695604,5.291469853074103,0.17918949,29.530024,-43.17001086307333,0.18285012,-14.3425291885087,0.14411019,18.313042,20.092422,17.06287,3.0295525,1.7793808,1.2501717,783.1235,,,1.039616,0.3625675,1.1584262,209.30623238398968,35.18633154591865,-1,0.0,False
676292289237928576,126.27333303365752,0.018046437,21.9781250712151,0.012754017,4.390669027929188,0.020752221,211.57585,-37.98806595771511,0.02275372,-18.11126075177947,0.016149908,14.210566,14.981419,13.353548,1.6278706,0.77085304,0.8570175,3684.7673,82.588165,2.8126502,0.9765678,0.0,0.0,201.95512055234585,29.907834816449583,-1,0.0,False
677827787285001088,126.94620133132432,0.24755785,22.420751230403763,0.1574587,4.359889745003416,0.27779973,15.694363,-24.95082030476657,0.31912044,-15.331868225164229,0.21592894,19.086554,20.914291,17.778524,3.135767,1.8277378,1.3080292,426.83066,,,0.95629895,0.0,0.0,201.71118228183957,30.642445413908717,-1,0.0,False
677913239954140032,126.77925077490043,0.016116466,23.043208409269894,0.011689787,3.435970564168931,0.019524224,175.985,-30.89246137366915,0.018372206,-25.309680377856537,0.014573496,13.421793,13.932788,12.761273,1.1715145,0.5109949,0.6605196,6109.4395,76.03572,1.9566532,1.191635,0.06976592,3.5774846,200.9686805370072,30.70001037004603,0,1.0,False
678108579364031360,126.25066623494124,0.033867124,23.03187246000929,0.021632386,3.883491836280041,0.03908521,99.35963,-38.55136248933107,0.039763488,-19.255092187212263,0.02594565,15.59554,16.561317,14.610821,1.9504967,0.9657774,0.9847193,2403.131,,,1.0356545,0.0,0.0,200.797863331994,30.236258923044012,-1,0.0,False
678392219004277760,128.4287712274449,0.012969036,23.761658203289215,0.00830196,5.825636190313538,0.0147082545,396.07938,-37.4024287226226,0.015855124,-17.601709367618945,0.010696988,12.335433,12.84305,11.676797,1.1662531,0.507617,0.6586361,3658.3442,33.952324,0.44660112,0.9712444,0.04708654,2.7436106,200.7329210542404,32.36355968737546,-1,0.0,False
685673524303704576,133.58683428736558,0.15968694,20.80354059547721,0.09095968,3.4292988481116273,0.18394202,18.643368,-25.224155184463584,0.20200272,-10.928056182953094,0.168413,18.445126,20.191141,17.175293,3.0158482,1.7460155,1.2698326,517.61835,,,0.9698536,0.49608517,1.8403084,205.9578845786591,35.947539290734845,3,1.0,False
685806775664988928,133.61988066914802,0.16821228,21.818297213759024,0.08378706,5.391052367693619,0.1951479,27.62547,-39.21654571105931,0.22742999,-13.784866346505352,0.14392497,18.185148,20.14256,16.903097,3.239462,1.9574108,1.2820511,681.7425,,,0.93061656,0.40503004,1.6165341,204.78038666726135,36.302646983904374,1,0.24417252645757198,True
685819042091956736,134.24605450871465,0.120880455,21.546274694055484,0.052188415,3.963371063619708,0.13189371,30.049734,-33.703152944614075,0.15180227,-13.948241291744214,0.09489335,17.801016,19.378738,16.601496,2.7772427,1.5777225,1.1995201,920.3475,,,1.0128288,0.10180124,0.1715345,205.33052136108327,36.76867725256454,-1,0.0,False
689469283257540864,131.4720392713687,0.07938086,23.806928816265923,0.04128527,3.4299580797239733,0.09345517,36.70164,-41.11722490987429,0.09551852,-13.350691126222618,0.07340774,17.306927,18.587494,16.187254,2.40024,1.2805672,1.1196728,1381.7456,,,1.039318,0.19855136,1.1358975,201.70227421586364,35.029406242766676,-1,0.0,False
689470520208123520,131.39610996958942,0.020358799,23.8472495186694,0.0095895,3.126124700567255,0.023616828,132.36853,-30.73585581110529,0.024502302,-15.59081001708303,0.017514385,14.24561,14.904796,13.4683485,1.4364471,0.6591854,0.77726173,4429.1655,17.453417,1.973673,0.95978683,0.0,0.0,201.62992880167363,34.97519955843487,-1,0.0,False
690245985143999616,131.07238110975106,0.081809446,24.19709796663172,0.038109887,7.695420482879291,0.09696653,79.36162,-30.25361491344958,0.09113101,-22.096310589884062,0.07043329,17.390718,19.200577,16.122934,3.0776424,1.8098583,1.2677841,1211.1832,,,1.0104244,0.10870084,0.35987243,201.11542908778085,34.797126789994024,-1,0.0,False
690273438572842624,130.43386392331473,0.19743887,23.98791566832518,0.110071704,5.44453101913391,0.23444736,23.222828,-39.19489278582134,0.2323146,-17.098552938741626,0.17603265,18.752176,20.67023,17.425392,3.2448387,1.9180546,1.3267841,705.57385,,,1.0112396,0.5257524,1.8047761,201.1463074708624,34.178358521623636,-1,0.0,False
690287178173369728,130.74216249304203,0.24825622,24.11168007223392,0.10459028,3.3257118035906466,0.33111814,10.043883,-23.591652301750653,0.30520317,-19.12551886000823,0.25448018,19.122137,20.755497,17.901262,2.8542347,1.6333599,1.2208748,613.91516,,,1.0416439,0.6984712,2.186863,201.10557084797827,34.484051566670544,2,0.9764455020557119,False
684613565031029760,135.28087456747784,0.017010858,20.247337257221897,0.012099306,3.033975764436146,0.021118926,143.66147,-34.42152010067754,0.020591076,-2.451808370432593,0.015779372,13.843184,14.307131,13.217557,1.0895739,0.46394634,0.6256275,5324.339,25.69004,3.2230203,0.9751377,0.0,0.0,207.2615105943018,37.263315073891114,-1,0.0,False
685782066717478016,133.67472121929282,0.18591541,21.538921502512547,0.0947819,5.216468422977673,0.19527665,26.713223,-48.941380388263205,0.22230646,-12.405112920337496,0.16274002,18.359997,20.084251,17.0986,2.985651,1.7242546,1.2613964,665.24915,,,1.0193636,0.45038396,1.7858331,205.12913184454987,36.26244904048762,-1,0.0,False
686066363488497408,132.82007632429364,0.10386509,22.235127841548756,0.057478286,5.416924461481123,0.12888995,42.027515,-38.482509009403,0.12872414,-14.957307183120822,0.106960796,17.627825,19.380844,16.369843,3.0110016,1.7530193,1.2579823,846.54266,,,0.9754205,0.0,0.0,204.00325803908697,35.72962772059391,1,0.23808130650658654,True
686179608890630272,133.39534880131842,0.22359945,22.676159417215672,0.12060207,4.748031883393327,0.2858991,16.607368,-47.91603451520521,0.32898197,1.7973964870594434,0.2549024,18.786167,20.350359,17.48496,2.8653984,1.5641918,1.3012066,524.8418,,,1.0472051,0.5847209,1.5033231,203.68798454665753,36.37164796133815,-1,0.0,False
686230568678179840,133.6224576562941,0.026622295,23.138786845227763,0.015156329,3.0410347121986256,0.032516334,93.5233,-32.498984184515095,0.031156674,-12.980075450021936,0.023309255,15.050578,15.804036,14.207335,1.5967007,0.753458,0.84324265,4093.4553,24.588795,7.6978617,0.936364,0.0,0.0,203.21811774226543,36.711176983359515,-1,0.0,False
609668172421888512,130.7774191326196,0.018345376,15.554315662161033,0.009389087,3.2747393374542457,0.021133294,154.9564,-29.24896094727101,0.021565588,-9.73421644516425,0.018299779,14.413324,15.109982,13.606908,1.5030737,0.6966572,0.8064165,6073.411,38.45847,2.3107958,1.021572,0.0,0.0,210.7134947665154,31.581454202812125,3,0.8158827458736977,False
609765543624836480,131.79866257283138,0.24810135,15.07028561400767,0.13691568,3.2589756838519923,0.29118824,11.19199,-21.272133258380848,0.29164737,1.329863875749297,0.2071916,19.305166,21.121887,18.045391,3.0764961,1.816721,1.2597752,413.50546,,,1.0059322,0.4021957,0.42874458,211.68815236182996,32.3028755322322,-1,0.0,False
609879244294990592,133.2365037619178,0.015308458,15.846127610246263,0.008362471,6.750908816930848,0.018072218,373.5518,-44.39057354367074,0.01870862,-21.062238297872877,0.014147496,12.931569,13.637952,12.099353,1.538599,0.70638275,0.83221626,5427.128,20.115057,0.5781951,1.0983133,0.104583986,13.0346775,211.46916466185127,33.880452746727656,-1,0.0,False
610073338161021568,131.74555295305984,0.23099115,16.009393540738852,0.13188404,3.1986073990878254,0.28316438,11.295938,-38.649027633943696,0.30636063,-1.9773503299064592,0.23033828,18.948101,20.552244,17.732641,2.819603,1.6041431,1.2154598,468.20972,,,1.0101341,0.4320179,0.75703496,210.6372116583048,32.616280073393135,-1,0.0,False
610086944617465088,131.33101527669862,0.21657804,16.119386053082422,0.101019345,5.004425424045533,0.24786179,20.190388,-36.60466624020242,0.24224512,-9.785969446813478,0.16845566,18.830614,20.639961,17.514305,3.1256561,1.8093472,1.316309,534.7706,,,0.91142654,0.057442408,0.016808858,210.33758197640327,32.28939326719498,1,0.16036732587722916,True
610105223997892864,132.14296093447396,0.22528303,15.972065437043282,0.12060276,3.167745694645798,0.28255013,11.21127,-37.976874811740494,0.2866361,-27.38812583650004,0.2010759,18.896776,20.498531,17.680674,2.8178577,1.6017551,1.2161026,584.2709,,,1.0966357,0.69254965,2.1477444,210.8508038788836,32.95553926334983,-1,0.0,False
610230705763067392,132.18901928002464,0.31977183,16.754301272312034,0.15254451,3.9223685350117217,0.34281024,11.441807,-41.23172597847787,0.42314836,-18.6042513643197,0.25590464,19.414036,21.023401,18.12964,2.8937607,1.6093655,1.2843952,348.7945,,,1.0558909,0.58980894,0.74555427,210.00510332589928,33.29050254202494,-1,0.0,False
611491506298359168,133.31778551060748,0.013013099,16.601899812824428,0.0070235757,4.031111702808993,0.015002029,268.70444,-27.764385553825655,0.01686975,-0.7311769639886843,0.011790409,12.130644,12.463998,11.631083,0.8329153,0.333354,0.4995613,4722.3374,44.314457,0.9359751,1.0285249,0.08068386,10.138191,210.6595011766801,34.237311441364845,-1,0.0,False
612468658601702272,135.04407090597786,0.16236334,19.123043890692557,0.13176195,6.193289291870513,0.1866773,33.176445,-45.61598728555492,0.20548482,-14.07796705210284,0.17322862,18.235502,20.271675,16.916264,3.3554115,2.0361729,1.3192387,546.94403,,,0.9155401,0.0,0.0,208.49250223181053,36.674687448488555,-1,0.0,False
651854509433489408,127.72191117403572,0.5171455,15.220425093464865,0.29879075,5.576864304503603,0.50677407,11.004636,-43.86157283173782,0.75775045,-21.608117840405477,0.40370283,19.457315,20.899128,17.44054,3.4585876,1.4418125,2.0167751,163.32707,,,1.0089113,1.6957117,3.6389043,209.75056587473497,28.735896227907897,-1,0.0,False
651887151186061184,127.8083500828878,0.041720416,15.535757282855174,0.028537104,5.755234577056752,0.048034787,119.81389,-38.57464369690764,0.052093558,-26.48766605493071,0.036433943,16.149303,17.344833,15.065979,2.2788544,1.1955299,1.0833244,2016.1964,,,0.96826744,0.0,0.0,209.4558205086209,28.935179798637986,-1,0.0,False
652946908597734912,126.97404216951747,0.032435477,16.517996607122253,0.021904742,4.475156995894083,0.03739891,119.6601,-27.682814779963216,0.038736343,-8.754679161378515,0.02656694,15.50955,16.621542,14.461256,2.160286,1.1119919,1.0482941,1983.935,,,0.9769602,0.0,0.0,208.07030021250168,28.571376297033215,-1,0.0,False
656012724973136128,126.22019116366867,0.10855746,16.673877410155747,0.07287649,4.029554754857143,0.13161446,30.616352,-38.59602845294777,0.12452867,-14.21860732674794,0.08895477,17.892849,19.55303,16.6621,2.8909302,1.660181,1.2307491,911.7095,,,1.0529008,0.20036988,0.66011953,207.5949038435965,27.962346685096183,-1,0.0,False
657641234835242752,129.52986563266646,0.018090963,15.344207602820855,0.011971133,6.657025306261575,0.020937221,317.95172,-32.161926857733306,0.021939117,-4.242568957491392,0.016071696,11.402205,11.809697,10.8357525,0.97394466,0.40749168,0.566453,2842.8533,19.582813,0.31116593,1.0548416,0.13573387,26.380104,210.39837058628592,30.39103031275041,-1,0.0,False
657747990542406784,129.9621333555094,0.13290215,15.672547435622077,0.08409894,4.872465467634742,0.16748442,29.092052,-33.355690074521426,0.17008649,-9.387278350493872,0.108271725,18.015442,19.839094,16.73913,3.0999641,1.8236523,1.2763119,566.5912,,,0.99044114,0.0,1.2276309e-15,210.23294419192,30.901959050455694,1,0.1898169848305887,True
657789844999736960,129.9034892661032,0.012942078,15.923859562193703,0.009510271,3.8929686305491336,0.015353528,253.55531,-34.998179560983964,0.015664155,-21.772057858200345,0.011297519,10.680943,10.940567,10.259999,0.68056774,0.25962448,0.42094326,7691.2695,78.30747,0.524248,0.7906525,0.04944386,2.9441674,209.9371282028935,30.946061724594887,-1,0.0,False
657798331855080960,130.0700733207851,0.06543844,16.05405829977342,0.04140485,3.953251408776215,0.07692711,51.389572,-28.84075401138669,0.08118465,-17.416058274871695,0.05682096,16.965574,18.176426,15.867281,2.309145,1.2108517,1.0982933,1479.2029,,,0.987334,0.0,0.0,209.86787761124097,31.14373878527853,-1,0.0,False
657813136607110528,128.57086209979613,0.03167191,15.265454835984038,0.022168782,7.888891065905014,0.037075862,212.77701,-27.666047277942823,0.03897266,-27.57751121701307,0.029427191,15.601792,16.940647,14.45977,2.480877,1.3388548,1.1420221,1666.9642,-11.873556,4.9130945,0.9715919,0.0,0.0,210.06800130200995,29.50792561851429,-1,0.0,False
657833997263238656,128.7322165239703,0.081622735,15.459604334006674,0.06248717,3.06719734169927,0.08530795,35.954414,-21.48375083936373,0.09659983,-7.43889051960461,0.07588821,16.889097,,,,,,314.456,,,1.0414869,0.24039769,2.0225768,209.9315452784976,29.726625191149346,-1,0.0,False
658036685360368000,128.89566786782996,0.2809584,16.270849011682042,0.1782677,3.92789286655385,0.33278444,11.803115,-23.99625591392064,0.3327556,-11.282605047363855,0.21792035,19.20997,20.841887,17.986452,2.8554344,1.631916,1.2235184,370.42264,,,1.0504749,0.5091207,0.54387325,209.1363070074031,30.182814275711017,3,1.0,False
658065444461396608,129.61029631736875,0.015472157,16.624478995989442,0.010806425,5.496219042299299,0.018034136,304.76755,-35.450268740887225,0.018342948,-10.908256746288355,0.013291107,12.937875,13.538844,12.207357,1.3314867,0.6009693,0.7305174,3489.9038,34.342655,1.6753579,1.0402287,0.083739415,6.7165556,209.05677061888133,30.95100336907692,1,0.3270393640376014,True
658502775211243136,130.11095041072193,0.063661486,17.350020567496287,0.041135374,3.8912834387724575,0.08021545,48.510403,-31.46172899001201,0.079572834,-11.333992412365705,0.056590516,16.628813,17.949026,15.493477,2.4555492,1.3202133,1.1353359,1283.8568,,,1.041557,0.123540826,0.7741303,208.47718957840615,31.66547185407814,3,0.8329656469180384,False
658570974996041344,130.9655889833098,0.06892114,17.65554186038158,0.03293563,5.319061243486947,0.083407804,63.771748,-36.3323214310643,0.08562658,-11.276168105802077,0.06735813,16.89736,18.429333,15.684624,2.744709,1.5319729,1.2127361,1370.608,,,0.9788264,0.0,0.0,208.4943439505693,32.53579902096875,1,0.5513435210318129,True
658587300167665024,130.37091129097774,0.04576442,17.46143495514073,0.024583515,5.147781519587615,0.053282138,96.61364,-29.392950468652277,0.055940658,-4.7132558939517875,0.040296216,16.233648,17.650076,15.055926,2.5941496,1.4164276,1.177722,1950.9476,,,1.0978792,0.14013042,1.7606726,208.46266623947727,31.93712097496086,-1,0.0,False
658594167819428864,130.70795520314482,0.2694505,17.64130400219513,0.13308702,5.181434573875785,0.32285035,16.049028,-35.92673105295789,0.30616292,-10.88695014958083,0.2328156,19.21205,20.907608,17.858671,3.0489368,1.6955585,1.3533783,441.23056,,,1.0692742,0.6424603,1.4528357,208.4039526337583,32.302015558190135,1,0.31261587511623545,True
658660516474574336,128.12488623185885,0.10689494,15.891844818748185,0.07339532,3.7938684134018974,0.12552,30.22521,-33.94941409739936,0.124755815,-9.636249298249098,0.09584491,17.713692,19.611555,16.411963,3.1995926,1.8978634,1.3017292,674.29285,,,1.0407965,0.2963161,1.32335,209.2141003295867,29.35359784485076,-1,0.0,False
658729820067024128,127.562172979406,0.19211258,16.2517731446736,0.14664808,3.008322817080914,0.2368614,12.700773,-22.07402120793423,0.23326293,-6.545163768531756,0.16065113,18.700205,20.156942,17.498045,2.6588974,1.4567375,1.2021599,481.2417,,,1.0009114,0.14682515,0.08234955,208.5962958443713,28.99175082807885,-1,0.0,False
658760297154422400,128.0038320195779,0.13982418,16.46086767658086,0.091219865,3.7953244096925354,0.16380067,23.170383,-22.481371309973603,0.17653334,-11.738334196551914,0.12491989,18.16411,19.579277,17.013493,2.5657845,1.4151669,1.1506176,759.6208,,,0.99501324,0.0,0.0,208.55939487158315,29.4632130119291,3,0.9952265743188325,False
658774904339596544,127.7791564088737,0.10883531,16.531182851166324,0.06770255,3.168042231080439,0.12426545,25.494152,-27.033409147305008,0.12513761,0.0127288181334693,0.081565306,17.512602,18.824915,16.39532,2.429594,1.3123131,1.117281,776.6157,,,0.9219747,0.048788793,0.0428885,208.39102278304009,29.29051033724776,-1,0.0,False
658831872786248832,128.93078976460754,0.075344846,16.755923812055773,0.0525584,5.63211840885298,0.08577302,65.66305,-35.90991163381036,0.09233725,-11.42902190860132,0.06776154,17.108852,18.835228,15.851655,2.983573,1.7263756,1.2571974,845.1307,,,1.0237201,0.0,0.0,208.630859234884,30.397167209138193,1,0.37974923910554403,True
658959622293389440,127.25622636531104,0.04622068,16.684730537638764,0.034734055,7.612616987348363,0.061598353,123.584755,-26.73238285031955,0.061212853,-17.35199179823155,0.04423364,16.125309,17.555449,14.954327,2.601122,1.4301395,1.1709824,1229.4115,,,0.9677205,0.0,1.3251691e-15,208.01129613611332,28.88482613471642,-1,0.0,False
659013768944886272,127.1072810656365,0.23354782,16.898831160757766,0.17340839,7.572197837314948,0.30546287,24.789259,-37.96058652681553,0.29198173,-14.379813469511475,0.1960112,19.078505,20.863932,17.679802,3.1841297,1.7854271,1.3987026,321.15598,,,0.918644,0.0,0.0,207.72345872416545,28.833613950186297,-1,0.0,False
659030880094357760,126.86721947029316,0.17949292,17.028935872093232,0.11693286,3.251052119647963,0.2071822,15.691754,-26.69872816707049,0.20035261,-5.730517152210547,0.13656011,18.873386,20.691631,17.628471,3.06316,1.8182449,1.244915,493.7109,,,0.94359004,0.0,0.0,207.48738944345183,28.66985664880289,-1,0.0,False
659193440313327232,128.0923689173455,0.025838079,17.91304473532089,0.016998852,4.442956498107882,0.031461246,141.21997,-28.57416122912281,0.03292083,1.0111417902682207,0.020495769,10.028627,10.2226515,9.687179,0.53547287,0.19402409,0.34144878,2455.4304,9.310917,0.37881184,0.96691996,0.18986376,39.15351,207.04336732728805,30.08322566288116,-1,0.0,False
659228074929597440,129.45447163656675,0.019834733,17.254957678383768,0.012976932,5.442651171197706,0.022567524,241.17184,-35.774666674259464,0.022622079,-11.270212996962648,0.016663797,14.494722,15.481445,13.508583,1.9728622,0.98672295,0.9861393,2450.8918,37.381886,3.356552,1.0216653,0.0,0.0,208.30946331881344,31.047924161531313,1,0.5045470122733537,True
659292465079128192,128.98023368270205,0.111012444,17.481819335661626,0.07209034,3.89571006758436,0.15093243,25.810953,-34.100078744300596,0.14776312,-14.95269807976416,0.09623692,17.742212,19.276102,16.56699,2.7091122,1.5338898,1.1752224,899.2793,,,1.0351855,0.1032593,0.14158064,207.86891447432757,30.711223156725772,-1,0.0,False
659329126920001408,129.52966037128385,0.044503916,17.782390310207553,0.028301174,5.443966931953901,0.051019866,106.70288,-36.295457749937086,0.053149834,-11.58246074619599,0.036959097,15.729401,17.130869,14.559648,2.5712214,1.4014683,1.1697531,1055.8187,,,1.2903658,0.14900431,2.5608091,207.76704686364064,31.308627684669627,1,0.7159810555568846,True
659477217391773696,130.2302942971077,0.020613601,18.583007876255103,0.010466415,5.304061461050723,0.025033716,211.87671,-34.80310379550289,0.024291715,-12.040977280423236,0.016210144,13.9127445,14.733122,13.0258255,1.7072964,0.82037735,0.886919,3186.2961,35.16382,2.2070763,1.0772494,0.009192901,0.049080845,207.1716381956551,32.21846666432747,1,0.6161193952168121,True
659489518178180864,130.18481266417052,0.016095204,18.656467332803263,0.008409651,5.446812975590454,0.019108886,285.04086,-34.881825965658564,0.019412376,-12.112472869240904,0.01262079,12.627024,13.16232,11.935357,1.226963,0.53529644,0.6916666,2367.345,34.65974,0.86060953,0.9572865,0.04047041,1.749183,207.07236071598743,32.20438001117345,1,0.6189882593823609,True
659595994711604352,128.35494933642147,0.15447451,18.346190479437336,0.10296528,5.611152572516337,0.17840788,31.45126,-35.61610479945383,0.19764629,-12.094155157570622,0.12633985,18.269712,19.922148,16.96762,2.954527,1.6524353,1.3020916,605.587,,,1.022791,0.0,0.0,206.6815957637935,30.47345810157563,1,0.49039680122620316,True
659680072990872704,129.74049022674606,0.057895985,18.775181020340213,0.040547103,5.531853216341062,0.06858693,80.654625,-35.64920609077345,0.068610035,-12.431883259483946,0.049193837,16.548304,18.106901,15.269399,2.8375025,1.5585976,1.2789049,884.4171,,,1.0505472,0.16764626,1.4352573,206.7648132478816,31.853370958384453,1,0.5992142026382212,True
659719419187699712,129.2149415618499,0.10373667,18.838634199642843,0.060949624,5.602061253491877,0.13083811,42.81674,-35.340003175151665,0.13354683,-12.753501937000909,0.08578286,17.443512,19.220541,16.168331,3.0522099,1.777029,1.2751808,800.5687,,,1.0470438,0.07897146,0.11479482,206.48717205997988,31.411057307796703,1,0.4716512325446539,True
659760650873720192,129.2125992664509,0.06597729,19.071767359139308,0.04529468,4.237800162275951,0.08510394,49.795586,-34.3069739549446,0.08271447,-9.967751796756914,0.057674225,16.89577,18.329477,15.722683,2.6067944,1.4337082,1.1730862,1176.5839,,,1.0146178,0.0,0.0,206.2307761573205,31.491769941768997,-1,0.0,False
659879531271861504,131.7802800025262,0.2858629,17.750489959648757,0.14766246,5.397810002163834,0.34584534,15.607583,-35.70814520009232,0.3450916,-11.52303772000569,0.24595474,19.225874,21.137981,17.899681,3.2383003,1.9121075,1.3261929,388.8295,,,1.0169518,0.68760014,1.3594404,208.725097785786,33.29332109184632,1,0.7460303962531997,True
660066349465717504,131.49991822604326,0.07804348,17.82740343362188,0.037478182,5.3633786477476235,0.084811956,63.238476,-36.572981470304185,0.090452254,-10.869462741153455,0.065322764,17.102743,18.875528,15.837025,3.0385036,1.7727852,1.2657185,790.90344,,,1.0615795,0.20444338,1.5135492,208.5238588866123,33.07237820418407,1,0.4195100616952925,True
660098888137931008,131.73164423307188,0.30227458,18.03354088940529,0.155669,5.798544425026193,0.3463472,16.741999,-36.78400443222856,0.40568882,-11.894800602388209,0.34112686,19.141966,21.013813,17.761497,3.2523155,1.8718472,1.3804684,419.95587,,,1.0560338,0.96158576,2.690234,208.38921435031943,33.35239647945295,1,0.2540570174213943,True
660202272294645248,132.27041942862698,0.1281141,18.362820225723063,0.06982759,5.275858578682801,0.13953018,37.811596,-45.17517691300583,0.15116483,-3.079351552711958,0.11038177,18.195189,19.936502,16.947258,2.9892445,1.7413139,1.2479305,759.7609,,,1.0183215,0.28181624,0.87593263,208.23980932620273,33.94815041800014,-1,0.0,False
660221376309454464,132.0866340270576,0.24663281,18.573402751892,0.13257344,4.583487835541592,0.28080654,16.322582,-23.09749296160507,0.30615148,-17.15451102520717,0.23047496,19.187254,20.937456,17.865786,3.0716705,1.7502022,1.3214684,458.85556,,,1.037285,0.73090416,1.5151054,207.92807799121655,33.85987729580569,-1,0.0,False
660295357121694080,131.63747475602426,0.015457204,18.90665382201406,0.007446709,5.38166169089026,0.017172085,313.39594,-37.498835959560225,0.018539112,-12.609959227262,0.013766266,12.872182,13.460778,12.150211,1.3105669,0.58859634,0.72197056,2954.4705,35.990986,1.9024826,0.91335917,0.03601429,1.4755625,207.3728837687839,33.57929429521053,1,0.5741535620450837,True
660405200909016704,134.00027894765452,0.16036665,18.968322845764575,0.0760374,3.28606062992137,0.21491121,15.290318,-26.05413545374004,0.2084517,-2.9345275654743683,0.13691077,18.27916,19.937248,17.051924,2.8853245,1.6580887,1.2272358,706.76697,,,1.0668445,0.49862632,2.3253305,208.2504921230084,35.69526490152909,-1,0.0,False
660597718525396736,134.58609438633152,0.10319027,19.734386491686024,0.060139723,4.892518648582835,0.12210991,40.066513,-33.67423653675117,0.13636819,-16.16674596110497,0.08785848,17.25902,,,,,,502.82648,,,1.0359328,0.3969287,4.1474667,207.5936420292581,36.476664313230465,-1,0.0,False
660879781911849216,133.93691969496746,0.2573655,20.43078662990242,0.12452493,3.1397867393705288,0.30273983,10.371238,-25.061893574595658,0.30595443,-16.629941748958956,0.20783317,19.157536,20.731836,17.950691,2.781145,1.5743008,1.2068443,465.11758,,,1.0094163,0.28077334,0.25349554,206.5264723696644,36.13444098547276,2,1.0,False
660937334473763072,130.7435954155217,0.12291659,18.72898332469283,0.057758655,4.5414031347162185,0.13374315,33.956154,-23.365519322324115,0.14216901,-11.159228115239276,0.111574434,18.101587,19.866943,16.827131,3.039812,1.7653561,1.274456,864.75665,,,0.95462734,0.33467942,1.5738071,207.2149081369285,32.724918151361884,-1,0.0,False
660954067666386944,131.32484934437923,0.019295543,18.8903154585874,0.0088088745,5.535352895340478,0.023327347,237.29028,-37.61555069359538,0.024487661,-12.540156363250654,0.017127018,9.516462,9.728562,9.154241,0.57432175,0.21210003,0.36222172,6414.4585,33.8762,0.25106743,1.0136517,0.10125614,12.9483185,207.2666283930996,33.29665218942953,1,0.6262853422412047,True
661008527851529728,130.3998022224512,0.015179939,19.10702066645809,0.007514194,5.345722388624707,0.01746835,306.02332,-35.03917933485229,0.017730486,-12.7436241867345,0.013108028,13.623213,14.372687,12.780002,1.5926857,0.7494745,0.8432112,2896.526,35.128075,1.3286054,1.0235889,0.0,1.9161912e-15,206.65856377054897,32.554031463776326,1,0.9887895551107911,True
661036840275967744,130.78085118400114,0.056711294,19.23862976735547,0.024369989,5.626537952795023,0.062040396,90.69152,-38.14970063625259,0.060990527,-14.13085051341481,0.04667525,16.537294,18.186144,15.278457,2.9076872,1.6488495,1.2588377,1899.5493,,,1.0445848,0.099014364,0.6960667,206.66193198121823,32.93724183681865,1,0.481637870184064,True
661043506065199488,130.7754721154928,0.055985346,19.414447312179952,0.025035016,5.31955559171782,0.06293784,84.52078,-35.99797020512855,0.065041535,-12.676443874706408,0.04685336,16.614388,18.215044,15.39232,2.8227243,1.6006565,1.2220678,1554.158,,,0.9662032,0.0,0.0,206.46340325037735,32.993753725360904,1,0.6890570707157399,True
661059895660363008,131.6530666681683,0.048862822,19.225990602842323,0.025583176,5.286459870661269,0.057812553,91.44138,-32.9607548880511,0.058537308,-8.350999348032307,0.042927414,16.42576,17.780687,15.270477,2.51021,1.3549271,1.155283,1341.9553,,,0.9752655,0.0,0.0,207.01968116286085,33.70471326182678,1,0.13966769082130548,True
661061231393869056,131.66781923305638,0.10602546,19.27503976609689,0.05383799,5.866122152730948,0.12716839,46.128777,-39.79473673821704,0.13154583,-13.401414733775326,0.08784589,17.773924,19.60811,16.5027,3.1054096,1.8341866,1.2712231,894.5776,,,1.0205936,0.20114392,0.67920834,206.97020883784327,33.734822094528646,1,0.25784665455150185,True
661190015991474688,130.00692974596615,0.016497131,18.99978428559308,0.009948965,5.436823716326426,0.018215299,298.47568,-36.14099999537519,0.019430337,-12.354235442465557,0.013983135,10.0304165,10.360586,9.548475,0.8121109,0.33016968,0.48194122,176.0868,,,0.8888696,0.06078178,4.591115,206.6225168427164,32.16871030446328,1,0.8815319883208205,True
661220969817342848,130.47641283578923,0.021175051,19.257330645347267,0.01132232,5.436275515152367,0.023710772,229.27449,-35.869584023509844,0.025162622,-12.630860188713491,0.018198036,11.226812,11.5907135,10.694993,0.8957205,0.36390114,0.53181934,1154.0461,41.182636,5.8173685,1.2347515,0.18138103,57.586094,206.5215539760619,32.67448948700205,1,1.0,True
661221248993732736,130.40677995430374,0.046677887,19.246787669163716,0.022315077,4.856078120062016,0.050839406,95.518,-31.511370025840936,0.06069754,1.54289556910689,0.03966835,16.185911,17.408915,15.074849,2.3340654,1.2230034,1.111062,2189.8967,,,1.0129638,0.0,0.0,206.50596914296207,32.609216798848955,-1,0.0,False
661234679353175296,130.46060917280556,0.15227175,19.49424624917522,0.06872053,5.5257562673017055,0.15943378,34.65863,-37.79923016216655,0.18166015,-12.709976214683127,0.11630446,18.204369,20.005285,16.91188,3.0934048,1.8009167,1.2924881,811.6379,,,1.0191109,0.24685815,0.5723741,206.2514755849159,32.74310492835966,1,0.6262853422412047,True
661238635021126656,130.22407980365594,0.026553191,19.378834593683756,0.015377815,5.568031701831432,0.032414474,171.7761,-37.2007474287038,0.034475252,-13.95205012753024,0.023999728,14.894252,15.987203,13.856455,2.1307478,1.0929508,1.037797,2350.6506,30.39599,4.4461985,1.0292786,0.0,0.0,206.2876978082985,32.49382559970107,1,0.5073145832180339,True
661248354529171072,130.42989891559955,0.2944768,19.591294666570885,0.1285538,3.6817351426695337,0.29330355,12.552645,-33.90704896643877,0.3558168,-23.54792540464715,0.21041985,19.202766,20.95479,17.927877,3.0269127,1.7520237,1.274889,431.96143,,,0.94851017,0.0,0.0,206.1313185294116,32.74963796150461,-1,0.0,False
661277908202012672,129.48787892834326,0.062254652,19.463803936028377,0.039936867,5.307233125131796,0.072125256,73.58356,-36.3433369147825,0.072835326,-12.753225687920349,0.047393933,16.558746,18.110857,15.344347,2.76651,1.5521107,1.2143993,1258.8038,,,1.0777205,0.09246398,0.41539443,205.90699967065055,31.872960614566573,1,0.726688282198932,True
661296290661998208,129.94689526562905,0.09903182,19.659483936498475,0.06671228,5.2170162669696225,0.12845089,40.614872,-35.69751977360196,0.12895611,-12.20065579062835,0.09010566,16.8569,18.505228,15.59684,2.9083881,1.6483288,1.2600594,947.08246,,,1.3137825,0.49513233,8.680936,205.8683125478769,32.34655581683387,1,0.5344737120616643,True
661303471844671104,130.1640682246466,0.053453553,19.71537465119984,0.036387175,5.360800917347774,0.0611177,87.71274,-35.205655506514816,0.06335012,-12.490860301308222,0.043380536,16.541897,17.956905,15.184651,2.772254,1.4150085,1.3572454,1215.3585,,,1.0092647,0.0,0.0,205.89011576303943,32.55773468289401,1,1.0,True
661310756111835392,130.0558901585719,0.016346848,19.778750148848083,0.011069607,5.395738186240962,0.019156244,281.66995,-35.101871754736166,0.019530324,-13.040625876219671,0.013840871,12.836938,13.41744,12.117836,1.2996044,0.5805025,0.7191019,1840.1699,35.17527,0.99843293,0.93437254,0.0652888,3.5212271,205.7778460212428,32.484103648015456,1,0.9887895551107911,True
661311267210542080,129.94655067695317,0.1565962,19.76993007560711,0.12238606,5.403819148194116,0.19360226,27.911963,-36.23435486140883,0.20173514,-13.471941491873537,0.15121898,18.372242,18.382166,18.445826,-0.06365967,0.009923935,-0.0735836,533.75397,,,1.0089035,0.09626014,0.054565184,205.74551345637343,32.384505097727015,1,0.934035616056224,True
661314466961037312,129.89418164918237,0.33363444,19.799930957529735,0.37155953,5.149014800533993,0.30392116,16.941942,-35.53492868795372,0.5259336,-12.918146651532856,0.5952323,17.335207,,,,,,227.66713,,,1.1980263,0.5715717,4.1742964,205.6920142912855,32.34863830208718,1,0.4255465033133104,True
661321304551503616,130.0150886507075,0.050677616,19.916473450891935,0.0353661,5.365331812485776,0.0613406,87.46787,-36.93437173930583,0.06176845,-14.131637129203806,0.04444522,16.281916,17.92626,15.042538,2.8837223,1.6443443,1.239378,1188.569,,,1.0635424,0.1537846,1.572569,205.6088931858268,32.4955763004195,1,0.6090043634247668,True
661401431460014976,130.2906421813741,0.014705208,19.935290701097433,0.007708515,5.3775165303148755,0.016323118,329.44177,-36.52509371078294,0.017495481,-11.773027378551443,0.011429158,13.193317,13.852824,12.413293,1.4395313,0.6595068,0.7800245,4936.183,34.196995,1.0946932,1.0486734,0.014652328,0.18865713,205.6936705649545,32.745308492329315,1,0.714317350614033,True
661402664114086912,130.44951859354188,0.20016064,19.997167356758656,0.102457784,5.053257391622218,0.2277508,22.187662,-36.59746984196937,0.2255578,-13.304286787071304,0.16965885,18.745197,20.604177,17.403126,3.2010517,1.8589802,1.3420715,570.11316,,,0.9736901,0.0,2.0327164e-15,205.6854477701712,32.90680004651772,1,0.29756876188890036,True
661408818803811200,130.65399621982638,0.016507339,20.142114546592072,0.0071549383,5.395869501122921,0.019075893,282.86328,-36.35552084904256,0.02103469,-13.033948177593334,0.015333817,13.472316,14.203009,12.643685,1.5593233,0.73069286,0.82863045,2760.1973,33.689117,1.3042412,0.91776204,0.0,0.0,205.60120263045505,33.13681652317999,1,0.925756523047544,True
661446614515976576,130.9605460308683,0.21136236,20.46396593218851,0.085316256,3.1854014965461768,0.23060147,13.813448,-28.45198749711875,0.25968197,1.2728564473053323,0.16636154,18.871191,20.404259,17.661736,2.7425232,1.5330677,1.2094555,610.9852,,,0.97550327,0.0,0.0,205.35526864825343,33.51631679495229,-1,0.0,False
661459774295768960,130.9035300538393,0.027160713,20.537162293038406,0.012317498,5.437388496221049,0.030367363,179.0537,-37.53742388621318,0.031994093,-13.398742642034236,0.02350886,15.334721,16.519407,14.252327,2.2670803,1.1846867,1.0823936,2868.0642,38.28551,4.7829623,1.0133656,0.0,0.0,205.2510615925295,33.49063867595754,1,0.572127878597381,True
661460083533415040,130.85405034657043,0.019447342,20.56531540569081,0.00867196,5.364479496893676,0.022316238,240.38458,-36.29573210248368,0.022816848,-13.024666104977811,0.016537383,14.420762,15.375747,13.45515,1.9205971,0.95498466,0.9656124,3575.1877,33.811188,2.2651248,1.0139058,0.0,0.0,205.20061418883176,33.456456941612174,1,0.8030088714589526,True
661573608108602752,132.2045679008055,0.028265374,20.224204217477485,0.014253272,5.4809197786100174,0.03082554,177.8045,-37.66159017079576,0.03458729,-12.477912134503091,0.022612765,15.135608,16.274227,14.077194,2.197033,1.1386194,1.0584135,3094.063,33.607765,3.5731273,1.0709337,0.045227014,0.5144671,206.10123737405883,34.53406217190577,1,0.5866705359874455,True
661767293953914240,131.28045582156096,0.017767502,20.394917633226036,0.00868149,5.407612545988391,0.019736243,273.99402,-37.04072576371251,0.021914655,-14.248047788181395,0.014854085,11.7140255,12.117802,11.146666,0.9711361,0.40377617,0.5673599,3080.418,33.69888,0.40871745,1.1608276,0.1164284,22.592802,205.5545874717728,33.77536988054134,1,0.5816538444166511,True
661789971381262592,131.83998489884615,0.02935928,20.656060133321795,0.015299479,5.724083237212953,0.03660928,156.35606,-38.729973815319376,0.03805041,-13.493112069095162,0.024962267,15.121429,16.28257,14.048573,2.2339973,1.1611404,1.0728569,2747.8572,38.59045,4.88435,1.0680914,0.07239195,1.2960578,205.4691659185659,34.35655118091257,1,0.36520149377627054,True
661959979070168320,131.7995809406858,0.10144004,21.130092922159104,0.054481264,5.807407701223046,0.11931257,48.673897,-40.045598131587425,0.124677464,-14.064821428347464,0.08653875,17.81554,19.713564,16.519724,3.19384,1.8980236,1.2958164,825.422,,,1.0213535,0.1435371,0.33094594,204.91164854633675,34.47740077294957,1,0.2726180986702988,True
662045092440012288,126.77812069495812,0.01939515,17.322551572751703,0.0123263635,5.194180772061643,0.022631926,229.50677,-32.339011220588496,0.022946162,-11.052279471856457,0.0154915545,14.431314,15.36445,13.476703,1.8877478,0.933136,0.9546118,3995.156,38.197483,2.4619348,1.0326341,0.0,0.0,207.14072947125135,28.701023344534256,1,0.2587773900387266,True
662182393954191744,127.47765253595418,0.037803367,17.90525517417782,0.02512069,3.3177653422811626,0.04481339,74.03513,-32.553465159957575,0.047033343,0.8175906162345543,0.033924986,15.889446,16.916065,14.880808,2.0352573,1.026619,1.0086384,2466.5034,,,1.0835494,0.07586747,0.6222918,206.8042235077937,29.536281200427357,-1,0.0,False
662222594848032000,127.78231347478828,0.014375838,18.346829088961996,0.009607414,3.7270406592149112,0.015943408,233.76688,-29.952102072974867,0.01653949,-7.39803386882718,0.01112417,12.291753,12.64667,11.770924,0.8757467,0.35491753,0.5208292,1917.6708,33.45476,1.3344553,0.9642868,0.060376186,3.7308223,206.452702039372,29.96719234873324,3,0.8399946019489561,False
662296292190172032,127.21733667812242,0.41954583,18.559213465371627,0.25203478,5.437499106085224,0.47410893,11.468881,-34.05796245286384,0.5018925,-12.549605435063414,0.32581466,19.685694,21.39339,18.224144,3.1692467,1.7076969,1.4615498,383.20627,,,1.0832258,1.6049131,4.481078,206.00068404012265,29.54489536308602,1,0.4916084818050049,True
662319489308755328,126.03349788613436,0.044647634,17.759780852728518,0.0275833,3.7681953984794174,0.048690476,77.39081,-25.817811422930745,0.05230107,-11.540063981916823,0.038581677,15.6573105,16.392672,14.288011,2.104661,0.7353611,1.3692999,1152.5955,,,1.0102949,0.21453631,6.7308383,206.37831796620836,28.20509624414905,3,0.8526905050708254,False
662560866472003712,126.65162750983492,0.016202126,19.027267386792037,0.012145701,4.051965548854122,0.019552564,207.23448,-23.557293533695816,0.022869838,-18.199065376488743,0.017198153,11.637309,11.977797,11.130525,0.8472719,0.34048748,0.50678444,4187.253,53.34624,0.7093454,0.9711759,0.09595358,13.318116,205.27782875448605,29.21454520949043,-1,0.0,False
662677758301970688,127.71403363195417,0.098471284,18.89760014482087,0.05799749,5.495906097373132,0.111209996,49.419174,-34.68455296431799,0.11024368,-13.1997377182418,0.076803066,17.265146,18.908567,16.01664,2.8919277,1.6434212,1.2485065,1190.2041,,,0.9506885,0.0,0.0,205.83240885768905,30.105668567790616,1,0.5483362035432421,True
662774957704594688,128.9881887569132,0.13533038,19.3517275099153,0.11153002,4.928021423845513,0.18992539,25.947144,-32.64380551824636,0.17395894,-12.026802738837798,0.12833397,18.239029,20.146364,16.94084,3.2055244,1.9073353,1.2981892,568.16034,,,1.027599,0.21701837,0.34077457,205.8360889705359,31.392298354355994,1,0.2279999278319672,True
662888349138525312,127.29059167240966,0.07521552,19.175677118877573,0.048405975,3.604872971542602,0.08712825,41.37433,-21.724248788658972,0.085452795,0.562302846106422,0.059337314,17.234545,18.484037,16.127356,2.3566818,1.2494926,1.1071892,1448.0969,,,0.9830503,0.0,0.0,205.36732018501587,29.8314041347096,-1,0.0,False
662915218453898624,127.52910271428662,0.040292483,19.354506789520983,0.027056921,4.098904822580083,0.045273747,90.53602,-40.048876263752845,0.050294098,-23.75977214529717,0.03692062,15.951373,17.132502,14.873616,2.2588854,1.1811285,1.0777569,2158.9072,,,1.0290552,0.0,0.0,205.26695600365937,30.105475714423996,-1,0.0,False
662917726714872960,127.82037272635542,0.03046329,19.35521207391828,0.019921513,5.5232165881201105,0.036352195,151.93626,-33.946614969650604,0.03509871,-12.989605609608128,0.02583705,15.545401,16.688211,14.268867,2.419345,1.1428108,1.2765341,2274.2888,37.566135,4.1889977,0.94727904,0.0,0.0,205.37900266755975,30.36267012899227,1,0.3649256497349146,True
663011734958828416,127.20784751370849,0.034385126,19.988932131636236,0.021067398,5.4146147814150005,0.039818246,135.98325,-34.17252372955902,0.04052708,-13.875413893884035,0.031008018,15.131401,16.53933,13.9643345,2.574995,1.4079285,1.1670666,1837.7279,3.49147,9.343731,1.1934806,0.11882602,3.183844,204.4576538968192,30.046067635709555,1,0.5600993162681164,True
663278946347649408,125.02667860529832,0.108304776,19.074853016932146,0.06506123,3.713707358502975,0.12058204,30.798182,-23.418020975445813,0.12824643,-11.255459529180156,0.07797526,17.605469,19.309313,16.359337,2.949976,1.7038441,1.2461319,633.12335,,,1.0457555,0.25738233,1.1134716,204.5955980403931,27.7996255174229,3,0.9708836300553564,False
663299429047117952,125.8636778085988,0.09197931,18.999601353659223,0.06191823,4.757485970319188,0.11869276,40.08236,-30.363568027994628,0.10878618,-11.24486739692203,0.074147895,16.536736,17.940773,15.076209,2.864564,1.4040375,1.4605265,832.9662,,,1.3972172,0.63083476,22.19585,205.00040364618133,28.509775031848427,1,0.1952917900274239,True
663689377719499008,125.06298228444471,0.01594694,20.331443890431338,0.012087137,3.184133316408548,0.020571426,154.78427,-25.03792367670825,0.018508434,-14.294230109745714,0.013682154,10.317939,10.537423,9.945161,0.59226227,0.21948433,0.37277794,4905.9326,-0.2446968,0.3397021,0.96233594,0.09335141,10.283935,203.28009671584533,28.281398961243955,2,0.9615279408068792,False
663755485855805568,127.00397078446257,0.0147608565,19.904736111308413,0.008702785,5.226275720043277,0.016451368,317.6803,-32.42868958339771,0.016003089,-13.57508229902362,0.01098798,12.503014,13.008695,11.846029,1.1626654,0.50568104,0.6569843,4064.9062,37.326683,0.693731,1.0420277,0.067985296,6.375134,204.47106968009405,29.837065172030005,1,0.2655520398884241,True
663782904926907392,126.9607045554792,0.017085638,20.24335666329107,0.0111663025,5.357131233363299,0.019008338,281.83057,-33.465482267643665,0.020938477,-13.527154640144794,0.014203213,13.836049,14.638183,12.960612,1.6775703,0.80213356,0.8754368,3806.6926,36.408726,2.1496353,0.98846555,0.0,0.0,204.08883829056737,29.917496173335945,1,0.36612330270753457,True
663842755294579712,126.3424833221674,0.24219473,20.36570891458765,0.15373193,5.532179668788697,0.291533,18.97617,-33.208234718370534,0.26059246,-15.688732122186517,0.18858506,18.9063,20.96635,17.538809,3.4275417,2.060051,1.3674908,407.48703,,,1.083742,0.83143544,2.6620383,203.72413495401892,29.416774318770734,1,0.1532507776006815,True
663865196500140416,127.17168379153118,0.12729175,20.315543823665116,0.079573914,3.4889535025833505,0.14463148,24.123058,-24.992753452155856,0.15049237,-18.038679824260917,0.10716665,18.069075,19.595816,16.83498,2.7608356,1.526741,1.2340946,717.8896,,,1.0013368,0.0,0.0,204.0901968304265,30.12814879416363,2,1.0,False
663963186177425792,126.87144976342616,0.2334047,20.945480604259867,0.15509789,3.5263856743283397,0.2587874,13.6265745,-23.32375678196415,0.29002106,-8.259733998700323,0.19597939,19.056318,20.451166,17.849329,2.6018372,1.3948479,1.2069893,435.67227,,,0.97816503,0.0,0.0,203.2946949264752,30.081689804233832,3,0.9609710674531677,False
663973464035585920,127.42758846459344,0.032136504,20.951953067623833,0.02347738,4.258617188627357,0.036843743,115.5859,-33.32518879355678,0.035266805,-14.302812976333978,0.025741227,15.648823,16.709782,14.628143,2.0816383,1.0609589,1.0206795,2406.5493,,,1.0239139,0.053340297,0.40310976,203.4932621166732,30.5720158529505,-1,0.0,False
664112788478342912,125.799028390226,0.14454521,20.963309839940923,0.113196775,3.6653103058704537,0.18768293,19.529268,-34.66404400055157,0.16965713,-1.7409492891017848,0.1285477,18.362059,19.935787,17.252989,2.6827984,1.5737286,1.1090698,621.60925,,,1.0394706,0.0,0.0,202.87918298230176,29.14743767368958,-1,0.0,False
664365852247875840,129.09320763197726,0.085956134,20.118543156491256,0.055430535,5.407162254103146,0.10644004,50.80008,-34.61116534797963,0.09915813,-13.222134974826936,0.070593365,17.368938,19.03061,16.120066,2.9105434,1.6616707,1.2488728,857.20703,,,1.0295398,0.10542392,0.24508709,205.0327395362361,31.75191735442446,1,0.606811139701528,True
664423297433229312,130.03378305995642,0.15237051,20.218448859256704,0.10280607,5.723338169284444,0.18263923,31.33685,-36.77672809097972,0.17864296,-12.897302078842188,0.12200812,18.186068,20.329664,16.823648,3.5060158,2.1435966,1.3624191,661.7298,,,1.0606574,0.5184512,1.8875172,205.2794618481584,32.61556887987469,1,0.3406064847022161,True
664442268305653504,130.05720802747553,0.040476833,20.435513310032373,0.025843007,4.209495636897997,0.045824703,91.86084,-34.91576418524039,0.049884453,-24.05769192573072,0.033492215,15.963653,17.134916,14.879233,2.255683,1.1712637,1.0844193,1887.364,,,0.9760017,0.0,0.0,205.0458698454595,32.710054288248095,-1,0.0,False
664442607606385408,129.95315559891634,0.18627726,20.408943036322565,0.11113381,3.659745046760007,0.206031,17.76308,-31.973011929592897,0.23189765,-26.870207387315567,0.14105307,18.50699,19.77404,17.359835,2.4142056,1.2670498,1.1471558,542.02203,,,1.0680376,0.44884366,1.0575379,205.03626119255335,32.60931102079207,-1,0.0,False
664456733755404928,130.07024646907712,0.063389696,20.71166503447085,0.039906204,5.353802221206716,0.0715208,74.85658,-35.07902868313715,0.069621444,-13.003810989349228,0.050163407,16.796015,18.394266,15.570888,2.8233786,1.5982513,1.2251272,631.6777,,,1.006918,0.0,0.0,204.74166294486912,32.81478233979074,1,0.9887895551107911,True
664572594793701376,128.78269824745522,0.04957323,20.3397184401187,0.032798417,5.032476197550155,0.0580089,86.75352,-32.95153834980991,0.059018612,-13.107047271141411,0.041685067,16.330496,17.730774,15.16274,2.5680342,1.4002781,1.1677561,1424.6698,,,0.97837436,0.0,0.0,204.67110003998096,31.554331234475494,1,0.21904030781665326,True
664596504874763392,128.62938205039376,0.15244807,20.629306558541582,0.09772596,5.263750430599168,0.17817394,29.54276,-34.63509381025157,0.17666209,-13.397931914807204,0.12143839,18.264273,20.284079,16.937521,3.3465576,2.019806,1.3267517,508.36774,,,1.0393604,0.37267402,1.2494223,204.2941952577706,31.51836089811817,1,0.6181140112071395,True
664600804138934400,129.16661289119094,0.01811161,20.60972628089803,0.012324196,5.345154839550741,0.022008061,242.87257,-34.56946627463398,0.02265183,-13.273127668114077,0.016143622,11.67617,12.070044,11.117445,0.9525986,0.3938732,0.55872536,1234.0382,33.699337,1.0180439,1.0621772,0.10099355,11.1476145,204.51694888478613,31.984546172196637,1,0.6176987860300852,True
664649040915007872,128.5277099245004,0.11147264,20.829624339585713,0.06978086,5.336359569391251,0.13354455,39.959396,-35.085147918166996,0.12684289,-14.299544106309485,0.08962682,17.814655,19.521849,16.544733,2.9771156,1.7071934,1.2699223,1003.1899,,,0.9527852,0.0,0.0,204.0353173169263,31.497012674071534,1,0.5854651654038471,True
664746248911303296,129.69976035358616,0.063686915,21.298371735885425,0.041351665,7.31697247024448,0.07369769,99.2836,-31.91715072941043,0.07352497,-13.378374235241155,0.050632723,16.566751,18.164314,15.34795,2.8163643,1.5975628,1.2188015,1216.1702,,,1.0979786,0.2109069,2.2075589,203.94680903206455,32.684589941961875,-1,0.0,False
664873173784204160,130.93621379278267,0.020900624,21.209469108389246,0.009494043,5.6059479061254995,0.023836749,235.1809,-37.54891484338704,0.024088083,-14.10499679207111,0.0179654,14.51331,15.520156,13.516546,2.0036097,1.0068455,0.9967642,1341.3558,49.779472,6.230202,1.0237153,0.0,0.0,204.50185989820065,33.74297888628009,1,0.5063271579064712,True
664908800536355328,131.18916322990466,0.019415176,21.521862029609142,0.01032134,4.164330782554924,0.023333158,178.47266,-36.408386188549784,0.026688434,-0.0410053932676377,0.023817169,10.793277,11.108006,10.307867,0.8001385,0.31472874,0.48540974,6457.9688,44.677753,0.32684875,0.9788281,0.0755623,6.806176,204.2389733599874,34.06774900278678,-1,0.0,False
664931344821193472,130.6177087563958,0.07920156,21.48228158218742,0.039100494,4.700496442730404,0.096128635,48.897984,-50.87345013158135,0.0963143,-13.934843274028934,0.069989875,17.257431,18.902061,16.042192,2.859869,1.6446304,1.2152386,1077.672,,,1.052443,0.2755364,2.4368007,204.07539040856383,33.552210297597725,-1,0.0,False
665017755266928384,131.50208718914482,0.24987444,21.896940817167735,0.12974526,3.162166797050741,0.28630552,11.044729,-21.80021440570225,0.29507604,-26.688111693479136,0.20830315,19.197128,20.701729,17.9863,2.7154293,1.5046005,1.2108288,450.48334,,,1.0544788,0.9000087,2.692194,203.9228814211409,34.46393951885132,-1,0.0,False
665027822670057600,131.7845384850654,0.0179136,21.94208380358054,0.00932139,3.8313924529651366,0.021082442,181.73381,-28.69782798496684,0.022643836,-20.525796795514225,0.016970344,11.941534,12.325859,11.386089,0.93976974,0.38432503,0.5554447,3412.4785,46.906334,10.022218,1.1703888,0.10392635,15.896373,203.97263447555872,34.72665914768089,-1,0.0,False
665337717447180800,130.40226176359204,0.04594528,22.41276431130985,0.022841549,6.347493473626575,0.05555509,114.25584,-42.56071937639483,0.059832677,-17.74763793541216,0.04378229,16.028343,17.526405,14.827884,2.6985216,1.4980621,1.2004595,1656.6364,,,1.0348806,0.08372583,0.7015359,202.94046433881311,33.663109310377884,-1,0.0,False
665512574155937536,128.00293370050196,0.07725054,21.42219367496461,0.05290812,3.9228029572267418,0.09602842,40.850437,-25.70866170599993,0.09128008,-18.547120879195653,0.06405602,17.237894,18.691267,16.067562,2.623705,1.453373,1.170332,1049.4462,,,1.051978,0.13150072,0.50584555,203.18872911893448,31.235817253640487,-1,0.0,False
689577997469665024,131.8484657049054,0.03846609,24.22660887212994,0.018931825,5.429330782427567,0.04545539,119.44306,-22.21205105517032,0.04479123,-0.0732552400526557,0.03585509,15.450436,16.58661,14.387446,2.1991644,1.1361752,1.0629892,2403.6426,5.841312,6.613314,1.0236485,0.045837082,0.35748363,201.336194690706,35.48216928697314,-1,0.0,False
690530346338698624,129.73599591435396,0.18367267,24.421778097402925,0.13345012,6.964634402380327,0.23354436,29.821463,-28.54930362449957,0.21269101,-24.385448874013733,0.1601617,18.743631,20.696417,17.404745,3.2916718,1.9527855,1.3388863,522.0761,,,1.0347099,0.5449826,1.5764872,200.41720103257248,33.70138265725117,-1,0.0,False
612292874180104704,134.01929070703193,0.107163064,18.19959728500679,0.051092573,6.3190353760553295,0.12385065,51.021416,-22.11300355968978,0.13139415,-13.862442494406531,0.08464633,17.351183,19.017498,15.990558,3.0269403,1.6663151,1.3606253,762.2672,,,1.2370766,0.47771597,6.382294,209.1432099771708,35.442337748406075,-1,0.0,False
612339470281416320,134.1196499054614,0.029500384,18.604508961499032,0.01496818,3.763658504379087,0.03815526,98.64062,-21.487683271489473,0.037396986,-13.636205510174154,0.025225127,15.413186,16.292717,14.485556,1.8071613,0.8795309,0.9276304,3397.698,,,0.9837609,0.0,1.8599734e-15,208.7188110293167,35.67432630934678,-1,0.0,False
651798193823622144,128.27688777257467,0.014919299,14.980693261619162,0.011519089,3.581797572611759,0.018055225,198.38013,-30.563741308922545,0.01868197,-5.443935504276171,0.0146469185,13.759701,14.325636,13.050733,1.2749033,0.56593513,0.70896816,4958.9434,28.379808,2.7949033,0.9570161,0.0,1.2097083e-15,210.24182401140723,29.135555665512708,-1,0.0,False
651806538944551936,128.53659927712687,0.0426086,15.164261052324616,0.029600255,3.336365531825203,0.051677752,64.56097,-34.59010068296718,0.05319795,-16.236583076494952,0.03797364,16.069443,17.190203,15.004158,2.1860447,1.12076,1.0652847,1836.2928,,,1.0683836,0.09582713,0.7772697,210.1603021909149,29.43809595218609,-1,0.0,False
652663406395810048,127.6252725631948,0.08627671,15.852978912342715,0.064933784,4.097785132065634,0.10457869,39.18375,-30.950958238892184,0.10386242,-1.4663438987667812,0.07466359,17.015837,18.544676,15.765516,2.7791595,1.5288391,1.2503204,517.10376,,,1.3398253,0.52418077,8.433544,209.04379051228983,28.894992575663455,-1,0.0,False
652664505907523456,127.761225015603,0.021652063,15.887933355888652,0.013714782,4.647957044056325,0.026720282,173.94865,-28.814691308917553,0.027792567,-6.217202792338061,0.018613616,9.959535,10.159622,9.614771,0.5448513,0.20008755,0.34476376,3507.787,9.700706,0.7563191,1.2682407,0.13663651,20.539268,209.0643738756216,29.029150488937244,-1,0.0,False
653008000212376960,126.3908252619716,0.08485108,16.64463079502248,0.054140065,5.116169116486842,0.098475434,51.953762,-32.135485134850924,0.09688713,-9.848960465230087,0.06702592,17.455694,19.180384,16.2093,2.9710846,1.7246895,1.2463951,1116.4655,,,0.9372248,0.0,0.0,207.69591017751165,28.102452326122247,1,0.20611900383958148,True
653013910087361408,126.61743958744634,0.11950412,16.721757137427474,0.074386075,3.214755756635899,0.13015564,24.69932,-26.14658733455026,0.15124443,-17.5912968563835,0.11449798,17.894024,19.230293,16.74939,2.4809036,1.3362694,1.1446342,958.77136,,,0.9729261,0.0,0.0,207.7083944705014,28.332559192008873,2,0.9791479792921958,False
656025506795785088,126.49382037495864,0.037512522,17.005956852918338,0.022727901,6.602518502303507,0.04197011,157.31477,-39.057686670618,0.04557842,-25.776684952859267,0.03146243,15.598326,16.810204,14.504268,2.3059359,1.2118778,1.094058,2421.6968,,,1.0100056,0.0,0.0,207.3586714130175,28.33042063417813,-1,0.0,False
657655292264353408,129.19775417753314,0.09220988,15.415195036484125,0.071197055,3.5973927846018254,0.1157235,31.086103,-25.662496957080855,0.10468759,-1.479444545929612,0.07937922,17.579035,18.954838,16.417807,2.5370312,1.375803,1.1612282,990.19073,,,1.0045313,0.13184465,0.2843653,210.17910645188496,30.123245167462347,-1,0.0,False
658075370130082432,129.10638839694417,0.23780398,16.589828014858643,0.1602811,4.66255602748396,0.27236882,17.118538,-33.78663863546823,0.28228116,-14.972176018299592,0.22222023,19.105555,20.771103,17.812513,2.9585896,1.6655483,1.2930412,405.16888,,,0.97885036,0.0,0.0,208.88275586466236,30.490565110382335,-1,0.0,False
658079699457147392,129.3729167703763,0.16604722,16.647947887336436,0.11421447,4.43674168298506,0.19398174,22.871956,-23.939853009375128,0.1927268,0.2244506628427822,0.14496428,18.564938,20.379658,17.26391,3.1157475,1.8147202,1.3010273,521.5699,,,1.0112556,0.5658906,1.9486765,208.9318624227352,30.74905819891078,-1,0.0,False
658171135016470528,130.68489677841012,0.025344638,16.327622599885824,0.011626107,6.552941057687733,0.03025229,216.60974,-30.23964341693072,0.033702686,-0.2344822353486088,0.024270194,14.925857,16.11168,13.844664,2.2670155,1.1858225,1.081193,3517.1172,21.907366,3.810886,1.0106236,0.0,0.0,209.83341103676543,31.793807834956446,-1,0.0,False
658338634445155200,131.57190066211658,0.29182687,17.120684471337643,0.15195364,4.0435229020468055,0.36093673,11.202858,-43.02364956696519,0.38055837,-26.54699402515856,0.28201425,19.481771,21.220713,18.167257,3.0534554,1.7389412,1.3145142,375.57983,,,0.9629773,0.0,0.0,209.33789364065763,32.87791011129539,-1,0.0,False
658519813346015872,130.94376204654802,0.013940166,17.156717599642082,0.007035847,6.2220807355028285,0.017517159,355.19922,-38.43170162066076,0.01782924,-5.146366198728937,0.013030796,12.484301,13.0448675,11.782911,1.2619562,0.5605669,0.7013893,4593.163,33.139454,0.5640744,1.0192194,0.06396943,6.463536,209.03507698821548,32.333371983059564,-1,0.0,False
658642000872094464,130.57293726135418,0.0726171,17.98745571942109,0.034703434,5.377242046416947,0.08559342,62.823082,-36.19752466667579,0.08133569,-11.592041169943036,0.06711031,16.643272,18.252228,15.425571,2.8266563,1.6089554,1.217701,1207.7565,,,0.95156795,0.32232732,6.5594883,207.9671416721148,32.30808110748268,1,0.8571758857024279,True
658741742896512384,127.54401100430331,0.06122744,16.288885213599627,0.045016255,4.499311798040646,0.07529486,59.755894,-29.528075849477396,0.0767542,-6.18457763100524,0.052100778,16.428493,,,,,,674.7016,,,1.1120541,0.34080863,6.801754,208.5494726002505,28.989785777442087,-1,0.0,False
658761572761198080,127.91361459754972,0.12346756,16.44820901528396,0.0830042,5.555398208700293,0.15166052,36.630486,-26.026934434297292,0.15082626,-17.970678283131065,0.10150774,18.046635,19.761309,16.77801,2.9832993,1.714674,1.2686253,727.195,,,0.96533746,0.0,0.0,208.5351659494491,29.378354285499476,-1,0.0,False
658819881237501568,128.64024905060396,0.09849836,16.726757433926917,0.065700255,4.954282837039438,0.11098946,44.637417,-31.3501757829064,0.11508554,-9.52833606027398,0.079594076,17.363623,18.919128,16.143053,2.7760754,1.5555058,1.2205696,792.9,,,1.1152151,0.3538857,2.5331485,208.54110356558328,30.12837271809691,1,0.17461561171310097,True
658851389117557248,128.73799478802553,0.07037548,17.003205229219578,0.052413408,5.198532810970878,0.07907633,65.74069,-39.93534838782192,0.082940064,-14.72573944511914,0.066932574,16.871086,18.172354,15.74625,2.4261036,1.3012676,1.124836,1244.1619,,,1.0870551,0.23516862,1.9599168,208.2850681078958,30.31871430455872,-1,0.0,False
658958037449214592,127.1063497092426,0.21155821,16.73213738230551,0.14959517,4.234401097357445,0.24481654,17.296223,-50.48317812261728,0.23817593,-5.220486640291593,0.16913763,19.00515,20.414726,17.737385,2.6773415,1.4095764,1.267765,434.403,,,1.0042597,0.32985842,0.36577383,207.8992304196548,28.769870719866873,-1,0.0,False
658972575914733312,127.51866536845073,0.013638693,16.739477492705145,0.010314136,4.041156900191663,0.016515257,244.69235,-25.607166537839504,0.015435764,-4.680068246914528,0.011700129,12.587589,13.00603,11.992693,1.0133371,0.41844082,0.5948963,773.02704,57.45016,2.527399,1.0350477,0.062460143,4.0336,208.061950565239,29.13823040690701,-1,0.0,False
659003976419292800,126.97882596408152,0.013320768,16.71308580552345,0.008092326,6.190795385968719,0.014877032,416.13107,-29.928088372020294,0.0154742645,-13.663002342595702,0.010324195,12.301833,12.859551,11.603683,1.255868,0.5577183,0.6981497,6115.8027,-21.379797,0.8455589,0.92552036,0.03884856,1.7816143,207.86665998302647,28.649609262914744,-1,0.0,False
659016350221309440,127.17339582696724,0.05668204,17.008384443762367,0.038131427,4.2151225063317295,0.06982583,60.366234,-34.528973914209494,0.062095247,-9.71540421992141,0.044280946,16.500645,17.606695,15.30473,2.3019648,1.1060505,1.1959143,1509.7963,,,1.0119005,0.10920544,0.6418316,207.63471087341935,28.933428215912016,-1,0.0,False
659094862223559040,127.8344755538162,0.10974629,17.26902739816752,0.07678571,3.2323704057573557,0.1473573,21.935596,-22.880404400514593,0.14461857,-14.359518454284771,0.095568344,17.764196,19.2337,16.583122,2.6505775,1.4695034,1.1810741,705.6023,,,1.0655081,0.3258859,1.4458483,207.6285799321497,29.616787564572537,2,0.9615279408068792,False
659273051827012224,129.39187771680437,0.05259375,17.58918228839215,0.033113323,4.946978392743518,0.06117345,80.868065,-22.8058641725044,0.063918814,-21.95963280017686,0.041798677,16.40577,17.602257,15.324296,2.2779608,1.1964874,1.0814734,1625.8872,,,1.0246239,0.08427316,0.4336803,207.9210068201576,31.115694932881237,-1,0.0,False
659388466187693440,130.04080972972392,0.014427352,18.097171410254457,0.009525784,5.5078800422307745,0.01702536,323.51035,-36.431858711960516,0.018228048,-12.870232192376037,0.011848814,13.043964,13.676527,12.28388,1.3926468,0.63256264,0.76008415,3907.9111,36.29219,1.3306097,0.97754943,0.0,0.0,207.63033838988153,31.876088498323924,1,0.7152015254418405,True
659494049367276544,130.05525781087687,0.17990592,18.723938225706288,0.08757873,5.128142111021367,0.20187263,25.402859,-36.22004208115182,0.16522366,-12.248998852128942,0.117131054,18.181166,18.197367,18.296679,-0.09931183,0.01620102,-0.11551285,668.0221,,,0.9251574,0.0,0.0,206.946286092033,32.1137069789658,1,0.4207814623165821,True
659506212714968832,128.8159903068211,0.19327226,17.845639080254685,0.13274448,4.872759213066014,0.23155795,21.043367,-33.17680364136771,0.23658118,-10.571339856526627,0.16923304,18.802212,20.679657,17.464907,3.2147503,1.8774452,1.3373051,452.83426,,,0.991559,0.32445666,0.49716693,207.408491247902,30.699360395502772,1,0.2029749606533674,True
659532399131904768,129.00181341696907,0.033438716,17.97589185482675,0.021914829,5.358304297426064,0.03866705,138.57547,-34.56526028778427,0.040082086,-11.631556264770207,0.025963955,15.511907,16.792555,14.383175,2.40938,1.2806482,1.1287317,1163.8359,,,1.0085347,0.0,0.0,207.3425024362062,30.911534249348236,1,0.6384868264045837,True
659671624791715840,129.36260602865778,0.09111758,18.810901461628823,0.064916894,5.475478914538756,0.11771124,46.516197,-34.727654697354836,0.120102264,-12.509306428256558,0.08055189,17.364876,19.03347,16.118225,2.915245,1.6685944,1.2466507,749.11835,,,0.99750155,0.0,0.0,206.57592069503897,31.531780380437457,1,0.6124456171104052,True
659714024708794240,129.03583296469802,0.02070721,18.747430488195064,0.01340581,5.49214193096484,0.023586527,232.85081,-36.173875563501824,0.024622383,-12.943997482052216,0.018684844,14.23812,15.155485,13.292022,1.8634634,0.9173651,0.9460983,2337.2234,37.820072,2.4207418,1.0557474,0.0,0.0,206.51609347821835,31.2201169360896,1,0.7793567229524775,True
659755630055476992,129.44729934433602,0.013436383,19.10681807530042,0.009132347,5.382425844330476,0.015034968,357.99384,-35.147705975896685,0.015781399,-12.7521113886141,0.011858439,12.019036,12.475515,11.405766,1.0697498,0.45647907,0.61327076,2270.5178,35.95541,0.64306223,0.9295089,0.06545063,5.669393,206.28436459329248,31.711628795013965,1,0.9887895551107911,True
659757283619334656,129.44531988804198,0.04064111,19.182132043118944,0.026202284,5.110426507231541,0.04744354,107.715965,-34.032960295148754,0.04522216,-12.506898695113982,0.03137689,15.771846,17.006145,14.651727,2.3544188,1.2342997,1.1201191,1508.708,,,1.0444704,0.0,1.2660036e-15,206.20074103340644,31.736454147329994,1,0.37498088550710273,True
659864451642898688,131.99472305988135,0.06707555,17.673733027601973,0.03686592,6.099005517279385,0.08069459,75.581345,-31.24299519444967,0.082380235,-5.322141608861853,0.0644057,16.897661,18.281761,15.728978,2.552783,1.3841,1.168683,1570.8453,,,1.0449545,0.12334963,0.616501,208.89950014142033,33.455831077287456,-1,0.0,False
659866513227227392,131.62274301881382,0.02145684,17.495783527362335,0.011433047,5.93509038679156,0.02362556,251.2148,-26.411284005739144,0.02714458,-22.66410540699706,0.020031966,7.795738,7.970803,7.47946,0.49134302,0.17506456,0.31627846,4307.766,21.579105,0.49554583,1.0491762,0.14184667,17.484383,208.943261463347,33.060778690718564,-1,0.0,False
659890629467468800,132.14682952354568,0.015443789,17.799679683408353,0.007981576,3.561339433649851,0.017978307,198.09093,-24.857342162334703,0.018358042,-9.113358427393203,0.013903942,13.672105,14.397043,12.847712,1.5493317,0.7249384,0.8243933,4755.268,41.569084,1.621408,1.0456095,0.0,0.0,208.82163785991904,33.63649795867133,3,0.9353445037726669,False
659926436611207424,132.89682787867875,0.07436748,17.84894110877703,0.0460903,3.9161315677131254,0.08976057,43.62864,-34.11523864747531,0.10053099,-2.125398768086846,0.08747883,17.151098,18.481846,16.040472,2.4413738,1.3307476,1.1106262,1144.1575,,,1.0030724,0.0,0.0,209.07698199074255,34.32015365594139,-1,0.0,False
660194098971454336,131.539024397513,0.2121214,18.660751147097137,0.11091271,3.362479444274538,0.2574873,13.058817,-34.812085718676826,0.27242416,-4.007780690479159,0.20388113,18.88548,20.477554,17.712967,2.7645874,1.5920734,1.172514,502.58487,,,1.0004983,0.0,0.0,207.6094270201821,33.405394136543826,-1,0.0,False
660213065548434176,132.26654874847338,0.016627356,18.482608448664617,0.009564192,4.179000556072618,0.019076083,219.07016,-41.62809410585622,0.020738536,1.6908454496021346,0.014841705,12.942702,13.440598,12.292116,1.1484814,0.49789524,0.6505861,6172.4214,43.20517,1.3042804,1.1348248,0.112993166,14.409459,208.1032144127977,33.98725458388729,-1,0.0,False
660247150408836864,132.7472189421113,0.099954374,18.843026649234176,0.054812104,6.341638249510218,0.12020356,52.75749,-43.14427403986099,0.12816945,-14.358522830995046,0.09846391,17.763645,19.65471,16.476486,3.1782246,1.8910656,1.287159,786.1782,,,0.9828983,0.0,0.0,207.88916594446937,34.54042003329166,-1,0.0,False
660597722819368704,134.58620731879893,0.03845848,19.733942786586585,0.025655536,4.944430809546552,0.04800241,103.00381,-32.67282320961468,0.04637046,-16.77907293972268,0.033368476,15.750315,16.97246,14.483054,2.4894056,1.2221451,1.2672606,1487.3268,16.325657,7.4754815,1.1235099,0.13855703,2.3118627,207.59420608995728,36.47661475054296,-1,0.0,False
660770444927834752,133.58027256308273,0.0124934185,19.718417595500064,0.0062299664,6.089611197923739,0.014761095,412.54468,-33.44600262868326,0.014477873,-20.15710569228856,0.011150613,12.621436,13.173921,11.923247,1.2506733,0.5524845,0.6981888,6946.6685,-27.638245,0.9682779,0.9997197,0.045661405,3.2125008,207.21628422865396,35.58025776659805,-1,0.0,False
660782986232460288,133.56958799820347,0.19697434,19.780671087478467,0.10885783,3.6936738552352297,0.2375883,15.546531,-28.932694939917727,0.24032143,-26.524211793890885,0.16420741,18.953522,20.685377,17.725117,2.9602604,1.7318554,1.228405,527.5805,,,1.0131243,0.20977846,0.19633988,207.14007286093147,35.591890151014496,-1,0.0,False
660909189551857664,130.65318755166163,0.026849667,18.3887987878394,0.010397171,5.514290997477584,0.03176472,173.59798,-35.356025064253146,0.031657074,-9.792224528749225,0.021911135,9.976974,10.225596,9.569791,0.6558056,0.2486229,0.4071827,6510.2437,33.32516,0.29347602,1.2577856,0.14221399,29.517435,207.55608400351164,32.5236637343603,1,0.2227256261018864,True
660909812323424768,130.69377567834871,0.24469662,18.438531343167497,0.0886003,5.174130165526937,0.29896337,17.306904,-36.166184343819495,0.30131844,-11.525026026940424,0.20789455,18.591953,20.667505,17.208652,3.4588528,2.075552,1.3833008,637.4166,,,1.0610479,0.60381436,2.889847,207.5173254000439,32.577413176145186,1,0.3918826926066057,True
660923418779744512,130.6677630379912,0.12650461,18.499642330994188,0.051379997,4.329663753619008,0.14768298,29.317282,-27.52519085813423,0.15897712,-12.451494481458672,0.103368066,17.986738,19.753216,16.747524,3.0056915,1.7664776,1.239214,865.30396,,,0.90788496,0.0,0.0,207.43913069077556,32.57618933152473,1,0.1345381662095885,True
660948123431659648,131.31204304528464,0.08257725,18.761043274907298,0.040279467,5.415928328253926,0.0950491,56.980324,-36.15483393568731,0.103177525,-11.31422718875735,0.073845476,17.284693,18.949242,16.043867,2.9053745,1.6645489,1.2408257,972.1966,,,0.95826614,0.0,0.0,207.4062044800624,33.239739565924594,1,0.6988899642491712,True
660989973592859264,130.64542385767206,0.07844533,18.92933260919173,0.034918975,5.228899695076689,0.088631585,58.99589,-36.897287542204154,0.095167615,-12.041775878778132,0.062378116,17.154099,18.84468,15.916936,2.9277449,1.6905823,1.2371626,1157.6262,,,1.0747778,0.115116276,0.46551278,206.9531138476144,32.708835253104134,1,0.5202055459860012,True
661111538347104512,131.6969996762641,0.015596682,19.644672475718508,0.008251501,5.407580076601351,0.018117262,298.47665,-36.78876602494215,0.01843005,-12.676949159058388,0.013596205,10.59116,10.884378,10.134828,0.7495508,0.2932186,0.4563322,2199.4365,33.639645,0.24575959,1.0532286,0.09420842,13.020149,206.56415444507428,33.888317576048976,1,0.7532904698510634,True
661137376870267520,130.9068180939799,0.40976238,19.491784220383813,0.18616787,4.980942384098004,0.4886669,10.19292,-37.195889416618016,0.5381072,-12.397374971645352,0.43621778,19.770874,21.21165,18.398859,2.8127918,1.4407768,1.372015,349.13147,,,0.9958016,0.68069124,0.70758176,206.42815338831312,33.13674548665586,1,0.2684544807293317,True
661186202060520704,130.01613515918189,0.1663665,18.93253090655939,0.11350045,5.232326077892202,0.22729172,23.020311,-34.780049261077636,0.22239526,-12.236205097345996,0.16466251,18.383526,20.274044,17.075361,3.1986828,1.8905182,1.3081646,542.5835,,,1.0068161,0.3079702,0.5685947,206.70046697673055,32.153082424923326,1,0.4651728758778084,True
661194856416193024,130.22547217451535,0.20940194,19.08194047436129,0.13145113,5.096525004660705,0.28902948,17.633236,-35.322465474908924,0.28415814,-12.144198304457658,0.19136173,18.773668,20.806282,17.42314,3.3831425,2.0326138,1.3505287,438.06436,,,0.99612486,0.0,0.0,206.61772582291837,32.39099533044783,1,0.3793727526679333,True
661199911596105600,130.13715924088478,0.024555836,19.194265479069816,0.01639385,5.534865049491854,0.033919808,163.17502,-36.35055373003718,0.03452751,-13.34314995702169,0.023840798,8.600788,8.732945,8.344442,0.38850307,0.13215733,0.25634575,3230.4495,37.371582,0.6562276,1.0596844,0.11781061,12.423289,206.4584976901408,32.35236698442792,1,0.8778244462006178,True
661247602912908032,130.38961774149897,0.10731194,19.54999980431584,0.051284604,5.454574677501863,0.11855971,46.006985,-36.54542255604079,0.13103056,-13.510900661557066,0.08512294,17.659998,19.40514,16.399202,3.0059376,1.745142,1.2607956,1000.3609,,,1.0006183,0.0841126,0.12553877,206.1617124044648,32.699718329224545,1,0.8785181338888631,True
661259384005904256,129.8269119628571,0.1728166,19.378909588008412,0.10815416,5.767465507116671,0.20089772,28.708466,-36.744390317354046,0.20172316,-12.90342576761325,0.14570282,18.3102,20.257828,16.988758,3.2690697,1.947628,1.3214417,510.18518,,,1.0462679,0.5279032,1.90718,206.13268568358689,32.14280694861207,1,0.27327761803109163,True
661263408392412928,129.711165292837,0.04413547,19.415004665806546,0.027808435,5.337915528714276,0.053267416,100.20977,-36.5463783688942,0.052492578,-12.895648398605577,0.0356626,15.937424,17.316498,14.772754,2.543744,1.3790741,1.16467,1308.2059,,,0.9646258,0.0,0.0,206.04768812812577,32.05315342992888,1,0.7664443626463482,True
661264439184662016,129.9404517431362,0.013901789,19.36692761055676,0.008945057,5.462930768618199,0.021412697,255.12578,-35.8350179479679,0.020643387,-12.85646450741582,0.012352554,10.51859,10.809184,10.066867,0.7423172,0.2905941,0.4517231,2015.3422,33.715504,0.42975754,0.82496595,0.057697155,4.062519,206.1902226835307,32.23896004707915,1,0.9563997696217132,True
661282031370596608,129.76697571795424,0.016616108,19.522631868432704,0.0096533615,5.343075185771333,0.019417286,275.17105,-34.213783826800864,0.020401126,-12.907956920626518,0.013559351,13.318716,13.998038,12.52634,1.4716988,0.67932224,0.7923765,3851.6357,34.324135,1.791069,0.93181366,0.0,0.0,205.95032689420364,32.14004116227109,1,0.7316610350425071,True
661283057865715456,129.67313814491817,0.13521925,19.5716356129972,0.08496306,5.524269678082207,0.16239113,34.0183,-36.50300077877138,0.16410056,-11.902007269401194,0.11216384,17.996151,19.70494,16.715876,2.9890652,1.7087898,1.2802753,605.6184,,,0.89308304,0.0,0.0,205.8597232404304,32.07422988801914,1,0.6276566147228808,True
661298004351199104,130.04466580902093,0.23053183,19.680464600814844,0.20183621,5.747604363492746,0.30368644,18.926115,-38.09243144097995,0.2776308,-14.29962003405857,0.21120474,18.891848,20.872269,17.519077,3.3531914,1.9804211,1.3727703,444.08362,,,1.0448575,0.4786062,0.75742877,205.88280625038067,32.440185080338495,1,0.3691902157288175,True
661347727189029504,130.49711995125384,0.034301553,19.74579295027939,0.015753658,5.453163332145983,0.037210003,146.55101,-36.44929970245171,0.039053634,-11.806668830621431,0.026642289,15.229515,16.402529,14.151309,2.2512197,1.1730137,1.0782061,1704.6855,34.241596,3.1971095,1.1715472,0.12036082,3.3013587,205.98487399214855,32.862446823737756,1,0.697950994338697,True
661350750845994240,130.5566501141869,0.03177255,19.835682654038376,0.014841241,5.378403795927818,0.03594823,149.61526,-37.17585671457216,0.035519604,-13.614064513818088,0.025783848,15.454395,16.667036,14.35896,2.308076,1.2126408,1.0954351,2468.147,33.36253,4.0680223,0.9743295,0.0,0.0,205.90733318867203,32.94599023728016,1,0.6316395975016142,True
661383731898310016,130.83373865231326,0.17512055,20.07380635021472,0.06902657,5.320073080003736,0.21030053,25.297478,-36.78842936259393,0.22607468,-11.944837589485402,0.1605709,17.985344,19.795485,16.69209,3.1033955,1.8101406,1.2932549,904.2457,,,1.0355402,0.5423594,4.586804,205.7466880267177,33.272229005406096,1,0.5785806909285686,True
661396140060387456,130.42374141478555,0.08700166,19.832558441592457,0.045795348,5.220120712588625,0.100118965,52.13918,-36.06640514488472,0.10112865,-12.334336147646688,0.06886798,17.45217,19.023994,16.210905,2.8130894,1.571825,1.2412643,1086.9263,,,0.97658455,0.0,0.0,205.85960762400256,32.8275222182257,1,0.5954307323700508,True
661401358444641152,130.3072175652647,0.023878,19.921937007980738,0.012234012,5.418462253108853,0.025570087,211.90628,-36.760328236183824,0.027961079,-13.12750844751958,0.019067418,8.286225,8.376525,8.095226,0.28129864,0.09029961,0.19099903,2946.445,34.555904,0.7723517,0.9566776,0.14593793,17.923262,205.71494645957307,32.75535625660401,1,0.7742546380679314,True
661429675164926464,130.4661373350239,0.042674154,20.346589660500623,0.018831806,5.406968331777767,0.04672808,115.711334,-36.65185761295657,0.050497666,-12.7097579721448,0.040803198,15.632096,16.888193,14.518337,2.3698559,1.2560968,1.113759,2375.7874,,,1.030613,0.0,0.0,205.3001908280395,33.04052070948117,1,0.8072704969215696,True
661463446491712384,130.688931948128,0.13979433,20.59258127009192,0.06255641,5.343372923457185,0.15334049,34.84646,-36.38809160957235,0.18310045,-12.454029173291504,0.13935567,18.157383,20.170296,16.868778,3.3015175,2.0129128,1.2886047,668.69885,,,0.9778565,0.0,0.0,205.10767214674772,33.32001354175934,1,0.7285636588073869,True
661836284012503552,131.0026090194029,0.15613231,20.645915333610255,0.07073113,5.379328424438377,0.1759474,30.573503,-36.72445732171395,0.19120143,-13.24123422921782,0.13730069,18.335567,20.197279,17.03228,3.164999,1.8617115,1.3032875,794.7937,,,1.0277405,0.65290475,4.693518,205.1654391338066,33.61448502969543,1,0.7098730633618341,True
661864566373175680,131.70866445374588,0.011938623,21.02018259416196,0.006331218,5.602270050647781,0.014112607,396.9692,-38.25383071241254,0.014264058,-13.860271041599043,0.010560776,12.723747,13.296944,12.011799,1.2851448,0.5731964,0.7119484,3425.3818,32.417774,0.86691105,0.8540366,0.0,0.0,205.00373473552645,34.36118230090976,1,0.4485402697292161,True
662013962515425152,132.10819293660722,0.015563953,21.66299388242859,0.008307585,4.292666465905835,0.01802671,238.12811,-25.015280170618524,0.01892655,-5.234133573397311,0.014210039,11.933876,12.273295,11.428447,0.84484863,0.33941936,0.50542927,5215.1104,9.008206,0.8456571,1.138036,0.102114476,15.684214,204.41187210374736,34.922057962082214,-1,0.0,False
662235170512361856,127.6526122522504,0.11154452,18.377214956187636,0.072825365,5.415530054182489,0.12989074,41.692963,-33.765772030074466,0.1259634,-12.486548981876354,0.08756533,17.655489,19.715302,16.313023,3.402279,2.0598125,1.3424664,843.2256,,,1.0599462,0.32171378,1.5277705,206.3684425360473,29.863546448573157,1,0.509787271895606,True
662261902388591232,126.83404282300415,0.045764934,18.24281212647128,0.029941866,3.969205860020294,0.052489366,75.61923,-29.41180741093273,0.0526421,-27.218395667788723,0.041016374,16.323946,17.48643,15.262262,2.2241669,1.1624832,1.0616837,2085.461,,,1.0018678,0.0,0.0,206.1866615024721,29.0909243344566,-1,0.0,False
662362988739076608,126.4152274952575,0.016408497,18.31896326891134,0.010535936,3.977356905062696,0.01902726,209.03467,-32.594072599409955,0.019352974,-16.938969296277183,0.012640037,10.138795,10.337742,9.792678,0.545064,0.19894695,0.34611702,4564.073,33.751514,0.6027485,0.91121453,0.096488945,12.054089,205.9393572607559,28.74874041834233,-1,0.0,False
662542793249480960,126.11419401904588,0.035910904,18.845206710261788,0.023651114,4.011176719359647,0.04518434,88.7736,-22.659286601478,0.041103072,-11.417709929568634,0.029697204,15.6726885,16.704048,14.664943,2.0391054,1.0313597,1.0077457,2270.1191,,,1.0581578,0.05954238,0.47317424,205.2620450802342,28.67475611673096,3,0.9649417794548787,False
662592271273061120,127.99958577101968,0.2144278,18.24837673598773,0.13585587,3.691208231936589,0.24766858,14.903822,-27.668277245681615,0.25096372,-11.96200800959734,0.18370883,18.76988,20.26748,17.543737,2.7237434,1.4976006,1.2261429,474.56152,,,1.0309467,0.22518958,0.20331101,206.64529299681868,30.123570384501463,3,0.8689843113941191,False
662634430672023680,128.36737560835184,0.11641736,18.72670956183849,0.08649456,5.734216655688702,0.14708276,38.98633,-34.880750879643074,0.14785156,-13.130863609827824,0.1006414,18.013212,19.79881,16.727575,3.0712337,1.7855968,1.2856369,740.4339,,,1.0417017,0.23534255,0.57166153,206.27440371583708,30.621645692357312,1,0.2916154451429022,True
662786743094868224,128.81323394627208,0.17846107,19.375399384391745,0.113388166,5.549992926590315,0.21915476,25.324537,-35.29006529968561,0.22837645,-13.069554050357212,0.16042781,18.514757,20.475386,17.195013,3.2803726,1.9606285,1.3197441,522.4069,,,1.0338866,0.39793262,0.8557095,205.7421560157488,31.24612976241971,1,0.5500820755509105,True
662798086105290112,129.04159823297024,0.11607911,19.638480704538814,0.08553365,5.131047509059485,0.14628893,35.074745,-35.013401176714595,0.14468837,-12.741134765870754,0.106374,17.930077,17.905788,18.05388,-0.14809227,-0.024288177,-0.12380409,691.3737,,,0.9359038,0.0,0.0,205.54190533772365,31.539945589412124,1,0.4534509693700939,True
662805061132155008,128.3247599335178,0.06286459,19.275706273418045,0.04086544,5.4160643672326945,0.0717894,75.44379,-34.38127550792947,0.07855729,-13.167909563331696,0.0525129,16.788385,18.492998,15.523538,2.9694605,1.7046127,1.2648478,705.0247,,,1.0241116,0.094798416,0.34234113,205.6611459884525,30.779660959289632,1,0.5638530222495525,True
662965658549765376,126.80005993088378,0.12783356,19.4952977536945,0.099472836,6.017426443610367,0.1477501,40.727055,-25.163667115853496,0.14447655,-16.76878452670504,0.11186743,17.852346,19.676754,16.575956,3.1007977,1.8244076,1.2763901,758.6705,,,1.0978348,0.45268577,2.6255028,204.83381416427795,29.51277692189042,-1,0.0,False
663082584739576448,128.316009052204,0.13106897,20.29876319326216,0.08314174,3.0183564100396074,0.14903106,20.253204,-23.43568988150912,0.14971267,-22.299065549754772,0.110806234,18.112091,19.55409,16.938917,2.6151733,1.4419994,1.1731739,931.4265,,,1.0442252,0.36268747,1.6443032,204.53995650331072,31.12928097462227,-1,0.0,False
663346531952796416,126.42324121051684,0.14555079,19.511772627501525,0.09453306,4.79591602297776,0.15516937,30.907621,-33.36333440324205,0.1834729,-12.348957935233893,0.14202558,18.169033,19.951796,16.86947,3.082325,1.7827625,1.2995625,634.93036,,,0.9576658,0.18902744,0.3388911,204.67115648589393,29.18668633820514,1,0.1991363748938882,True
663386977661550336,125.45959478952727,0.020409413,19.489010458491116,0.01432241,5.3355846138637695,0.022044528,242.03668,-32.330560528581934,0.026298003,-14.244255182944856,0.017547995,8.697773,8.839641,8.431815,0.40782547,0.14186764,0.26595783,3514.6582,38.16183,0.5398334,1.0952709,0.13234751,22.072283,204.3250253089742,28.3301921036749,1,0.22301069297397894,True
663786993735768448,126.93029528362024,0.090724796,20.334031915331792,0.05974985,3.918648895678947,0.10461868,37.456493,-29.197131578964008,0.10713426,-11.114575681090464,0.07944809,17.45879,18.809975,16.327888,2.4820862,1.3511848,1.1309013,938.7772,,,1.0391477,0.08342753,0.14341854,203.97930779683443,29.922326570158805,-1,0.0,False
663854648060533504,126.46523323097094,0.042370796,20.537771311217256,0.027082466,3.5278562056353606,0.04890177,72.14169,-28.19834793617421,0.045722224,-14.93665796988282,0.03202964,15.9797535,17.081161,14.936459,2.144703,1.101408,1.0432949,2169.0894,,,0.97797024,0.0,0.0,203.58481712377588,29.58449588338275,-1,0.0,False
663887427250837248,127.34459822528268,0.13060476,20.53137016219069,0.087842286,5.277660109877077,0.16258149,32.46163,-25.229914471355613,0.14845006,-1.8895419406355956,0.10373937,18.201706,19.895912,16.933079,2.9628334,1.6942062,1.2686272,696.99915,,,1.0443084,0.22028682,0.474949,203.920739586358,30.354881749574577,-1,0.0,False
663904126083650048,127.73988891344092,0.024544595,20.662426886260317,0.014999531,5.011768636674289,0.027832165,180.07109,-32.47102200356841,0.028385816,-9.835476291657848,0.019661894,14.724315,15.661503,13.763759,1.8977442,0.93718815,0.96055603,3112.3796,19.035912,4.224685,1.02635,0.0,0.0,203.9255645700651,30.747406368041293,1,0.23970383921703986,True
664046783420657024,126.44080968337344,0.27124387,20.72810198012746,0.16877632,5.348960986187842,0.30177495,17.725,-40.54399057262125,0.33362234,-20.205776828794615,0.21169086,18.980803,20.648964,17.676281,2.972683,1.6681614,1.3045216,399.72797,,,1.0458559,0.7642089,1.8794214,203.37035392322903,29.628993823586196,-1,0.0,False
664309601059502464,129.4581204766158,0.023659984,19.891270673600328,0.015141064,7.403767246081558,0.02564064,288.75125,-30.51334143382642,0.027803352,-18.886788774980083,0.018492494,11.167155,11.599593,10.56547,1.0341234,0.4324379,0.6016855,1370.3088,52.56353,10.669178,1.2101175,0.13493295,22.936949,205.4232537633515,31.995333355511463,-1,0.0,False
664325170317925120,129.9207961458658,0.024946667,19.9912803504382,0.018171066,5.358285858124496,0.028756734,186.33151,-36.5147275876975,0.029221263,-14.028666774306842,0.02364757,14.618325,15.669391,13.594326,2.0750647,1.0510654,1.0239992,729.978,-5.069725,6.5633197,1.1502047,0.09107861,2.4698324,205.48950366838616,32.4380844532508,1,0.5208888031290992,True
664340696622352512,129.52788111481394,0.15582679,20.162307627335004,0.09823409,5.646817550804789,0.18840005,29.972485,-34.79885234493844,0.1928462,-13.8130892729369,0.1283231,18.036741,19.88627,16.759817,3.1264534,1.8495293,1.2769241,542.72687,,,1.0237923,0.28065854,0.7092126,205.14959225013496,32.150195245277274,1,0.3433556053335849,True
664353379662996224,129.0182889480723,0.022455068,19.920223088864876,0.014714057,5.381557557874674,0.025979768,207.14417,-35.49368268442086,0.026444813,-13.812348883660452,0.017638894,14.076538,14.939043,13.134767,1.8042765,0.86250496,0.9417715,3161.8691,34.261906,2.4025698,1.080045,0.01986028,0.15775919,205.222878376741,31.61735523152148,1,0.7286609334084518,True
664353860699329920,129.07964420778976,0.0600318,19.898513924847848,0.0377212,5.297976681161393,0.070236176,75.430885,-35.15685003014568,0.068095885,-11.889479587577334,0.045923118,16.26176,17.710575,15.070155,2.64042,1.4488144,1.1916056,1049.2491,,,1.1646526,0.164706,1.7324151,205.27027577251187,31.66394849948543,1,0.6654689371324494,True
664394439550157312,129.3548559486362,0.02568312,20.35546663863413,0.01727105,5.380563184175971,0.032959353,163.24844,-35.21577853506696,0.03310794,-13.80500433962229,0.022247234,14.797273,15.866008,13.765962,2.1000462,1.0687351,1.031311,2330.3406,29.02299,4.7907195,1.0762775,0.029708771,0.22858949,204.86974629622512,32.063777123922016,1,0.7146752048016748,True
664425054076741120,130.11054799191257,0.033956658,20.25359396649313,0.021971693,5.362092419433569,0.038426388,139.54193,-34.890233348765236,0.039737184,-13.448369963700596,0.02779489,15.656171,16.937038,14.531724,2.4053144,1.2808676,1.1244469,2071.4978,,,1.0388303,0.055808306,0.40535426,205.26938887259465,32.69526264969716,1,0.6490747796881113,True
664437286143573760,130.2607547881454,0.012439156,20.457649402325725,0.007698358,5.3994134742836835,0.015168635,355.95908,-36.81749295535736,0.015200407,-14.148980643445835,0.010684117,12.0841255,12.53938,11.469791,1.0695887,0.45525455,0.6143341,1769.8506,34.25758,0.85190046,0.89057904,0.042019535,2.254675,205.09793688159309,32.89700337500569,1,0.613156675798328,True
664487623160237184,130.5214152804243,0.027105935,20.96565248673412,0.012741129,5.3947547263705795,0.030434096,177.26022,-35.93254240395922,0.033203878,-13.449790904506848,0.024427816,14.977529,16.265833,13.856915,2.4089174,1.2883043,1.1206131,3057.6267,48.372074,2.9338205,1.0913745,0.052511815,0.8007537,204.62430250516155,33.297097035336456,1,0.9690936836777794,True
664572388635272576,128.7874382775633,0.045672536,20.328307094080984,0.030396564,6.109175334307,0.053527664,114.13117,-41.906922333517755,0.054606333,-3.5663510445161117,0.037957527,16.1304,17.50493,14.974111,2.53082,1.3745308,1.1562891,1533.3892,,,1.0312011,0.07806358,0.4899757,204.68546806970855,31.554591057699287,-1,0.0,False
664573793087543936,128.91347578151746,0.07977024,20.40266527856529,0.055306513,5.43933474248322,0.09242787,58.849506,-35.67814209238649,0.090915404,-14.041392949522812,0.06342837,17.075594,18.887972,15.801449,3.086523,1.8123779,1.2741451,896.7237,,,0.9644801,0.0,0.0,204.6509729497103,31.691075232823714,1,0.6391863959080621,True
664610562304515712,129.27960525678023,0.06029152,20.77883888330041,0.041930135,5.447954615155519,0.08740739,62.32831,-34.68374734278253,0.07699375,-13.60208314761929,0.049267758,16.636724,18.270996,15.404219,2.8667774,1.6342716,1.2325058,988.8717,,,0.94355327,0.0,0.0,204.3714061429227,32.14125809950107,1,0.7081620656386349,True
664695087260752384,128.74678765311575,0.09333077,21.14366032592268,0.060879536,5.321697857385328,0.11055125,48.137833,-34.76375469673005,0.10820102,-13.897115827369568,0.081143975,17.560566,19.579348,16.248789,3.3305588,2.0187817,1.3117771,1066.0083,,,1.0311501,0.19519098,0.91614735,203.7690771178061,31.795486407070864,1,0.5627447511626004,True
664726045385110144,129.12245795009952,0.07134518,21.052810096637774,0.04657474,5.363438270453435,0.08703941,61.6208,-34.91781123156748,0.08949496,-13.59078683537992,0.058729034,16.980522,18.554243,15.754694,2.799549,1.5737209,1.2258282,1136.8572,,,1.0660776,0.21191508,1.5626893,204.00847278072104,32.095201693035776,1,0.6720967427885942,True
664822557593574656,129.50709757873463,0.23301512,21.6924245410755,0.14670503,4.8373969291286425,0.26491237,18.260366,-30.907924672976904,0.26212388,-27.70611099511537,0.17292735,18.99218,20.683819,17.703405,2.9804134,1.691639,1.2887745,462.5518,,,0.9911477,0.0,0.0,203.43469254710857,32.64524972678987,-1,0.0,False
664889490365977984,131.26335948815793,0.037870426,21.330997923998808,0.018323867,5.580015893338347,0.04924681,113.30715,-38.89257740457809,0.048366267,-13.888868121182476,0.035104718,15.112927,16.341776,13.971445,2.3703308,1.2288485,1.1414824,2684.3557,46.75347,6.398585,1.3831958,0.221347,12.312113,204.4839793117004,34.07083381584152,1,0.35762418386102185,True
665121800851014400,131.41208054368877,0.052421298,22.498758647727616,0.0218784,5.867987437322739,0.055760212,105.23611,-27.558754739993304,0.06072873,-13.828551611426644,0.041989453,15.997273,17.357334,14.846277,2.511057,1.3600607,1.1509962,1835.7109,,,0.9750178,0.0,2.1608626e-15,203.1980750216819,34.575723222752025,-1,0.0,False
665129291274749696,130.15080411714973,0.018422814,21.561655165081547,0.010840676,5.363861643720371,0.021624597,248.04448,-36.15618727860882,0.020768182,-13.580040893305968,0.0146241505,11.535293,11.911762,10.996941,0.9148216,0.3764696,0.538352,2967.166,34.764084,0.51708454,1.069146,0.10345478,13.127246,203.81542221292364,33.16774469670183,1,0.7560898622339802,True
665185774388058752,130.29256608490286,0.18529089,22.12920186565008,0.089600824,5.976548567348566,0.22485283,26.579824,-25.756756452314736,0.23879877,-9.177747010317162,0.13340516,18.249006,20.159428,16.935122,3.224306,1.9104214,1.3138847,606.24054,,,1.0175948,0.078632176,0.04181071,203.2240046288559,33.476297436953665,-1,0.0,False
665214533488689536,129.5069585280257,0.15011606,21.94122672767244,0.09670507,4.112299694144184,0.17837998,23.053595,-25.178471522664893,0.18074116,-10.673715455413875,0.1279923,18.2901,20.046303,17.050829,2.9954739,1.7562027,1.2392712,567.9666,,,1.0908211,0.62535435,3.541297,203.15525066396873,32.726415864755225,3,0.8510305505477037,False
612248451334758144,134.62092794838173,0.025485633,18.058680315080693,0.017731192,3.923359979111168,0.029047776,135.06577,-26.34051298221309,0.03097247,-17.008879441574166,0.022797287,14.929715,15.824089,13.998182,1.8259068,0.8943739,0.93153286,2603.9268,25.096724,6.351111,1.0136218,0.0,0.0,209.55567469776736,35.92663253546014,-1,0.0,False
612296520608483712,133.76084786683032,0.08847573,18.110609291852928,0.040825676,4.27259389404206,0.09979381,42.814217,-32.11657840609446,0.109248914,-27.478787836374007,0.08507973,17.45529,18.998451,16.25246,2.7459908,1.5431614,1.2028294,1147.7551,,,1.0193328,0.0,0.0,209.13805324370443,35.18116917850551,-1,0.0,False
651883813995412224,127.75128188849187,0.09279528,15.41460924905247,0.06757331,3.411879459873391,0.10452261,32.6425,-40.87717023391574,0.1157991,-24.633005482055697,0.08248459,17.507545,18.952183,16.306242,2.6459408,1.4446373,1.2013035,832.02905,,,1.036655,0.0,2.4238115e-15,209.55901801426748,28.837520879649578,-1,0.0,False
656323371368167168,125.66254170237946,0.015569583,17.73224385960051,0.010393377,4.654874657548446,0.018375535,253.31915,-23.2814267641401,0.018939754,-12.865669618094351,0.012640762,10.409932,10.783107,9.8695345,0.9135723,0.37317467,0.54039764,2450.108,78.7234,0.5151265,1.0280336,0.10889683,18.437683,206.2583749652287,27.866902980691272,3,0.8177189577162122,False
657832073118709248,128.5308334960193,0.07755949,15.47846960454357,0.053141236,3.3567493098883348,0.089462735,37.521202,-25.163964717450657,0.09277011,-9.953690642332248,0.074960634,17.209814,18.468494,16.099255,2.3692398,1.2586803,1.1105595,1037.9774,,,0.8842298,0.0,0.0,209.82513514923116,29.55494985890548,3,0.9245129337157458,False
657995792976260736,130.00008013659723,0.012167282,16.37534488397073,0.008717979,3.242849020290749,0.01389566,233.37135,-28.121977134266228,0.014002655,-5.139357426483869,0.010916943,13.031768,13.424762,12.475759,0.9490032,0.39299393,0.5560093,1734.3467,36.539246,1.6267172,0.8973211,0.0,0.0,209.49061791832548,31.203339755546015,-1,0.0,False
658353477852179968,131.25654276910316,0.013588031,17.163687120201182,0.0072042663,3.6540056918448665,0.016173998,225.91852,-42.68453364162658,0.016893908,-13.57802204589527,0.013715588,12.588222,13.004649,12.013308,0.9913416,0.4164276,0.574914,5928.0,77.56225,0.6750198,0.9391332,0.047662716,2.9533272,209.15817236953,32.61369246580467,-1,0.0,False
658588807700117376,130.39990572016927,0.033987716,17.49110196859229,0.017868508,4.150572814798234,0.039195135,105.8951,-23.955716215159136,0.04232381,-5.664663196351286,0.03298148,15.716961,16.78461,14.696346,2.0882645,1.0676498,1.0206146,2421.2627,,,1.0098238,0.0,0.0,208.44210469516932,31.97373572851857,-1,0.0,False
658875028617474048,128.51786785381805,0.09167513,16.973509800783983,0.058873627,5.2671814896590945,0.105593465,49.8817,-33.54636360730239,0.11377137,-11.468557180979936,0.073112786,17.415432,19.16792,16.166037,3.0018826,1.7524872,1.2493954,911.17053,,,0.95535374,0.0,1.2345602e-15,208.2258683949682,30.11235512515762,1,0.36233506946894245,True
658931408652027008,128.73869128255726,0.20558028,17.48774590583996,0.12040119,5.230217832771267,0.23324242,22.423956,-32.6918717723226,0.21854389,-10.288959400082511,0.15996715,18.636286,20.223772,17.318542,2.9052296,1.5874863,1.3177433,513.2553,,,0.97217536,0.0,0.0,207.7637136368141,30.4992971866286,1,0.26342885482444567,True
659057650626743936,127.0442090373968,0.032894865,17.21163045642613,0.022382705,7.78172324762345,0.0396822,196.1011,-30.397178661868953,0.038255945,-22.31858834849538,0.027824234,15.708455,17.110119,14.5424185,2.5677004,1.4016638,1.1660366,2349.1782,,,1.0489826,0.0,0.0,207.366569949869,28.89518915976958,-1,0.0,False
659158152861515648,127.7248149831345,0.13839948,17.590078961194845,0.097847216,4.8127302361096875,0.16351807,29.432407,-33.94444293539557,0.16392101,-3.3288989760866374,0.11519679,18.3766,19.949722,17.13653,2.8131924,1.573122,1.2400703,645.27026,,,0.996598,0.0,0.0,207.2409503531416,29.638834852649943,-1,0.0,False
659209005274339456,128.0186114198787,0.05457835,18.046329016475408,0.03639197,3.6011264768549816,0.06815473,52.837513,-23.670726270251933,0.06847593,-12.302801403703484,0.045663793,16.487705,17.843924,15.337967,2.5059566,1.3562183,1.1497383,1278.7511,,,1.0319656,0.0,0.0,206.87036155789733,30.066726842696703,3,0.9952265743188325,False
659248858275152128,129.30751049381675,0.014265877,17.513484048779084,0.0088535035,5.311279889982488,0.016148366,328.9051,-35.350548281649104,0.016849488,-11.79671461186802,0.011247549,13.257988,13.917647,12.463806,1.4538412,0.6596594,0.7941818,2225.326,34.815235,1.4235858,1.0833639,0.03540787,1.0841551,207.96864648303057,31.01305230520326,1,0.59776204733101,True
659358431480088192,130.1214104435757,0.15234758,17.7024435776026,0.10585471,5.5740487783839985,0.1751842,31.818216,-22.73591771496578,0.18652561,-18.171748947039244,0.14620423,18.38269,20.250765,17.10134,3.1494255,1.8680744,1.2813511,589.67957,,,0.9843642,0.23310316,0.3456552,208.09602055220537,31.804065539023473,-1,0.0,False
659417667669302912,130.47752247907738,0.121842206,18.302787503995777,0.054956216,3.982421478353907,0.15234587,26.14066,-32.031666150245314,0.15336584,-12.617233512881898,0.10507261,17.587559,19.432692,16.302423,3.130268,1.8451328,1.2851353,793.89874,,,1.0957977,0.41663146,3.435149,207.5804002658083,32.33717554320146,3,0.8206840806179125,False
659455364598204160,129.8046633516593,0.066995785,18.369524915460698,0.046113633,3.1507692042019113,0.07910963,39.827885,-30.955606358296432,0.08155095,0.6109850800390259,0.057464626,16.604841,18.000357,15.416279,2.5840778,1.3955154,1.1885624,1037.1146,,,1.2211502,0.27861944,3.825858,207.23619181979657,31.765096785097597,-1,0.0,False
659493121654362880,129.99125682460866,0.24381854,18.68572197227329,0.16368957,6.2598117499002175,0.3116206,20.087929,-40.5010180377531,0.28779948,-18.416548226973006,0.21091118,18.818596,20.67734,17.490137,3.1872025,1.8587437,1.3284588,444.74323,,,1.0670028,0.5747942,1.1701427,206.96296900534895,32.0434536773814,-1,0.0,False
659563902715266560,128.93096812973323,0.11827322,18.41127855961578,0.08404789,3.6181145333828426,0.14049579,25.752476,-21.41808994975683,0.13522565,-3.828002091823744,0.089244574,17.76023,19.397722,16.519182,2.87854,1.6374931,1.2410469,721.85693,,,1.066808,0.0,0.0,206.84087243530504,31.006663941160305,-1,0.0,False
659698219229186688,129.7370441267475,0.043893434,18.858082812267664,0.029272122,5.554473856628747,0.050390802,110.227936,-36.87305371062334,0.052088156,-12.882803043397637,0.035746705,15.864371,17.393362,14.6638365,2.7295256,1.5289907,1.2005348,1110.2574,,,1.0616951,0.05613151,0.3156805,206.67220671955135,31.879785078662735,1,0.5934787765388216,True
659739072957970176,128.89861921861103,0.023473686,18.995669253669277,0.015128548,5.373285599658744,0.027197244,197.56729,-35.009378379909364,0.02878529,-11.95954554268934,0.02031539,14.69426,15.704849,13.694381,2.0104685,1.0105896,0.9998789,2634.8135,34.161926,3.705551,1.0346798,0.0,0.0,206.19082722299643,31.187261990366903,1,0.6431124988318877,True
660085109882792320,131.31843551128176,0.02062543,18.03868636553274,0.010719943,3.0796567527190835,0.023066657,133.51118,-35.40626879856734,0.025607118,-13.282436103999045,0.0184694,14.6258,15.305349,13.836971,1.4683781,0.6795492,0.78882885,5252.7466,83.639275,4.951723,0.97541845,0.0,0.0,208.2144660219164,32.987698630544294,-1,0.0,False
660095864480949376,131.84282502107158,0.04640288,18.017431134205765,0.024774417,3.12083551811604,0.055325776,56.408344,-24.33643933448908,0.058163308,-7.625427325501479,0.045080885,16.141901,17.23407,15.105576,2.1284943,1.0921688,1.0363255,1941.7306,,,1.0563865,0.02583564,0.06307668,208.4527837526643,33.44524306469614,3,0.8377015954579217,False
660123420991093504,131.9378085037958,0.030136444,18.35660371099673,0.016836934,5.448218483700641,0.039206546,138.96196,-38.330095777028056,0.040817473,-11.159973719738511,0.029458005,15.383202,16.807686,14.211038,2.5966482,1.4244843,1.172164,2348.6772,33.711918,4.5709367,1.0545603,0.06710924,0.8891088,208.11156578751448,33.650937076064174,1,0.28939396143798524,True
660204406894385920,132.1158165267,0.023005482,18.345477048507444,0.01331323,5.5947984346719215,0.028616978,195.50627,-38.452710564164505,0.029532924,-11.070792291253625,0.02117247,11.263552,11.620427,10.744365,0.8760624,0.35687542,0.519187,2085.9055,33.622635,0.5850666,1.3058846,0.1938813,64.82685,208.19642584381748,33.80484838092465,1,0.2778646390514586,True
660327685339473152,131.97417154701813,0.088739455,19.131439412612245,0.046716355,5.362336127122989,0.098660864,54.351196,-37.59325362576271,0.10885977,-11.979280409381753,0.077234514,17.434742,19.162067,16.174522,2.987545,1.7273254,1.2602196,944.8196,,,1.0485758,0.14812614,0.5231849,207.25346541972337,33.956121750865115,1,0.5215357465685742,True
660469350540792704,133.28269715564178,0.14907588,19.163181366130782,0.084926635,3.177106006325564,0.16937503,18.757818,-23.627908920825575,0.19316679,-10.29529253266902,0.15956417,18.389208,19.93613,17.189024,2.7471066,1.5469227,1.2001839,669.01685,,,0.9511819,0.0,0.0,207.73806461174087,35.12646654171368,3,0.9716363295239706,False
660893182211313280,133.4413477064822,0.13089825,20.51784878842867,0.07155283,6.596128332516814,0.15261579,43.220486,-38.41661551530429,0.17011006,-23.906057560157297,0.12652664,17.727333,18.879618,15.973362,2.9062557,1.1522846,1.7539711,680.85345,,,1.044111,0.5578151,5.0176888,206.23548609341535,35.72504450292793,-1,0.0,False
660953998946910720,131.33535981268565,0.026257524,18.875341235864475,0.012767989,5.492367912730847,0.032517932,168.90274,-37.56676761213871,0.033468463,-12.501060646946993,0.025692385,8.398536,8.516975,8.166572,0.3504038,0.118439674,0.23196411,4204.964,34.285915,0.6717811,1.0906453,0.15250815,20.364618,207.28758515371285,33.30069120923249,1,0.5984897367859037,True
660962863759344768,130.97763149288338,0.013073982,18.893527427557913,0.006100597,5.420221498858722,0.0150456205,360.25244,-36.34401724012457,0.015625853,-12.796823770036356,0.011231641,12.3910265,12.892677,11.737743,1.1549339,0.5016508,0.6532831,2948.779,34.839516,0.50739574,1.0998619,0.065842874,6.9491534,207.1248795999319,32.990310929024616,1,0.9485511036281822,True
660996295785836416,130.23199226617123,0.1054183,18.826115759373593,0.06130453,5.543826990256044,0.14366196,38.58939,-35.57158605406646,0.12519465,-11.856811217792558,0.090901375,17.31164,18.91352,16.074053,2.839468,1.601881,1.237587,1038.3126,,,1.0174658,0.31411466,2.3185837,206.9036095722496,32.30641363403115,1,0.599989520804818,True
661026012662301568,130.98591995205993,0.24767916,19.271617318521397,0.11032275,5.4567536501993015,0.30410525,17.943634,-34.858176422413315,0.35892496,-11.802037040154808,0.34517178,18.842724,20.637789,17.5272,3.110588,1.7950649,1.3155231,542.2181,,,1.0331728,0.6821132,2.5662153,206.70564992007996,33.13017895577117,1,0.5287905643268157,True
661060479775918592,131.61404619305455,0.12048587,19.209012879697784,0.063336305,5.324606730859026,0.13753003,38.715958,-37.84969846942911,0.14399631,-12.422575679778674,0.108169384,18.088068,19.943123,16.789042,3.1540813,1.8550549,1.2990265,740.85443,,,1.0210394,0.23754269,0.67470443,207.02340008075151,33.66426203763973,1,0.5067336772105866,True
661201389066412928,130.24528126953982,0.17320853,19.23791350866017,0.10785337,5.0980575294352555,0.21266395,23.972364,-34.65854401269223,0.24131179,-12.583130300244305,0.16919406,18.356447,20.470795,16.971634,3.4991608,2.1143475,1.3848133,581.0568,,,0.93240935,0.566066,2.224761,206.45249301030177,32.46328781658681,1,0.3799563060076758,True
661235439565517568,130.62805234581745,0.07179105,19.49188319945026,0.032349613,5.220357886314622,0.07894294,66.12824,-36.208808413547416,0.08805932,-12.411091459686247,0.05889156,16.978823,18.543951,15.77187,2.7720814,1.5651283,1.206953,1187.0471,,,1.0508305,0.15988877,1.0965763,206.3193408261256,32.890305119369,1,0.5273803192839539,True
661250145533531008,130.51939125454862,0.40803286,19.633500990089765,0.18978937,5.566140682649538,0.44877198,12.4030485,-35.62282592374507,0.47879478,-12.018037245504274,0.3178988,19.522202,21.39891,18.152346,3.2465649,1.876709,1.3698559,328.1347,,,1.0163232,1.444204,3.418583,206.1189389201979,32.84333771693121,1,0.6046129805465509,True
661251966599576576,130.33284243948893,0.01253879,19.634586972122616,0.0067440458,5.4044772410694275,0.014917911,362.2811,-36.5750665603463,0.015213863,-12.105975348395576,0.011119106,13.146451,13.786313,12.382252,1.4040613,0.63986206,0.76419926,3954.2893,33.985985,1.1189685,1.0093707,0.0,0.0,206.04540611220085,32.678872447429775,1,0.7725459545389237,True
661264679702825344,129.9713367126089,0.061701473,19.40098018381767,0.03998234,5.392035792886547,0.081017576,66.5539,-35.04053898209232,0.07950625,-12.391071004884822,0.05749464,16.790697,18.365458,15.580155,2.7853022,1.5747604,1.2105417,777.1828,,,1.0263971,0.0,0.0,206.1645373236723,32.27815943016688,1,0.8300606580919908,True
661265951013145344,129.90968877529275,0.014000278,19.440802608838624,0.008545761,5.398444417755352,0.016780678,321.70596,-34.762738184067075,0.017397791,-11.57216889506964,0.012002674,12.356053,12.842239,11.676241,1.1659985,0.48618603,0.67981243,3509.703,31.415796,2.6141984,0.9601401,0.048814554,2.9665112,206.09640198995928,32.23758638281421,1,0.5557979239787961,True
661297080936069632,130.09185584769432,0.030092854,19.669874772273747,0.018907797,5.410565568855176,0.029280394,184.78459,-36.23716977115824,0.046633452,-13.881460649047735,0.0336717,6.176117,6.6616106,5.5287657,1.1328449,0.48549366,0.64735126,3388.723,34.419373,0.12561242,1.0777385,0.14069113,21.070198,205.91282587063463,32.47819835879749,1,0.6721312060843674,True
661365761755031168,131.1239640219039,0.22703172,19.94308653602924,0.09286711,3.2725568883718745,0.25772566,12.697832,-21.551200170712427,0.2844346,-10.21524554507553,0.17931904,18.837296,20.365173,17.6337,2.731474,1.5278778,1.2035961,518.9766,,,0.9825848,0.33776817,0.60816634,206.00526724741152,33.483965160508056,3,0.9748996282959816,False
661414213282680960,130.31406569927864,0.01598762,20.037697917745874,0.008436852,5.506390134919603,0.018343352,300.1845,-36.55063394837747,0.0189786,-12.647825383641756,0.013114054,13.7338505,14.521207,12.868636,1.6525707,0.7873564,0.86521435,2937.7024,34.631004,1.624428,0.9908296,0.0,0.0,205.58823831802948,32.801103337599955,1,0.6810103822657415,True
661441494914973184,130.96171390221485,0.024445882,20.365688265689556,0.0100920815,5.785935220173559,0.027807685,208.06966,-39.58193994344672,0.029451113,-14.041063926765414,0.019698001,14.761261,15.83951,13.728528,2.110982,1.078249,1.032733,3878.2246,36.17362,3.9910262,1.0149776,0.0,0.0,205.4666676969283,33.484216316023605,1,0.3099757725464221,True
661490693763838976,132.00519171586274,0.098977566,19.827489066724112,0.046866864,5.207612554095711,0.123442076,42.18669,-36.86524038787927,0.114201084,-13.340493680637028,0.07810322,17.437267,19.166317,16.18555,2.9807663,1.7290497,1.2517166,1110.8835,,,0.9942154,0.081304915,0.15491864,206.47664331661937,34.223454018493015,1,0.37942740533317837,True
661550136111136640,131.91047412044276,0.02418297,20.074820607206668,0.012613252,4.103023066459154,0.027704617,148.09889,-26.75425378383268,0.028016072,-27.583169012660747,0.019873353,14.619685,15.55955,13.636435,1.9231157,0.9398651,0.9832506,3129.3826,46.324413,3.6948247,1.1417072,0.06763401,1.7208151,206.1587276311745,34.22375237238969,-1,0.0,False
661770729927747456,131.27527646945214,0.2507157,20.45363782542475,0.116668776,5.718693207463791,0.2723864,20.994783,-37.5553786973241,0.28610593,-12.899247515589911,0.20827095,19.097681,21.030731,17.770369,3.2603626,1.9330502,1.3273125,473.8409,,,0.97850084,0.0,0.0,205.48608908939067,33.790546150380266,1,0.3842405197977485,True
661800554180621184,131.65771160923023,0.15980664,20.614297055544935,0.07682182,6.076017639192008,0.18349773,33.11222,-37.7156698085023,0.2064392,-13.975911781108907,0.13049485,18.321049,20.172968,17.020468,3.1525002,1.8519192,1.300581,679.9993,,,0.92951643,0.42014465,1.7367587,205.44808011761288,34.18180054062197,1,0.14893439532012545,True
661838281173303808,131.0511582626454,0.11050055,20.716860603961507,0.05068005,5.441890467855625,0.12300895,44.23979,-37.17875656693016,0.12794739,-13.541389131193352,0.093280084,17.667847,19.517126,16.377697,3.139429,1.8492794,1.2901497,649.82336,,,1.0186641,0.47202462,5.069779,205.10335208253815,33.681005196680225,1,0.6697671523451387,True
662172429630090880,127.32404563287828,0.04756599,17.70312718714561,0.028546426,5.3721852526585385,0.05244802,102.42875,-34.192015894472796,0.05937153,-12.651942958133452,0.040819187,15.877312,17.42461,14.669639,2.7549715,1.5472984,1.2076731,1379.0499,,,1.089465,0.097548835,0.9623157,206.95803986920583,29.325810372939443,1,0.6955492225859182,True
662472454568003840,126.4345525916209,0.16526005,18.524371661105704,0.10965403,4.3350384799263395,0.19095731,22.70161,-41.87606928200625,0.19077316,-7.930996408365102,0.1409067,18.264204,19.986696,17.000002,2.9866943,1.7224922,1.2642021,618.42816,,,1.0945776,0.6147677,3.126266,205.72881400336288,28.84085434863275,-1,0.0,False
662515236739432832,126.99814678255218,0.024717262,18.949357158716893,0.016986318,3.4989093540363427,0.0315147,111.024666,-33.69847385167997,0.029953469,-5.704692225894988,0.022077538,15.100487,15.917194,14.210978,1.7062168,0.8167076,0.8895092,3443.4348,7.7617006,10.278617,1.007806,0.0,0.0,205.49646553949535,29.49224607519279,-1,0.0,False
662612440439438848,127.92025174681244,0.067590676,18.49523800959929,0.04007651,5.413320537357091,0.07842843,69.02242,-34.88402000287937,0.077837355,-12.04948826894288,0.053892102,16.796719,18.290903,15.596305,2.6945982,1.4941845,1.2004137,1203.341,,,1.0271097,0.0,0.0,206.34772136354923,30.14296414110858,1,0.7609522375905995,True
662625153542616576,127.96199292385964,0.016562182,18.69633961052238,0.009640322,4.156129368039526,0.018021194,230.62453,-44.90371609422462,0.019734489,-21.743533857929663,0.01407669,12.730304,13.218036,12.079202,1.138834,0.48773193,0.65110207,3085.9575,11.019196,1.17803,1.05384,0.074297816,5.915014,206.14723660415336,30.252425395261135,-1,0.0,False
662647998471924480,128.2599922666307,0.07443472,18.85103967549486,0.054289196,5.082677818411827,0.09293106,54.69299,-33.09259489375735,0.093013085,-11.52297378081286,0.06317827,17.224506,18.782265,16.007275,2.77499,1.5577583,1.2172318,1075.8462,,,0.98132426,0.0,0.0,206.09723156356668,30.571295350529414,1,0.3006336794423266,True
662653805267713024,128.3393358712888,0.15223931,18.87617435167707,0.10692342,5.016765553555462,0.19246872,26.065355,-23.3990220585374,0.1845213,-14.470594877934492,0.12499101,18.282724,20.021296,17.004278,3.0170174,1.7385712,1.2784462,582.744,,,1.0488112,0.42461523,1.2387489,206.1011686536644,30.650400323649045,-1,0.0,False
662776439470251136,129.05934886831557,0.03600861,19.425010585958173,0.024980562,5.428998736072216,0.046704598,116.24121,-35.930138940006216,0.041311067,-13.856362132076354,0.030591935,15.648661,17.17057,14.446317,2.7242537,1.5219097,1.202344,1089.6796,-35.01198,7.332188,1.0378909,0.0,0.0,205.78332528323713,31.48089531589362,1,0.9065071876337027,True
662801827020165504,129.04495417244073,0.17856276,19.69474956494085,0.121729285,5.300315462290114,0.21454996,24.704342,-35.095840508855694,0.22671951,-13.605374833142331,0.1535514,18.254877,19.976555,16.948788,3.0277672,1.7216778,1.3060894,551.61597,,,1.082752,0.5677589,2.137574,205.4813151952569,31.562532716646675,1,0.646212820627239,True
662841379375655936,128.82402548339843,0.014601705,19.63613426854644,0.010213133,5.299598324006768,0.019723017,268.7012,-33.92726132593827,0.019578567,-12.886920738227,0.012937246,11.629958,12.019234,11.076325,0.9429083,0.38927555,0.55363274,1960.6268,35.128082,0.57329696,0.8540996,0.0779863,7.6299105,205.46058476598688,31.347114998339684,1,0.5871602561840654,True
665960968741102336,127.78531130325872,0.085071415,23.14549944786079,0.05947334,4.825746623005495,0.09698897,49.755623,-22.636807174033382,0.10174128,-20.15324739178433,0.076376095,17.487776,19.176956,16.248634,2.9283218,1.6891804,1.2391415,850.9567,,,1.0205203,0.18472977,0.7063874,201.2031278600251,31.609206401799227,-1,0.0,False
666210587944538112,129.76864768511604,0.16324383,23.44546759148079,0.11078448,4.579045697219794,0.19279127,23.751314,-21.7671592192274,0.18989359,-13.616817816833771,0.15173754,18.078094,19.793097,16.802794,2.990303,1.7150021,1.275301,606.91254,,,1.3254229,0.99234843,12.118394,201.54428364376065,33.43282718971347,3,0.8177189577162122,False
666437469593454720,129.8317164636903,0.01747479,23.895040904662128,0.012511185,5.519895878332188,0.024905462,221.63396,-34.07912319927913,0.02318347,-25.430084946434377,0.017455667,10.922989,10.9258795,10.190019,0.7358608,0.0028905869,0.73297024,2976.7456,18.595646,0.5539338,1.1402642,0.13355662,25.935532,201.05223395548623,33.625726917421865,-1,0.0,False
676166120275170688,125.49989001156342,0.010813234,21.473585325863727,0.008301448,6.929221609830074,0.013899374,498.52762,-27.30389697776377,0.013589707,-22.640895805451592,0.010291055,12.142868,12.677042,11.461632,1.2154102,0.53417397,0.68123627,3203.992,19.122263,0.66105616,0.9102539,0.038679443,2.0212271,202.22105159085365,29.06095014446405,-1,0.0,False
676300501215269504,126.147864975249,0.01200851,22.070029330419853,0.0087342905,3.0267697525870187,0.01414283,214.01443,-25.544507479639528,0.014539341,-11.906400911494911,0.010872323,13.20182,13.626325,12.615967,1.0103579,0.42450428,0.5858536,6416.9663,37.998554,1.7213346,0.97160167,0.0,0.0,201.8103382536899,29.829019498399923,-1,0.0,False
677836622034613376,127.0992843951752,0.015169399,22.58265114861017,0.010732389,3.888531170764504,0.018319368,212.26338,-27.360351488747817,0.018323533,-5.900709173545029,0.013855445,12.869712,13.327644,12.253679,1.0739651,0.45793247,0.6160326,4723.839,20.908566,1.1707168,1.0906047,0.097783536,10.132828,201.5871919799491,30.829142104340935,-1,0.0,False
677902966393213312,126.4631028936019,0.30862528,22.831616078005855,0.20646167,4.206438823985686,0.3642103,11.549478,-35.300465709759024,0.35886773,-19.80861846808015,0.23955844,19.35729,21.279547,18.062544,3.2170029,1.9222565,1.2947464,313.31415,,,1.0262038,0.85534406,1.3358579,201.09102932412264,30.355869507302017,-1,0.0,False
678024221909728512,126.7672493713196,0.09653788,23.34146691491456,0.06949799,3.2361793621749353,0.12906492,25.074045,-34.50001571263554,0.12124747,-17.47880485880991,0.08812287,17.627789,19.215815,16.392672,2.823143,1.588026,1.235117,757.8218,,,1.0486875,0.10855022,0.19616002,200.63604185702096,30.785714015429193,-1,0.0,False
662867179243266944,128.76942266496837,0.2752133,19.90762596003388,0.2051292,4.595741270575839,0.3589845,12.802061,-41.603752711389845,0.32357913,-9.01557576006209,0.2285773,19.257412,21.017628,17.991772,3.025856,1.7602158,1.2656403,345.72827,,,1.0437444,0.92850506,1.7737463,205.14156376478985,31.39352162190332,-1,0.0,False
662899481693765632,127.08400640277496,0.085420325,19.258491732267583,0.054246176,5.026592456247176,0.10006079,50.235386,-32.847680249424116,0.10087111,-12.143554222523898,0.069417424,17.182123,18.811392,15.955442,2.8559494,1.6292686,1.2266808,1046.0369,,,1.0979965,0.19309708,1.1630785,205.19800390305113,29.6787435182602,1,0.2527468391402026,True
662925251497570176,127.74883870594982,0.096893705,19.52003359867449,0.059979133,3.607105736219689,0.10810179,33.367676,-32.64511220275379,0.108239435,-13.31469262459401,0.07340249,17.677692,18.974506,16.560019,2.4144878,1.296814,1.1176739,1161.5548,,,0.98784566,0.0,0.0,205.17268205877073,30.357867490255583,-1,0.0,False
663003729139832576,127.08712533149372,0.01729421,19.84401055063837,0.010968299,4.414439589277992,0.019336324,228.29778,-33.085086928113654,0.02010867,-11.344053255373638,0.014249767,10.764056,11.058174,10.298938,0.75923634,0.29411793,0.4651184,5534.4585,37.012268,0.3608939,1.210904,0.109549865,19.27912,204.56832431093835,29.888927702302343,-1,0.0,False
663070971148025728,128.24810275235106,0.12517405,20.120741250467564,0.08455858,5.47000854793944,0.13843475,39.51326,-34.81219916631981,0.14670178,-14.250240056654444,0.11152881,17.974049,19.825598,16.701988,3.1236095,1.8515491,1.2720604,865.25635,,,0.97529215,0.0,0.0,204.70929192213768,31.0079757595415,1,0.5570502433412918,True
663078530290541952,128.42785817697717,0.013813712,20.24441382502768,0.009080317,5.352101870056612,0.016095899,332.51337,-34.44337819730244,0.0163655,-14.236007002167025,0.012352092,13.397341,14.090327,12.594752,1.495575,0.6929865,0.80258846,4164.01,34.72255,1.1657512,1.0536261,0.0,0.0,204.64184927882297,31.209038796170333,1,0.5058749790014,True
663108869939401088,127.4324286906439,0.07230897,20.11450650838173,0.04657868,4.609814844589723,0.0829363,55.582596,-25.4141015654516,0.086456664,-14.343011609687045,0.058350995,17.106262,18.657934,15.876852,2.7810822,1.551672,1.2294102,1198.0764,,,1.0368897,0.19333142,1.2599229,204.40679106696837,30.287609759598208,-1,0.0,False
663397457381744128,125.41983102088756,0.07669527,19.62804581334014,0.063043475,5.397351900509582,0.09212074,58.589977,-21.438873098952374,0.09716278,-3.671684786212623,0.080707744,17.1829,18.972582,15.917838,3.0547438,1.7896824,1.2650614,805.7917,,,1.070147,0.2259295,1.4500791,204.1622932048448,28.345010714723895,-1,0.0,False
663828156702371072,126.48191322524106,0.044914708,20.22833983940462,0.030607637,3.14805855693701,0.053795017,58.51952,-32.1807674939122,0.05227419,-25.113440532998258,0.037604805,16.151493,17.253748,15.10734,2.146408,1.1022549,1.0441532,2079.518,,,1.0932556,0.15934625,2.1321244,203.92443241752423,29.491293554524063,0,1.0,False
664076371452058880,125.4134392525816,0.115855254,20.64176189379765,0.06706699,5.045258969959285,0.13413133,37.614323,-23.934064973598943,0.1288585,-5.54916709129244,0.08748999,17.637354,19.267864,16.393475,2.8743896,1.6305103,1.2438793,890.70703,,,1.0562559,0.24471752,1.0027823,203.08062502108513,28.697736413098905,-1,0.0,False
664177835759544320,127.02210677838288,0.04458685,21.184085439144248,0.029570814,3.230715946285103,0.054452028,59.331413,-42.856955128776406,0.053289235,-9.601542029254858,0.036327496,16.326157,17.330145,15.332126,1.9980192,1.0039883,0.99403095,2069.7595,,,1.0278858,0.0,0.0,203.09072261474907,30.29526152041136,-1,0.0,False
664288748995228160,129.3260532189169,0.016115082,19.698939097995048,0.010574053,5.422772696951008,0.018879415,287.232,-36.13188175309816,0.018181838,-13.773602978233296,0.013165266,11.284405,11.64702,10.762269,0.8847513,0.3626156,0.52213573,1766.3871,34.72576,0.42372563,0.80994123,0.09742624,12.439498,205.58498935291357,31.812083222654355,1,0.7853912490578787,True
664302424170984576,129.2977010233827,0.016439626,19.803624949832543,0.010587053,5.408965858748147,0.019137932,282.6306,-35.880611189070194,0.018754773,-12.108974947947836,0.013349031,11.138668,11.48276,10.630629,0.85213184,0.34409237,0.5080395,2707.002,35.13129,0.36025414,0.7910592,0.09534821,11.1826515,205.45855381162264,31.82342705816444,1,0.8082564528983369,True
664316546023530368,129.73097798896453,0.097055756,19.842527459872063,0.06144979,5.0527963521738295,0.12745337,39.64427,-35.0629616136431,0.12257289,-13.160543300781054,0.09388614,17.470407,19.28389,16.207645,3.0762444,1.8134823,1.2627621,783.4379,,,1.0413474,0.20535997,0.7908172,205.58196747043945,32.21928650015077,1,0.32710850544494263,True
664352658108494720,129.00162247183252,0.09545632,19.880558285773063,0.06163932,7.514457284938988,0.1190601,63.114826,-23.05783673040676,0.12225386,-26.71749983512385,0.07842507,17.339003,19.055723,16.081005,2.974718,1.7167206,1.2579975,762.8785,,,1.0116173,0.0,0.0,205.26018378893272,31.58890590807224,-1,0.0,False
664352692468240896,128.95924741522467,0.11012721,19.84996010447996,0.06978961,5.255533372385412,0.120380245,43.657772,-34.211760429158645,0.15343966,-12.809005510900832,0.09275634,17.473036,19.155344,16.226164,2.9291801,1.6823082,1.246872,757.25934,,,0.967393,0.0,0.0,205.27763038917143,31.540910366630676,1,0.5566119463012053,True
664374613981190656,128.7295219016677,0.031133076,20.10542320515342,0.020232612,5.463655052949389,0.03898384,140.1518,-35.80041623007126,0.036126897,-13.302664204838182,0.025783807,15.170221,16.295616,14.112485,2.1831312,1.1253948,1.0577364,1979.1592,38.242504,4.82907,1.045395,0.0,0.0,204.90892933726877,31.42683612278069,1,0.9690936836777794,True
664406087501474048,129.1642920615917,0.093394734,20.37597086615286,0.05295028,5.342817501560685,0.108614296,49.19074,-35.34813400288469,0.1032287,-15.28489757696674,0.070782386,16.8376,18.245869,15.357582,2.8882866,1.408268,1.4800186,946.2847,,,1.0534134,0.37216717,5.285978,204.7750729031796,31.902878219812116,1,0.27493538717673266,True
664420381152602496,129.3875949203687,0.098169416,20.66939494384672,0.071623825,5.27764031552281,0.13824983,38.17466,-34.286656423562775,0.13345169,-13.179470405406589,0.09127322,17.525097,19.233446,16.293308,2.9401379,1.7083492,1.2317886,825.3845,,,1.0776078,0.28784513,1.4886699,204.53341993246175,32.19932810697204,1,0.6969195207393812,True
664429585265395328,130.04402267803144,0.27582818,20.347292301023188,0.17141429,5.7249901426003476,0.31008792,18.462473,-34.7218243526065,0.3424329,-14.118154218270307,0.2106059,18.96662,20.999643,17.565046,3.434597,2.0330238,1.4015732,385.5124,,,1.0648062,1.1450658,4.0101633,205.13948357869776,32.66848036077891,1,0.262433328992158,True
664461578478588672,130.32270829294114,0.078133516,20.54244457620273,0.041986667,5.439434641475769,0.095939994,56.696213,-36.5302150751796,0.10226711,-13.09729232706886,0.06990412,17.062208,18.696148,15.818279,2.8778687,1.6339397,1.2439289,719.7161,,,1.0214332,0.1053047,0.35647458,205.026198712419,32.98026736819457,1,0.8169868621586837,True
664535211396282880,130.00384365400967,0.27531666,20.97282042132744,0.17243564,5.834461304413826,0.32548764,17.925293,-34.6505926079447,0.3466855,-13.605046351349662,0.21428728,19.223526,21.337585,17.8464,3.4911861,2.1140594,1.3771267,318.27393,,,0.9803514,0.0,0.0,204.42408895804883,32.843803460455185,1,0.2010584134887849,True
664591595728990336,128.82387989107602,0.022955157,20.564533023161633,0.01631478,5.425570273316165,0.023382751,232.033,-35.23332450593864,0.024050966,-14.255544649301896,0.018503726,8.373195,8.494132,8.136961,0.35717106,0.12093735,0.23623371,3094.1975,32.75968,0.71876824,0.89719576,0.118016936,11.591479,204.43851974651767,31.66745987028973,1,0.5980202323931733,True
664608638159278080,129.29938195493256,0.043291334,20.67978305690156,0.02802847,5.524295911242327,0.057741858,95.672295,-35.28171439210104,0.052499454,-14.61748280501121,0.036606945,15.863035,17.159874,14.731606,2.4282684,1.2968388,1.1314297,1193.3035,,,1.0237229,0.0,0.0,204.4888785519075,32.12518161492714,1,0.40857969607205985,True
664656398195401728,128.0112170596108,0.08157463,20.772359331154025,0.053065266,5.179995706089249,0.090231456,57.40787,-32.12121226707967,0.09848858,-12.48994185502135,0.070107,17.198427,18.965002,15.925039,3.0399628,1.7665749,1.2733879,1125.5529,,,1.1007669,0.1925971,1.1680053,203.9062698620932,31.023480287015772,1,0.24114281860540773,True
664687248944151168,128.50629992971884,0.12462128,21.010806998706883,0.08228638,5.051152528280477,0.1405857,35.929344,-34.30380532163498,0.14263867,-12.608541616503018,0.10937715,17.871275,19.73169,16.595005,3.1366844,1.8604145,1.2762699,998.0394,,,1.0752996,0.4484818,3.4747643,203.827370901161,31.539472807198923,1,0.34321172440460024,True
664719551394605440,129.60987530204568,0.10346794,21.16055183059333,0.070422865,4.628486823635254,0.12128057,38.163464,-50.1224462482805,0.11514768,-11.415090478552615,0.083598316,17.638174,19.110838,16.456575,2.6542625,1.4726639,1.1815987,736.69037,,,1.0474957,0.17708899,0.4722762,204.0681099472443,32.5597835883345,-1,0.0,False
664727247975949312,129.11592104057814,0.015107316,21.121072556049615,0.010657331,5.391501987220749,0.020217644,266.6731,-36.18483476980071,0.018687863,-14.60310730869842,0.013848773,13.591039,14.342177,12.749967,1.5922108,0.7511387,0.8410721,3337.2578,34.89788,1.5937132,1.0215758,0.0,2.112569e-15,203.9301322249414,32.112323187134756,1,0.4823719728314168,True
664747172327282816,129.90997545501807,0.18182285,21.245093475192036,0.10851745,3.854231119691002,0.20668875,18.647512,-26.584070779696543,0.19993767,-23.7384596504853,0.14005573,18.541534,20.201569,17.307116,2.894453,1.6600342,1.2344189,471.8174,,,1.0315082,0.0,0.0,204.08378057274575,32.85176494495723,-1,0.0,False
664776279322590976,129.1604349900835,0.18175788,21.1916162701714,0.117949486,5.489846505871186,0.23237167,23.625282,-33.470881125476964,0.22061524,-13.43059048699224,0.15212746,18.63107,20.449455,17.34201,3.1074448,1.8183861,1.2890587,542.40063,,,0.98171926,0.0,2.0811854e-15,203.8679997749905,32.17502995130633,1,0.2962388122565467,True
664804248149523712,129.10113537414853,0.012673052,21.608269191110637,0.008261726,4.739408825173016,0.014128251,335.45615,-25.902551212969893,0.015189918,-8.282078421947574,0.010226156,12.525234,12.979158,11.905805,1.0733538,0.45392418,0.6194296,2936.5894,21.426624,0.82338494,0.968811,0.04006049,2.23457,203.381775007238,32.26124389956924,-1,0.0,False
664836133986768768,129.4051927266538,0.16827804,21.806803076466647,0.11862213,5.2558732645581365,0.19248219,27.305765,-33.48423964367419,0.19127752,-13.900727230027371,0.14589374,18.370848,20.331038,17.085035,3.2460022,1.9601898,1.2858124,640.3149,,,1.0796632,0.5754569,2.390271,203.26957846959428,32.59328373138259,1,0.3208237465741077,True
664942408657811968,130.43076943573303,0.14493439,21.497263013961263,0.07615954,5.243397458078449,0.16094492,32.57883,-34.014924995718175,0.16522409,-15.936919155035325,0.12463848,18.125433,20.102974,16.774097,3.3288765,1.977541,1.3513355,725.56287,,,1.069893,0.68532956,5.310776,203.99019470617105,33.392740783621804,1,0.1715820946232373,True
664993531651217152,131.66650768034256,0.21968046,21.574786234497537,0.114720054,5.771348142918076,0.24986695,23.097687,-38.1582440982953,0.26177418,-13.99152690994897,0.17692822,19.077389,20.706738,17.751123,2.955614,1.6293488,1.3262653,452.19162,,,0.9799632,0.0,1.9497131e-15,204.35254427992191,34.504916793609674,1,0.34429997923324956,True
665054283965182208,131.76753491883775,0.0203636,22.273711607646195,0.011315243,5.480263890997527,0.025808794,212.34096,-37.92081099753076,0.025837282,-14.262036527397152,0.021463215,14.312318,15.241778,13.359096,1.8826828,0.9294605,0.9532223,3145.216,34.867977,2.3102455,1.0421777,0.0,0.0,203.58367121669343,34.81688741190218,1,0.48869234835431197,True
665149662302408576,129.8986501920437,0.24357428,21.7392084580313,0.18570298,5.211716983473061,0.3697689,14.094525,-35.30219113601437,0.33891246,-15.027852769235338,0.23808353,18.831516,20.754318,17.513697,3.2406216,1.922802,1.3178196,381.98264,,,1.060157,0.37189588,0.44636708,203.523706765426,33.00430111417574,1,0.286070227358134,True
665300986886903680,130.80299342048252,0.20810628,22.64436186186439,0.08835074,3.0002743528900795,0.23563656,12.7326355,-24.734274701944003,0.26480514,0.3438379126303673,0.18180923,18.771505,20.55428,17.460495,3.0937843,1.782774,1.3110104,609.2495,,,1.0055524,0.6615067,2.7293127,202.8167487570834,34.08748972369205,-1,0.0,False
665923100013886208,127.3712683110084,0.19084986,22.692015025091216,0.12248517,4.6981270345952435,0.25715172,18.269865,-28.83512998485152,0.21995136,-22.359685917959226,0.14468212,18.686708,20.000996,17.360716,2.6402798,1.3142872,1.3259926,405.37003,,,0.987551,0.11406909,0.06805009,201.56203161727143,31.10210932677255,-1,0.0,False
666108784336639616,129.3827271187475,0.027501432,23.21735421914084,0.018265763,3.6245927380017178,0.03222322,112.48387,-24.579757666568423,0.03088293,-18.609506564041137,0.024062311,15.517897,16.518484,14.527718,1.9907665,1.0005875,0.99017906,3104.0078,,,1.0159011,0.0,0.0,201.6716640955541,33.02508254641094,-1,0.0,False
666286252384541440,128.62958956953935,0.082170226,23.277528872786046,0.055163532,4.584561313199121,0.09535689,48.077927,-47.483066830693566,0.09810979,-6.629040086414279,0.070659645,17.294796,18.773006,16.11766,2.655346,1.4782104,1.1771355,1111.1174,,,1.0419979,0.10810773,0.28519005,201.34559022060984,32.386969115319545,-1,0.0,False
666354009789018496,128.17446734359723,0.08788532,23.49387562127408,0.06073535,5.3226293949501,0.10466217,50.85533,-42.75892184261109,0.103232615,-22.182696915186497,0.07343813,17.355764,19.051565,16.108011,2.943554,1.6958008,1.2477531,873.89233,,,1.0432781,0.34180227,2.7638788,200.94746167652508,32.05853533563083,-1,0.0,False
666369501734254720,128.9553436964199,0.02540251,23.66355708863117,0.017587142,3.326165799796433,0.036582593,90.92209,-24.828174560030767,0.030179916,-9.140621159097911,0.021498544,10.995841,11.230194,10.602279,0.6279154,0.23435307,0.39356232,3164.719,40.73385,0.558153,0.93787783,0.12370053,13.695533,201.0211604121631,32.79142070264694,3,0.908035974862794,False
689473234627550080,132.17147975924627,0.0806534,23.347646705796077,0.04297528,3.613656291382618,0.09498191,38.04573,-22.960986458351208,0.102581725,-14.711598708455805,0.07758609,17.05381,18.358816,15.88757,2.4712458,1.305006,1.1662397,814.32526,,,1.0635158,0.21614733,1.6257519,202.47487648419695,35.50265520212799,-1,0.0,False
684925791974717440,133.94492087613244,0.079542406,20.792354506009676,0.038872734,5.841671519519321,0.09442101,61.868343,-24.74816577903031,0.097407304,-0.5317418620888148,0.068228655,17.096052,18.60057,15.896345,2.7042255,1.5045185,1.199707,1440.0887,,,1.0473179,0.34222874,4.8239303,206.1063295703117,36.260269437204805,-1,0.0,False
684927746182367616,134.06552220203116,0.25463682,20.86437155647393,0.11771794,3.514924742784674,0.32038435,10.970963,-39.60373418511099,0.32401827,-27.841782336656845,0.21384285,19.32912,19.397823,19.297333,0.10049057,0.0687027,0.031787872,472.47858,,,0.9734077,0.0,0.0,206.06740595381524,36.390303417900306,-1,0.0,False
686002106482296448,133.44677507443248,0.12539822,22.02989112401661,0.0620248,3.9760609240898144,0.15733413,25.271444,-21.94532371465547,0.15075022,-25.75981637500134,0.1052475,17.90755,19.244648,16.768417,2.4762306,1.3370972,1.1391335,809.9495,,,1.0028095,0.0,2.1363065e-15,204.4686724140862,36.21671877226538,-1,0.0,False
686021695828672768,133.1196863168986,0.18718585,22.17539512830605,0.09554249,6.519955539826337,0.19326264,33.736244,-49.51039772241885,0.22214857,-26.230381732667848,0.1395979,18.297487,19.95501,16.948612,3.0063972,1.6575222,1.348875,648.56476,,,1.0241207,0.0,0.0,204.18026526429855,35.97443258595208,-1,0.0,False
686199679273366144,133.29390364494805,0.05215926,22.94496826120996,0.02957548,5.691917261766467,0.06440552,88.37623,-40.00615444035169,0.065837555,-13.567538648610991,0.049533617,16.647646,18.091494,15.480364,2.6111298,1.4438477,1.1672821,1833.8755,,,0.92711216,0.0,0.0,203.33464347702733,36.36446309803712,1,0.26412025565026587,True
689132145504296064,132.1082628677343,0.08030115,22.608644518811136,0.040508255,5.667785263134523,0.08785116,64.51577,-39.408167999534285,0.0985395,-14.933730666394847,0.06681251,17.303192,18.990057,16.057365,2.9326916,1.6868649,1.2458267,1090.0879,,,0.9933777,0.0,0.0,203.31560783445107,35.22082160778382,1,0.2763983180106916,True
665498486663164416,127.45807680172898,0.020171706,21.390283059109287,0.0133715635,3.863253755322917,0.021813594,177.10304,-23.97042602110685,0.024327865,-19.652010647380905,0.018039377,14.176875,14.882659,13.363677,1.5189819,0.70578384,0.8131981,4683.8286,48.22332,2.7277544,0.9521055,0.0,0.0,203.02504694410752,30.747295762226468,-1,0.0,False
665530406860150912,127.79337060222969,0.01491312,21.58948704852436,0.010463761,4.172017577463633,0.01970972,211.67313,-31.70414549329939,0.018425733,-16.469415506696098,0.013417334,13.626681,14.2800865,12.852924,1.4271622,0.6534052,0.773757,4856.2627,37.757565,1.511228,0.96900785,0.0,0.0,202.92825400850097,31.108020879923863,-1,0.0,False
665616989104443520,128.99558660852836,0.41365322,22.254866185416702,0.26443452,5.949714249579225,0.4732209,12.572805,-46.17767256964114,0.47152168,-15.4137550475314,0.33701226,19.849934,20.000408,19.560566,0.43984222,0.15047455,0.28936768,322.21323,,,0.98967206,0.36506122,0.16441934,202.62080018435216,32.38010945604897,-1,0.0,False
665787074105505792,126.87881340528364,0.087834336,22.15001620568245,0.057941053,4.078447174230732,0.10187124,40.035316,-23.072760431835768,0.10686987,-12.259789167865993,0.070343934,17.493126,19.072075,16.272142,2.7999325,1.578949,1.2209835,965.33234,,,1.038597,0.0084462175,0.001472225,201.98405587493545,30.49417589827783,-1,0.0,False
665988005558839168,129.23287963031208,0.15686838,22.249736081733673,0.10156226,3.227862266213979,0.17112757,18.862316,-40.90575643854988,0.20021157,-16.9230986573958,0.13162176,18.232273,19.929426,16.983147,2.9462795,1.6971531,1.2491264,728.15674,,,1.0671481,0.43123806,2.0259404,202.71079396298825,32.586256515024196,-1,0.0,False
666037041203065472,129.6311674431989,0.21570136,22.83061108411056,0.1364652,3.2831543325325816,0.26172653,12.544217,-32.3766947807111,0.23401493,-20.02560937670521,0.17165476,18.839912,20.585642,17.563494,3.0221481,1.7457294,1.2764187,570.20703,,,1.0424569,0.6350492,2.0198812,202.19557955814037,33.120498469995155,0,0.9559677534945844,False
666424099358403328,129.25263425194973,0.17005034,23.8102143292537,0.11756514,5.298234071544673,0.20356737,26.026932,-49.33101517659368,0.19470884,-6.849511687736824,0.14537966,18.614683,20.450016,17.321323,3.1286926,1.8353329,1.2933598,531.80365,,,1.0112411,0.5291408,1.4635867,200.95501029856328,33.09553770369085,-1,0.0,False
666437469593892992,129.83204308050833,0.019063892,23.895616660469205,0.013572873,5.4953095661384435,0.027456418,200.14664,-34.58195893431687,0.025847174,-25.83992177523605,0.019142667,10.558447,10.802415,10.020563,0.78185177,0.24396801,0.53788376,3659.2234,18.255919,0.5712706,1.0552847,0.14726144,28.788475,201.05168442655747,33.62618658392922,-1,0.0,False
609931814694692480,133.04576077262166,0.094848104,15.972558758135609,0.04985093,3.5747808558751553,0.11569341,30.89874,-26.972998848321694,0.12115675,-25.779880890260856,0.082023926,17.5078,19.085033,16.301777,2.7832565,1.5772343,1.2060223,1145.3156,,,1.0844109,0.32411873,2.3669753,211.2445343158653,33.758771393909626,-1,0.0,False
611394302598673280,133.68231638914807,0.23172575,16.230610059395666,0.11901805,3.3641877703323497,0.27265838,12.338471,-48.28626696537531,0.2960307,-9.4158536674013,0.22949046,19.017866,20.834663,17.76256,3.0721035,1.8167973,1.2553062,539.1561,,,1.0603852,0.88076466,2.7489839,211.23495156955016,34.42251983442439,-1,0.0,False
611418212680551808,133.7983199434369,0.14624088,16.286172964475345,0.07947832,4.209262269322377,0.17757858,23.70366,-46.253412042823754,0.17951244,-8.233707857267028,0.13869658,18.419506,20.211208,17.133728,3.0774803,1.7917023,1.285778,672.2181,,,0.97873366,0.0,1.7746247e-15,211.22327629029908,34.546603105388904,-1,0.0,False
677920013119469184,126.3856937857106,0.09243609,22.99359903467103,0.05357933,7.60538417521386,0.1054627,72.11445,-43.67333831617164,0.10238223,-20.88452406897387,0.067365,17.088594,18.877094,15.812233,3.0648613,1.7884998,1.2763615,832.98303,,,1.0372696,0.23992018,1.710008,200.88664054322797,30.34130308130064,-1,0.0,False
677940182291291776,127.22117105214043,0.02674648,22.878773154720236,0.018560402,4.355040670248798,0.03323197,131.04973,-21.186226458327987,0.032205462,-19.3709487705501,0.02169469,15.036704,15.993192,14.066836,1.9263554,0.95648766,0.9698677,2655.3135,26.555614,7.5764456,1.004751,0.0,0.0,201.30338800292296,31.031777868508534,-1,0.0,False
678550441302424448,128.94406149842442,0.23816893,24.56251298509731,0.1665106,3.1490397806294976,0.2786157,11.302448,-28.279648459974197,0.2852034,-7.154808551280644,0.21509258,19.113808,20.670616,17.884544,2.7860718,1.5568085,1.2292633,404.85492,,,0.95544744,0.0,0.0,199.9975918706461,33.05609003356215,-1,0.0,False
684564190087060992,135.1776901125426,0.014806489,19.870559210509832,0.010648134,3.507970355683669,0.016869614,207.94609,-41.706639670516495,0.016950736,-16.147092590658502,0.013778951,13.365128,13.790413,12.773779,1.016634,0.42528534,0.59134865,5443.4453,24.231606,2.6120987,0.94754535,0.0,0.0,207.66696024949547,37.04667292762754,-1,0.0,False
684643286204635648,134.42012919186791,0.15321283,20.20111806287756,0.08436998,3.604543966437983,0.16940296,21.277927,-33.913140634866274,0.19153242,-9.15114926826525,0.13849838,18.361715,20.01507,17.128582,2.886488,1.6533546,1.2331333,674.3079,,,1.0150986,0.0,0.0,206.98171273503343,36.48589447272976,-1,0.0,False
684647714314880640,134.6881640097741,0.109999746,20.295582418615364,0.07944337,3.0839704962573005,0.12552871,24.56785,-27.418698978185063,0.12943232,-22.260831112165313,0.10655424,17.659672,19.098969,16.50462,2.594349,1.4392967,1.1550522,813.93274,,,1.0298066,0.0,0.0,206.9744959271525,36.75445992206816,-1,0.0,False
684845733783029376,134.45589666104522,0.11330792,20.52083402649422,0.054429118,4.258342060655573,0.13073437,32.572475,-38.132688690097886,0.1434716,-15.646817204079294,0.09408291,17.829582,19.373714,16.625711,2.748003,1.5441322,1.2038708,919.16284,,,1.0373155,0.12275288,0.24212067,206.6198323018345,36.62315080023046,-1,0.0,False
684902835372591104,134.02878940819187,0.37590417,20.593542073678844,0.18119861,5.914851660570904,0.43121883,13.716589,-45.00656393626068,0.4754153,-15.525126464285144,0.31052464,19.59374,21.295794,18.19292,3.1028728,1.7020531,1.4008198,365.40637,,,1.1484814,1.5496469,4.3093557,206.37117461802416,36.26930742469186,-1,0.0,False
684983615117037184,135.12956027103058,0.062988475,21.09635656833417,0.047472052,3.811689610324,0.07345012,51.89494,-37.355174393035654,0.073623516,-10.341052490901506,0.057422936,16.863487,18.007318,15.804658,2.2026606,1.1438313,1.0588293,1229.9089,,,0.9709248,0.0,0.0,206.19383146428032,37.40549999310694,-1,0.0,False
685061749161915648,134.40362398778834,0.13661005,21.32207929152698,0.0746354,3.5462038880600417,0.15660946,22.643612,-42.27075385709728,0.16836764,-9.133750185302343,0.14498912,18.236294,19.619413,17.08486,2.5345535,1.3831196,1.151434,741.683,,,1.0404508,0.11590777,0.13790411,205.6542418946325,36.83642084042348,-1,0.0,False
685063540164549760,134.42789449122145,0.029325195,21.422193134483575,0.014876103,4.582350328247199,0.03313734,138.28358,-24.467719540462575,0.03652764,-20.063191605892634,0.028761791,15.379866,16.510899,14.321267,2.1896315,1.131033,1.0585985,3151.3035,2.1320353,7.183244,1.0503005,0.0,0.0,205.54463071839984,36.88973958629596,-1,0.0,False
685748359813701248,133.20220504926127,0.10462425,21.197348492388105,0.05860831,6.796914635438842,0.13004778,52.26475,-46.33080789890624,0.12641746,-16.35229680481588,0.090033755,17.642944,19.4686,16.339329,3.1292706,1.825655,1.3036156,747.72186,,,1.0246552,0.0,0.0,205.3544255036093,35.73606451518805,-1,0.0,False
686120338341538432,133.4226440279822,0.05345177,22.42480741714594,0.0268251,4.336668416823177,0.065681346,66.02587,-21.948952250199007,0.06454623,-9.893754748250537,0.044584077,16.334171,17.644402,15.196938,2.447464,1.3102303,1.1372337,1919.6058,,,1.0390124,0.085624345,0.54644006,203.99455107947017,36.31835721345667,3,0.8177189577162122,False
686120681938916224,133.40101238102395,0.09616077,22.41414087021555,0.049710203,5.176991523681281,0.116898395,44.286247,-29.46619381880997,0.12261984,-21.043614147467203,0.08495218,17.538431,19.35957,16.267097,3.092472,1.8211384,1.2713337,838.3353,,,0.98228204,0.0,0.0,203.99947312219663,36.29604334896616,-1,0.0,False
686154320122579328,133.70346259176495,0.0153518645,22.7244756679971,0.00812326,4.769718983853064,0.018006874,264.88324,-44.361589401748304,0.017990397,-14.130755392015558,0.013333339,12.105358,12.496343,11.550216,0.94612694,0.39098454,0.5551424,4285.3916,36.01225,0.5648132,1.0730741,0.084755756,10.4767885,203.73870926793904,36.657074364040625,-1,0.0,False
689080468457854464,132.24469853942105,0.070092,22.491285196393665,0.037985925,5.706174153087864,0.08218558,69.43035,-39.526753865430365,0.084277414,-14.713978220602478,0.062556274,16.94515,18.720438,15.652969,3.0674686,1.7752876,1.292181,1365.7068,,,1.1180866,0.26989564,3.0879366,203.5002147145568,35.30406505462031,1,0.31638697149744976,True
689090707659881088,132.4321877379572,0.26377377,22.471966930320097,0.15942016,3.6474652193785815,0.31195936,11.692117,-21.26868635019818,0.32548207,-2.194401395782445,0.27544716,19.226362,20.880014,17.929443,2.950571,1.6536522,1.2969189,410.49802,,,1.006678,0.75102633,1.4157629,203.58889364698504,35.462678483725725,-1,0.0,False
689118882645942528,132.4412948672909,0.01529756,22.90236177901999,0.009194888,5.262920135253921,0.018802036,279.91226,-22.275073727718738,0.019868499,-12.609759307494484,0.015378477,12.780056,13.333132,12.0799465,1.2531853,0.5530758,0.7001095,2895.7751,23.074514,1.555948,0.8970636,0.061426178,4.0940495,203.08903893390453,35.603560484628616,-1,0.0,False
689375687330368256,131.8452921072987,0.018430462,23.254457155183612,0.010078121,3.034909186059456,0.021251468,142.80939,-26.710261399419544,0.022656558,-8.872223896721067,0.016981205,14.307324,14.881421,13.5927105,1.2887106,0.5740967,0.7146139,3382.6096,23.692604,2.7722633,1.0093417,0.0,0.0,202.4723843612944,35.18891906327819,-1,0.0,False
689470863806214784,131.48566007820637,0.022904396,23.838494411789224,0.011649382,4.448164722096549,0.026525645,167.693,-26.519479197279217,0.027461654,-12.105124713291126,0.021885404,10.390116,10.691915,9.921065,0.7708492,0.30179882,0.4690504,3656.3613,1.7937611,0.35152593,1.2475576,0.15907627,35.111202,201.6700397240968,35.05073949940387,-1,0.0,False
609605740778446592,130.39218311820483,0.23943174,14.867361908329473,0.106981106,4.371354788475135,0.26273677,16.637774,-21.746566280770523,0.27860314,-3.8703493491823857,0.24362046,18.933857,20.559025,17.636374,2.9226513,1.6251678,1.2974834,485.81714,,,1.0548464,0.6007852,1.6005546,211.28576204318597,30.972453310168405,-1,0.0,False
610004897858110976,131.94534648136664,0.03364174,15.68543972939568,0.017629826,3.619586422415449,0.043095868,83.989174,-30.969517214655234,0.042130396,-8.293335241789679,0.031619146,15.320574,16.19933,14.399434,1.7998953,0.87875557,0.9211397,2737.664,,,1.0419979,0.065363266,0.85701245,211.07988714172487,32.67052687853077,-1,0.0,False
610005241455493632,131.97191589375964,0.1059447,15.696915456165916,0.056087404,5.7411422074818095,0.13016854,44.10545,-40.67399316362865,0.1529788,-10.44683785720908,0.12586446,17.456099,19.194946,16.182209,3.0127373,1.7388477,1.2738895,988.2539,,,1.012921,0.110378794,0.25213686,211.0789140571629,32.698550442147294,-1,0.0,False
610093992659560960,131.32408475024863,0.02079279,16.16806783861024,0.010201154,5.196280268505764,0.022594549,229.97939,-21.28487941674696,0.025476528,-14.587507812288422,0.01775073,14.18284,15.018033,13.28586,1.732173,0.8351927,0.8969803,3478.862,11.768247,2.427491,0.9991947,0.0,0.0,210.2812967185535,32.301663430352356,-1,0.0,False
676270432143785728,125.85877240268378,0.2642399,21.76126969556057,0.18141499,4.587880697476914,0.28836343,15.910065,-22.404312309750452,0.3146903,-10.612067071877023,0.21660593,19.143097,20.614874,17.875263,2.7396107,1.471777,1.2678337,345.80658,,,1.0105888,0.49562255,0.55846256,202.04103812539452,29.47255409894662,-1,0.0,False
678215300713478656,126.54455530014448,0.09188309,23.410751796453585,0.05923752,3.0698463382005676,0.10175683,30.168455,-46.53519010891189,0.1086232,-20.626405519109337,0.07691323,17.375134,18.580046,16.277092,2.3029537,1.2049122,1.0980415,1004.8836,,,1.011673,0.0,0.0,200.483399708902,30.614367628799663,-1,0.0,False
678370606728860544,128.1456893554924,0.01974492,23.715416671869313,0.014124819,6.396282657092605,0.022939464,278.83313,-24.626189401506835,0.021974206,-23.10495866145895,0.016491976,14.669902,15.742453,13.639747,2.102706,1.0725508,1.0301552,1530.1044,3.4090228,4.426865,1.0181513,0.0,0.0,200.6894123976507,32.10292086799465,-1,0.0,False
678382941874862976,127.97786226585892,0.097803324,23.76690676367374,0.06486526,7.068139701045673,0.109176755,64.74033,-22.20638209377996,0.11219071,-24.21222090409465,0.08056811,17.45598,19.34901,16.146088,3.2029228,1.8930302,1.3098927,888.7643,,,0.9951784,0.52102715,6.380114,200.5750963553714,31.9730706543566,-1,0.0,False
684918679507526912,133.783960347965,0.058228076,20.718263385336098,0.028424138,5.134649032459959,0.066144474,77.627785,-27.444359339687004,0.06907291,-19.485877221588105,0.0478448,16.658466,18.120888,15.475423,2.645465,1.4624214,1.1830435,1567.8783,,,1.0111561,0.09304789,0.5130364,206.13210396886512,36.09380239412672,-1,0.0,False
684929601608251136,134.0144280436596,0.20727864,20.953212482530972,0.1037767,4.734546889916549,0.23355986,20.271235,-30.276261344779424,0.2556134,-11.601872085340856,0.19064729,18.830404,20.548912,17.593801,2.9551105,1.7185078,1.2366028,609.9091,,,1.0145953,0.0,0.0,205.9437815979294,36.37402032101037,1,0.1762777548649822,True
690406509544466560,130.90341478183606,0.14863396,24.51741700280416,0.07460489,4.553939287357138,0.19951051,22.82556,-26.808616776241166,0.18783285,-7.097986525485029,0.14001088,18.619547,20.390352,17.342827,3.0475254,1.7708054,1.27672,821.8544,,,1.0069679,0.52548844,2.466309,200.68755295315455,34.744556420471994,-1,0.0,False
612274079403090816,134.57610674334404,0.029016377,18.308179796385627,0.021609088,6.668973238114934,0.03058621,218.03857,-23.12760242946253,0.034469705,-21.30666482230299,0.030058004,6.5540233,6.552001,6.5348983,0.017102718,-0.0020222664,0.019124985,2383.8738,23.172709,0.34332412,0.789306,0.1957441,38.119762,209.2488472480275,35.975308087111586,-1,0.0,False
612448523794826624,134.79474837704174,0.1668175,18.99503248519904,0.13925105,5.798644399512338,0.17716934,32.72939,-21.466736451174608,0.1866645,1.448837159281557,0.1661411,18.46478,20.494923,17.164402,3.3305206,2.0301418,1.3003788,448.3545,,,0.99258834,0.30794632,0.5858905,208.5410583978008,36.40936037500774,-1,0.0,False
652657389144813440,127.3350409587462,0.018080363,15.69698360543092,0.012485858,4.473674743033139,0.021776646,205.43451,-32.226219055012656,0.02255694,-9.681446322799234,0.016022533,11.725952,12.082192,11.209377,0.87281513,0.35624027,0.51657486,3872.441,38.381607,0.9770047,1.0876932,0.1097013,14.811715,209.08515848099125,28.577144309160495,-1,0.0,False
652896331062917248,126.61989543611078,0.020667093,16.053295769304217,0.013247788,6.61531274278468,0.025607614,258.3338,-29.2954148453615,0.025982829,-8.830737127689723,0.01582517,14.015336,14.92795,13.050465,1.8774853,0.91261387,0.9648714,3465.521,35.801495,2.503868,1.2258959,0.07970818,3.1529062,208.41054895659013,28.07964644784617,-1,0.0,False
657591761108189184,129.6525270069207,0.10048309,15.22028940428805,0.0665643,4.394683276342219,0.11870994,37.02035,-29.748787484651185,0.12761915,-10.880441392261208,0.089699395,17.589148,18.961668,16.465982,2.4956856,1.3725204,1.1231651,831.6166,,,0.9923966,0.0,0.0,210.58403394699488,30.452052277052687,-1,0.0,False
657644709464927104,129.45744737979595,0.032558765,15.373970718701605,0.0227458,4.785128859885412,0.036933254,129.56152,-27.2468513136201,0.03857234,-10.091680412735965,0.02892168,15.358947,16.574818,14.264333,2.310485,1.2158709,1.094614,1781.1951,20.532118,4.9589624,1.0835593,0.095609486,1.4627135,210.33523373569628,30.33816560018074,-1,0.0,False
657675667589236992,130.29788244429963,0.0225054,15.30737230356969,0.011756333,3.343619603822519,0.024912845,134.21268,-26.99909266117131,0.02613053,-17.65779235625549,0.02162803,11.128315,11.474467,10.619087,0.85538006,0.3461523,0.50922775,4085.0425,2.2722027,0.2416937,1.2102777,0.17058288,42.629196,210.77145072206343,31.059721675197505,-1,0.0,False
657724252259188352,130.23135190380637,0.07327631,15.722597846391013,0.03715985,3.693082139319236,0.0851568,43.368023,-28.842354881625965,0.091406934,1.6041545438037597,0.062124237,17.046875,18.376999,15.90765,2.469349,1.3301239,1.139225,1468.2134,,,1.0392652,0.15964338,0.93101203,210.2950547164785,31.160504020594217,-1,0.0,False
657974837831435904,129.44729071938278,0.017829094,16.091927818886766,0.011967398,3.0636419757724975,0.021417527,143.04369,-21.874651411399313,0.021536475,-9.627347453188923,0.017399393,12.983798,13.380853,12.4247055,0.9561472,0.39705467,0.5590925,3585.686,32.837055,1.7814704,1.0850539,0.10686916,11.214602,209.56169290444183,30.604757756395617,3,0.9592552013859373,False
657982392677845120,129.3793994841468,0.14946246,16.26971627216979,0.10514217,5.24221697424967,0.17260423,30.371311,-33.55742168090319,0.1952213,-10.437315331747604,0.14519152,18.362045,20.134571,17.078543,3.0560284,1.7725258,1.2835026,544.5967,,,0.96506995,0.446172,1.379588,209.3418302211182,30.61200562929547,1,0.26559732509030154,True
658344406881750400,131.67823853080824,0.086263895,17.177180920570564,0.046336852,3.5846153277912904,0.096496254,37.147717,-36.987025281072505,0.10694931,-10.64489985618978,0.0804994,17.634563,19.291924,16.42187,2.8700542,1.6573601,1.2126942,948.7768,,,1.0098503,0.0,0.0,209.31995599401537,32.99319170182655,-1,0.0,False
658399588621005312,130.19185687876274,0.14115119,16.818701591519016,0.08187563,5.344025945183518,0.17759372,30.0913,-35.851463560766774,0.18078156,-10.435944947570434,0.12098829,18.230936,20.136955,16.918541,3.2184143,1.9060192,1.3123951,625.81146,,,1.0177017,0.40702388,1.462,209.09019038514515,31.540171998660668,1,0.31261186495445625,True
658507241977230208,130.01880454923364,0.1180582,17.4361369271741,0.08490094,5.469900974283004,0.15538634,35.20194,-31.132672716037774,0.15438257,0.6614674223068862,0.11073774,17.77729,19.515034,16.5072,3.0078335,1.7377434,1.2700901,789.6403,,,0.9916814,0.0,0.0,208.34511157563009,31.61543003339176,-1,0.0,False
658516136854011264,130.71804750999758,0.017986305,17.133703813250982,0.008524854,6.726089552673399,0.021350292,315.035,-44.48860770502857,0.02270939,-13.68629655243032,0.017064903,8.663859,8.883204,8.285276,0.59792805,0.2193451,0.37858295,7265.544,20.752382,0.17080802,0.8939073,0.08336166,9.517921,208.966116574304,32.12445526801825,-1,0.0,False
658618155212680832,130.8109671761595,0.10042887,17.70835635454844,0.043514106,5.872230549560153,0.124922164,47.007114,-38.096832819793,0.1297683,-11.031364376827302,0.098447286,17.64064,19.449139,16.373064,3.0760746,1.8084984,1.2675762,987.5497,,,0.9672346,0.0,0.0,208.37240814461367,32.41785728587837,1,0.16736549234151443,True
658736180914476672,127.64638989414196,0.044087123,16.32145023960872,0.03346729,6.518506516559259,0.05521651,118.05357,-30.01928395892407,0.0534559,-11.421251486411473,0.04274469,16.120798,17.535563,14.9520645,2.583498,1.4147644,1.1687336,976.5022,,,1.0099825,0.0,0.0,208.5578545130163,29.093042957249715,-1,0.0,False
658842008908969600,129.03538423675334,0.03662859,16.954880756093175,0.02269123,4.1290315692527475,0.04341171,95.11331,-30.835414755751756,0.045023486,-3.7018406552661616,0.03161839,15.641664,16.869976,14.53963,2.330346,1.2283125,1.1020336,2037.0652,,,1.0172324,0.036860183,0.17853796,208.4603027718745,30.564497445627815,-1,0.0,False
658852866586300672,128.80504972272217,0.0844462,17.035111695437937,0.060697973,3.122175039905648,0.09856505,31.67629,-42.062291955951025,0.101684496,-6.295853267201984,0.08089957,17.085516,18.438337,15.899771,2.5385666,1.3528214,1.1857452,1190.5931,,,1.198728,0.43559563,5.5957665,208.27850940543976,30.390108699826342,-1,0.0,False
659206393934136832,128.03052568404172,0.06614484,17.983152555181263,0.041622996,4.848943983233656,0.075174436,64.50256,-22.47802666493283,0.083668105,-13.15952477279084,0.052737966,16.756477,18.052946,15.633766,2.41918,1.2964687,1.1227112,1282.8524,,,1.0522612,0.1450989,0.8132086,206.9430857874243,30.054162473386832,-1,0.0,False
659373107384673536,129.87910242884436,0.11257396,17.790380304171666,0.07340291,4.441836471047643,0.1451926,30.592722,-22.141960801848832,0.15244988,-7.447265342586132,0.09659428,17.77667,19.315252,16.578848,2.7364044,1.5385818,1.1978226,740.7697,,,0.99935544,0.0,0.0,207.9007546585988,31.62131380857258,-1,0.0,False
659382934269825152,130.02992996976752,0.05366368,17.974739238329796,0.034894027,3.039199005146181,0.063154995,48.12286,-24.300037151230903,0.06659703,0.0333580612644748,0.04280105,16.236876,17.247875,15.199224,2.0486507,1.0109997,1.0376511,1436.4829,,,1.0469966,0.1300751,1.1617944,207.7602686333904,31.82209263490219,-1,0.0,False
659394444782214016,130.49949629756267,0.07328125,18.07686656162172,0.03745694,4.618004342137714,0.0828255,55.75583,-23.3383420970861,0.090497054,-13.081670204351962,0.07153928,17.120575,18.626034,15.934557,2.6914768,1.5054588,1.186018,1147.2422,,,1.000738,0.0,0.0,207.83866014036673,32.27529675129769,-1,0.0,False
659415850899143936,130.2310204954412,0.126632,18.29780830502941,0.06341562,4.5988487150553805,0.16415586,28.015135,-41.17389223493839,0.14637692,-7.0621657408492355,0.0998501,17.719307,19.41006,16.477142,2.9329185,1.6907539,1.2421646,751.3267,,,1.012284,0.0,0.0,207.4865036138778,32.116976029714955,-1,0.0,False
659665096441437184,129.38765307200663,0.014482429,18.65427983102634,0.010458839,5.541342618185383,0.01947381,284.5536,-36.68000544480934,0.018782536,-12.364763574795024,0.012899145,10.532542,10.828239,10.077238,0.75100136,0.2956972,0.45530415,2879.7358,34.35505,0.5923253,0.8089702,0.049748324,2.654116,206.7574729757902,31.49804643754319,1,0.6792453606741697,True
659750892708009088,129.3598020128537,0.019774541,19.132080169555913,0.012123472,5.458825031031756,0.021638207,252.27715,-35.94397504960792,0.023003602,-12.193076590350309,0.016838424,14.12258,15.015838,13.192012,1.8238258,0.8932581,0.93056774,2123.851,35.70683,2.6212118,1.0563865,0.0,0.0,206.2222840976923,31.64320766083892,1,0.8584800783213333,True
659753126090987776,129.55580340130007,0.09885139,19.141569582367236,0.066952266,5.413109807148226,0.14985144,36.123177,-35.827641867418365,0.13710064,-12.195588089448927,0.08194995,17.599659,19.378592,16.325083,3.0535088,1.7789326,1.2745762,900.56744,,,0.983591,0.0,0.0,206.28867729279455,31.81981247633262,1,0.8636553127867552,True
660096173718592896,131.83452837004302,0.021960253,18.036701796853055,0.011181336,3.165662544813864,0.027612245,114.64705,-24.21274826907227,0.02841178,-7.788653481612343,0.01936063,14.345541,14.989676,13.578316,1.4113607,0.6441355,0.76722527,5025.949,48.20711,3.423205,0.9984915,0.0,0.0,208.42783374808084,33.444813969825915,3,0.8184262589247312,False
660255121868154624,132.50637054894057,0.08127819,18.81457094958184,0.045267403,3.836237301059004,0.09364881,40.964077,-30.56941905373716,0.10172064,-12.395915436478695,0.07859097,17.353865,18.798838,16.1569,2.6419373,1.444973,1.1969643,1137.4242,,,1.0382,0.0,0.0,207.82465244326085,34.316938815128054,3,0.8689843113941191,False
660297796663113344,131.77051784074928,0.09837438,18.928450409755104,0.051500678,5.428775947686966,0.11841647,45.84477,-37.42464251806642,0.12711444,-12.15746597918141,0.08588109,17.490103,19.258078,16.203062,3.0550156,1.7679749,1.2870407,1041.6288,,,1.0941876,0.30324897,2.0751913,207.40141932104837,33.7047960531534,1,0.5683850857440621,True
660353214625345280,133.83290099984475,0.21377158,18.556575760663407,0.10098676,4.236050389034979,0.2614848,16.199987,-31.71433382631797,0.26460844,-27.84281076923687,0.17800078,19.047047,19.110136,19.013151,0.09698486,0.06308937,0.033895493,553.69324,,,1.001344,0.0,0.0,208.6567060121064,35.4029956689113,-1,0.0,False
660555838298288512,133.8704957842789,0.06616775,19.25646379181086,0.029863145,4.5248493017638385,0.08892896,50.88162,-38.18410455270585,0.08305742,-11.078325409900865,0.06227539,16.846783,18.23935,15.69518,2.5441694,1.3925667,1.1516027,1643.802,,,0.96934706,0.0,0.0,207.86541777937535,35.679665075075775,-1,0.0,False
660672214732642432,133.33334557087534,0.024795897,19.520485903309776,0.0136396205,5.323143327017857,0.028309084,188.03658,-23.394958649891137,0.02949063,-23.459257300192192,0.023142312,15.094299,16.189636,14.051409,2.1382275,1.0953369,1.0428905,2281.4836,21.752922,3.1894534,1.047532,0.03091623,0.2530407,207.3475076427351,35.29417222947948,-1,0.0,False
660696227893282176,132.64586635342397,0.2539895,19.361277110335617,0.13642986,6.425595769663808,0.28307,22.69967,-21.579541339077046,0.3166919,-13.1121796187677,0.21855757,19.218237,19.340595,19.107065,0.23353004,0.12235832,0.11117172,421.0666,,,1.1140342,0.7941822,1.8000606,207.25845840716863,34.63062758032436,-1,0.0,False
660725571110046080,132.55678924144,0.2398979,19.68997546953562,0.12293707,5.713309430612443,0.25377235,22.513523,-37.53569437682485,0.28493252,-13.175964021930852,0.19643939,19.014072,21.003498,17.681463,3.3220348,1.9894257,1.3326092,465.6069,,,1.0179018,0.5049635,0.8966121,206.8481408856915,34.66451863506972,1,0.3655301236282493,True
660750172682777856,132.66032925243573,0.08690064,19.78975079140521,0.045754712,3.1009577298040663,0.0960247,32.293335,-24.102679422690844,0.1027618,-23.80975580726271,0.07514141,17.459455,18.974094,16.25292,2.7211742,1.5146389,1.2065353,1057.6802,,,1.0856621,0.21377876,1.1175898,206.77440737959463,34.79013869017983,-1,0.0,False
660776595321126656,133.6955805094763,0.16204661,19.786423369708412,0.08711678,5.8550701541520045,0.18877403,31.01629,-41.53846175332731,0.20173341,-13.35432918260664,0.14684032,18.639534,20.530945,17.31966,3.2112846,1.8914108,1.3198738,589.352,,,1.0029,0.15568908,0.14720216,207.18277611704465,35.70540007367587,1,0.16263643434911207,True
660928259206807808,130.633397377117,0.025329994,18.59106065533914,0.012327308,5.411437551520839,0.03045433,177.69025,-35.895765424685735,0.031063117,-11.856119067551564,0.023428014,15.10981,16.252836,14.047558,2.2052784,1.1430264,1.062252,2854.002,31.617664,3.1933029,1.0305505,0.0,0.0,207.3239876838645,32.578329235268875,1,0.8571758857024279,True
661004400386393984,130.3439043671192,0.015642166,18.933818886581772,0.007447787,5.396196452308119,0.01861086,289.94882,-36.58363859530676,0.0187477,-12.452091663796445,0.01491501,12.648937,13.186989,11.96533,1.2216587,0.5380516,0.6836071,2368.674,33.04468,1.148312,0.9939663,0.05949701,4.4331937,206.8286887507355,32.443559989287095,1,0.8199697402513805,True
661116241335005056,131.15147866586528,0.25095472,19.288220136420097,0.10790051,5.5937427911355675,0.30963144,18.065811,-37.53468987560004,0.3128491,-12.93887574523078,0.22137249,18.81157,20.5597,17.487478,3.0722218,1.7481308,1.324091,502.35583,,,0.9997801,0.5919735,5.5332103,206.7521212564216,33.28244594429994,1,0.4876160249186817,True
661142393392058752,131.13258161669444,0.072927125,19.55475631180187,0.03466035,5.37125257559608,0.094623685,56.76436,-37.58567200222524,0.092023134,-12.883726202890436,0.06855829,16.842224,18.437551,15.605957,2.8315945,1.5953274,1.2362671,1008.68713,,,1.1534022,0.28319556,4.0016675,206.44555244873936,33.358173876360105,1,0.46565017428277733,True
661185755383916160,130.11746573702337,0.02817296,18.93575590017441,0.018459985,5.406045793257529,0.037173964,145.42558,-35.988843096758046,0.034615904,-13.461205600733564,0.024935981,14.959295,16.048931,13.9208145,2.1281166,1.0896358,1.0384808,2361.589,44.33847,5.949457,1.0530388,0.06162461,0.8654984,206.73696120428187,32.24387627471345,1,0.9690936836777794,True
661186683096853248,130.0592753497239,0.015207941,18.958671739192617,0.009688254,5.42981914504594,0.017993497,301.76566,-36.06012902924939,0.017609723,-12.492260588297889,0.013175278,13.323774,14.017173,12.52172,1.4954529,0.6933985,0.8020544,2434.4197,36.752357,1.6519634,1.0217605,0.0,2.3767427e-15,206.68862462520403,32.200493094735734,1,0.9611436307699565,True
661190153430426880,130.02364747228592,0.013581578,19.025129213225387,0.008225426,5.362769906739687,0.016276294,329.4835,-34.946810725982154,0.016199281,-12.574537056923702,0.011022442,12.306109,12.8715,11.587568,1.2839317,0.5653906,0.71854115,647.86786,28.41557,11.860475,0.9605141,0.025843492,0.84130275,206.60109178943577,32.19244549225225,1,0.9887895551107911,True
661206577385260800,129.99177383151326,0.01633826,19.201574098100743,0.010294569,5.460793461118429,0.023796212,229.48163,-36.69668649304156,0.02165238,-12.751848257603909,0.014750674,9.382404,9.585729,9.030169,0.5555601,0.20332432,0.3522358,5442.825,35.26014,0.2562602,0.81462526,0.066234425,4.681208,206.39337365218637,32.226375251105615,1,0.7286642644745744,True
661207024061875456,129.80055219813713,0.017665334,19.11555833987565,0.010819028,5.418459313777593,0.019239066,281.63837,-35.449167830985026,0.021305062,-12.256943167002424,0.014694635,10.447671,10.73025,10.003979,0.7262716,0.28257942,0.4436922,1995.1741,35.597,0.48820248,0.9267409,0.07300388,5.9494576,206.4134047930511,32.02703045255566,1,0.8728054998344783,True
661208703392336384,129.78550138605638,0.24733695,19.18987583641656,0.13856052,3.138069265230894,0.28357738,11.066008,-24.89789568419549,0.28778374,-5.892931866733637,0.17990124,18.874966,20.22892,17.671392,2.5575275,1.3539543,1.2035732,418.87692,,,0.9819492,0.0,1.2761724e-15,206.32544780249833,32.03988990088474,-1,0.0,False
661211142934329088,130.08858143218018,0.034436833,19.181090923425373,0.022615153,5.441208748618393,0.04465968,121.83716,-37.3113411901498,0.046560902,-13.965581056483192,0.031837203,14.500714,15.4121275,13.476928,1.9351997,0.9114132,1.0237865,2458.973,31.029627,4.268373,1.0390515,0.18725999,10.885599,206.45403135360465,32.304783124376314,1,0.6260976713771442,True
661229701489213824,130.66415995431646,0.08576141,19.414357921568637,0.037495572,5.348897598460775,0.09447787,56.61535,-36.63938319836052,0.106750235,-13.132728598191356,0.06926106,17.377508,19.113295,16.142378,2.9709167,1.7357864,1.2351303,885.86395,,,0.9967198,0.0,0.0,206.4200031280053,32.895291047623715,1,0.7739867402658694,True
661243273585807872,130.09448268223468,0.016923435,19.46470877122674,0.012056877,5.411796924962363,0.021092271,256.57727,-35.37086215936917,0.01885949,-12.809025694678096,0.015022191,10.54489,10.834932,10.094837,0.74009514,0.29004192,0.45005322,3081.961,35.961964,0.34354,1.0117242,0.08709832,9.14073,206.1418069816717,32.4092275824473,1,0.934489742884313,True
661247671632285312,130.3622401459166,0.015826115,19.542407493260043,0.008155953,5.51211205574567,0.01772971,310.89688,-37.15162764842696,0.019241612,-12.837923676027454,0.014367417,9.722683,9.950512,9.340509,0.6100025,0.22782898,0.38217354,6274.9243,34.59475,0.21081781,1.0359987,0.10133149,14.620113,206.15953203503233,32.672887201261126,1,0.6262853422412047,True
661253027453650432,130.45839401003226,0.028301906,19.65955803580441,0.014747007,5.491447471147377,0.03376174,162.65298,-36.121924346656,0.032983728,-12.67972625668492,0.02324724,15.247327,16.42469,14.167236,2.257454,1.1773634,1.0800905,1600.9817,32.750187,4.160705,0.9907385,0.011953891,0.031621475,206.06620193148032,32.79844994675347,1,0.7765297429525392,True
661267325402674048,129.97652346260807,0.10442955,19.460272197765903,0.067174874,5.983779100348502,0.13201898,45.32514,-37.05659612212485,0.14848696,-12.535631608486584,0.11952169,17.28342,18.988092,16.026972,2.9611206,1.7046719,1.2564487,921.51086,,,1.0783848,0.2605694,1.4499387,206.1008294685279,32.30343939556269,1,0.2105897647504351,True
661270898815358720,129.90186937136133,0.10394734,19.51207025051323,0.06385339,5.527403884167145,0.1359052,40.671024,-36.04957547641742,0.12917846,-12.983131823467437,0.08916198,17.652328,17.555208,17.873615,-0.31840706,-0.097120285,-0.22128677,854.75885,,,1.0174735,0.11815368,0.23560561,206.01438807974765,32.25553208569246,1,0.7267501530434182,True
661281206736808064,129.52800875749395,0.09747969,19.57157176220922,0.06420251,5.387011667639485,0.11592244,46.470825,-35.66873100383109,0.1114032,-12.65514503617109,0.07715859,17.318144,19.000298,16.08265,2.9176483,1.6821537,1.2354946,781.3674,,,1.0864767,0.24762522,1.286809,205.80359734718783,31.946034722969717,1,0.8388858040855915,True
661285707862587520,129.79209522665747,0.017338192,19.678369515924658,0.009831017,5.478409421280695,0.022199787,246.77756,-35.73857669375813,0.022373391,-13.22031660827777,0.014909736,9.326675,9.525564,8.978461,0.5471029,0.19888878,0.34821415,5865.67,,,0.9015118,0.07630335,6.2236395,205.7875389398313,32.216395896498526,1,0.8381023184641966,True
661297901272035456,130.11689239590095,0.09739042,19.7261869490101,0.06479958,5.278076571795517,0.11471286,46.011204,-34.70411489466421,0.120448254,-13.496378149561387,0.08071904,17.684801,17.623768,17.747265,-0.12349701,-0.06103325,-0.06246376,890.4676,,,0.9782971,0.0,0.0,205.85986146363905,32.5198066083692,1,0.5843377316760752,True
661320067600915328,130.12727053825785,0.040648587,19.932942613262497,0.026509324,5.384086415240093,0.04931192,109.18428,-35.57152997349438,0.04956939,-12.39725231762866,0.033604648,16.026352,17.42406,14.859593,2.5644674,1.3977089,1.1667585,1472.2511,,,0.9698848,0.0,0.0,205.6335925042961,32.6002711298421,1,1.0,True
661488052360088704,132.0980701027003,0.053233482,19.836551473972627,0.027661141,5.494214067377399,0.067527,81.36322,-38.05950073228297,0.06633579,-13.02393905024018,0.046183486,16.541534,18.0741,15.33682,2.7372808,1.5325661,1.2047148,1366.7119,,,0.9822629,0.0,0.0,206.50236635508156,34.30868140981948,1,0.48630899702134595,True
661775845232285312,131.50798261925465,0.20552467,20.53413709627313,0.0941873,5.338010911486763,0.2506752,21.29453,-36.90762829425039,0.30974892,-12.911408311175698,0.23233509,18.611591,20.199415,17.29611,2.903305,1.5878239,1.3154812,565.20294,,,1.0035001,0.0,0.0,205.48277785980648,34.02289718011759,1,0.6318996818155601,True
661779796602531712,131.37687426799198,0.020221272,20.590107136248857,0.009880148,5.440263475795606,0.0237709,228.86232,-37.029038492354374,0.02491085,-13.285401938219549,0.019354384,9.725906,9.949029,9.3495,0.59952927,0.2231226,0.37640667,5741.301,34.91552,0.4743073,1.0595291,0.10906414,15.744115,205.3696611749932,33.925933259031396,1,0.6991825900808568,True
661806086098496000,131.5542779598992,0.014661825,20.728623258855094,0.0075281747,5.539845427517337,0.018412128,300.88025,-36.922563778182194,0.018225316,-14.187695444530592,0.012879483,12.602436,13.142374,11.917197,1.2251768,0.539938,0.68523884,4139.7554,34.158707,0.86147326,1.0615741,0.060414143,4.5928526,205.2788697550559,34.12861381528377,1,0.45620521711137063,True
661844839587404160,131.12513449422244,0.15616101,20.79495831861308,0.064262785,4.763757717532701,0.16607298,28.684725,-22.456579940041788,0.16978957,-16.061866721074406,0.1166951,18.232435,19.914074,16.98844,2.9256344,1.6816387,1.2439957,821.80396,,,0.97815067,0.0,0.0,205.04254175848376,33.77225508206621,-1,0.0,False
609886253681604480,132.50515058216507,0.21128435,15.449468928977486,0.119668834,4.2542283359658235,0.25098288,16.950274,-22.94649192807259,0.2591453,-17.51656748055737,0.18179639,19.102047,20.594067,17.885115,2.708952,1.4920197,1.2169323,526.38837,,,1.0213454,0.0,0.0,211.58564047698647,33.078042593029494,-1,0.0,False
609956759864697984,131.4796215729285,0.11055955,15.151319615735042,0.057182707,4.106187889940011,0.13127159,31.280098,-35.036086144896295,0.14391057,-9.454404612935871,0.09677032,17.857197,19.602736,16.60935,2.9933853,1.7455387,1.2478466,859.844,,,1.0486052,0.28269067,1.246256,211.4586768870216,32.050464849322516,-1,0.0,False
610194662397070080,131.8484521734532,0.13759427,16.413643996364808,0.07733041,5.606582958901873,0.15301767,36.640102,-38.80413504675249,0.17221814,-11.607025350811323,0.13670304,18.070705,19.959091,16.784319,3.1747723,1.8883858,1.2863865,774.43945,,,1.0647664,0.35259604,1.3882554,210.23655558746657,32.86042172510855,1,0.3424222907555466,True
662193320350939904,126.9220595963224,0.16332172,17.902737525907963,0.10396551,4.851395554969387,0.19938055,24.332342,-29.831466724103844,0.20634821,-10.682503909243234,0.15256006,18.4639,20.369274,17.155361,3.213913,1.9053745,1.3085384,764.1696,,,1.032214,0.3628345,1.0684539,206.58370323221345,29.04381108260049,1,0.1952917900274239,True
662305539253888128,127.30251309505384,0.10941897,18.689344692531805,0.076624736,3.8485759775947823,0.12486648,30.82153,-24.417911178354466,0.1399727,-6.495651442922696,0.092330575,17.46014,18.858904,16.228975,2.6299286,1.3987637,1.2311649,729.3033,,,1.2177935,0.47955728,3.6432319,205.89476100422448,29.667238758563144,-1,0.0,False
662402055761471488,125.40373809196826,0.07087475,18.21193652532808,0.044288464,5.448828044242785,0.08701289,62.62093,-30.081016217375172,0.08384369,-21.89228686148996,0.05449048,16.872618,18.338184,15.695069,2.643115,1.4655666,1.1775484,1257.4564,,,1.0785902,0.13756561,0.723054,205.65132549502476,27.816149228720807,-1,0.0,False
662493658822195712,126.9097217300117,0.11796505,18.751457072833276,0.07655974,3.179834539402464,0.1642928,19.35468,-43.24493813096828,0.14250354,0.5653257974624966,0.108925685,17.680086,,,,,,717.19464,,,1.0291271,0.28246567,1.453734,205.67372501629103,29.34282541456932,-1,0.0,False
662504997537433216,126.77081470086722,0.038913924,18.75305816189334,0.026232447,4.544073327585761,0.044009704,103.251625,-23.783334345350255,0.045472324,-8.570208601875592,0.035959695,16.019602,17.475153,14.833477,2.641676,1.4555511,1.1861248,1732.746,,,0.99766827,0.0,0.0,205.61746648814847,29.22077726226576,-1,0.0,False
662632987562951808,128.2030758747345,0.054554865,18.677931339562463,0.036550827,5.026210747719568,0.06605261,76.094055,-33.173055988128446,0.07403227,-12.20313452264444,0.044124905,16.36809,18.01647,15.1196575,2.8968124,1.6483803,1.2484322,878.55524,,,1.0522527,0.11003768,0.7256581,206.26235148580477,30.458886750974933,1,0.29806405037674755,True
662912813272290688,127.71242960638334,0.017920863,19.352407023656323,0.011377296,5.480396400994371,0.02042813,268.27695,-34.96467830990454,0.021091742,-13.65288306365686,0.015960133,14.115659,15.002796,13.188447,1.8143492,0.8871374,0.92721176,3470.5686,36.66305,2.2520268,1.0640413,0.0,0.0,205.34022268439276,30.26644550982671,1,0.7081620656386349,True
662998983199228032,127.16604768494553,0.14130242,19.72862876405862,0.0942677,5.1115639074212895,0.16313829,31.332706,-32.604021560847784,0.16619821,-12.856677549279242,0.1195443,18.26853,18.241735,18.368456,-0.12672043,-0.026794434,-0.099925995,669.8169,,,0.9871446,0.0,0.0,204.72306730183803,29.917805910996336,1,0.23246279810105971,True
663044514149509888,128.00767959091814,0.06515141,19.97970886897247,0.04471532,5.4293248819872035,0.07544846,71.96071,-34.95137387999458,0.07353953,-13.72498599233524,0.056281082,17.075987,18.761768,15.834039,2.9277296,1.6857815,1.2419481,1306.0232,,,0.92476094,0.0,0.0,204.7719851465289,30.74720028452572,1,0.6993239938959901,True
663925184306388608,127.52279803345036,0.078583896,20.883384145623523,0.052954193,5.277363955823124,0.09733886,54.216415,-23.24109833145503,0.085835315,-19.03309476741808,0.06748925,17.202698,19.145508,15.889607,3.2559004,1.94281,1.3130903,1160.7896,,,0.9563492,0.0,0.0,203.60339200083527,30.632229513416835,-1,0.0,False
663969302210812032,127.2086995414425,0.15395005,20.88547573991091,0.10857118,4.658621841227565,0.19358683,24.064766,-29.700850276055036,0.1803447,-10.32496585170027,0.13006395,18.485607,20.169811,17.230177,2.9396343,1.6842041,1.2554302,575.2548,,,0.99503976,0.17264672,0.17807642,203.48474044550153,30.35714432563487,1,0.16130214401527285,True
664043970218806016,126.3841297950919,0.06805233,20.65928029246457,0.042211935,3.43494267021357,0.07866805,43.663757,-48.09804011623777,0.077075146,-21.28513544545369,0.052166015,16.901497,18.143263,15.803265,2.3399982,1.241766,1.0982323,1310.7462,,,0.99117154,0.0,2.2469334e-15,203.42351022034993,29.55543206217691,-1,0.0,False
664124200207743360,125.62124400246256,0.13446565,21.004295820629736,0.09283081,3.3952588675745496,0.1490654,22.776976,-41.33697783267763,0.15705569,-15.650402359573,0.11783927,18.223505,19.760454,17.066586,2.6938686,1.5369492,1.1569195,595.96716,,,1.0298432,0.33197457,0.9958942,202.76954890289176,29.00582910936319,-1,0.0,False
664353757620108544,129.13893433366368,0.03595855,19.915044170012443,0.02130166,5.416654579960152,0.04176751,129.68584,-35.18651294077219,0.040918868,-14.198125937964358,0.028123708,15.428356,16.639854,14.331437,2.3084173,1.2114983,1.0969191,1643.6647,39.149853,7.4179106,1.0285953,0.0,0.0,205.274743786481,31.72197064975198,1,0.6103930518566086,True
664359942372888448,128.9975185330955,0.08496184,20.077866610789044,0.062129233,5.475568955549563,0.10121849,54.096527,-35.55066347517561,0.097527064,-13.324451083074278,0.07331883,16.969326,18.657642,15.697326,2.9603167,1.6883163,1.2720003,539.14667,,,1.211905,0.43364292,5.6619315,205.04121274338132,31.653541483367956,1,0.7533529236937504,True
664406431098849408,129.30682922037,0.06025233,20.3674016415358,0.040258653,5.03996863812455,0.07228983,69.71892,-23.104050915782626,0.07491861,-10.881585834727243,0.05295511,16.68354,18.163448,15.504111,2.659337,1.479908,1.179429,1039.763,,,0.9667199,0.0,0.0,204.83837258163155,32.025533701756416,-1,0.0,False
664417494934591488,129.3023765404815,0.020959865,20.544777384083297,0.013411434,5.448084935414177,0.026374564,206.56587,-35.93087072764166,0.027103318,-14.649741012225956,0.017695801,14.131765,15.010277,13.204417,1.8058596,0.8785114,0.92734814,2391.9753,35.74181,3.1626394,0.9495878,0.0,0.0,204.63993163571956,32.08203272078568,1,0.4802309622776182,True
664499954009909760,129.69020166156548,0.09177946,20.662157384839652,0.065413475,5.418149123731666,0.10715144,50.56534,-35.75117984924117,0.11062229,-13.1361835416044,0.08257258,17.54083,19.266266,16.291267,2.9749985,1.7254353,1.2495632,779.06396,,,1.0163996,0.0,2.4927487e-15,204.65474673588832,32.46335138820394,1,0.9538183401174898,True
664605889380126336,129.0261174880033,0.030758556,20.683260961288884,0.019488037,5.438266853420024,0.03644889,149.20255,-38.50985911867883,0.036337662,-12.993543953448096,0.027820453,14.645986,15.694567,13.628495,2.0660715,1.0485811,1.0174904,2589.5503,31.12258,3.9380512,1.3684142,0.17043403,9.684597,204.38287244631735,31.885826796408143,1,0.33018648577543724,True
664658700297947008,128.1350042603307,0.05221072,20.844672897459915,0.03322468,5.351097726320424,0.06227888,85.92155,-33.91622919783107,0.0591638,-13.974195315429087,0.040469915,16.468655,17.99315,15.264369,2.7287817,1.5244961,1.2042856,1201.2523,,,1.0413767,0.037408616,0.09572319,203.87287535036305,31.15690032961707,1,0.4962706504433863,True
664705773139587968,129.4725093038755,0.10031599,20.872902876083852,0.077211656,5.188447996034918,0.11960361,43.380363,-36.05098868767851,0.11820206,-13.129903856455584,0.09156998,17.81868,19.700645,16.533354,3.1672916,1.8819656,1.285326,660.2469,,,0.9416589,0.0,0.0,204.3385045729993,32.34270773795199,1,0.41341106888426316,True
664720955847522432,129.2095778622815,0.4256532,20.941189807855217,0.3037369,6.929935516150918,0.57399595,12.073143,-37.098626444384266,0.5466502,-14.666458591856872,0.36428759,19.906843,21.354765,18.51521,2.8395557,1.4479218,1.391634,236.6162,,,1.0149889,1.0736097,1.1552995,204.1648501577172,32.13433830173063,-1,0.0,False
664741060590876416,129.8198846330805,0.013561599,21.210821179618236,0.008657723,4.149318633268124,0.0154121285,269.22424,-27.960671033364022,0.014716899,-0.079545196303664,0.011283441,13.144808,13.632902,12.499944,1.1329584,0.48809433,0.6448641,7224.917,-3.83246,2.1868565,0.9630964,0.0,1.1904544e-15,204.0891168375191,32.761173761132504,-1,0.0,False
664764322133679360,129.56993531429518,0.043246355,21.498232399729545,0.028140174,3.8862861930045023,0.049608756,78.338715,-45.58117590337883,0.050821718,-12.283385116943483,0.034341693,16.00304,17.0099,14.86236,2.1475391,1.0068588,1.1406803,1601.6306,,,1.0084001,0.08826703,0.67614233,203.6752972678194,32.63656910999219,-1,0.0,False
664775729566784512,129.10460803878925,0.029080173,21.14895637397424,0.019738104,5.45038743775819,0.040177263,135.65851,-35.96475495684717,0.036157522,-14.234291761963483,0.02635916,15.357933,16.55763,14.27351,2.2841206,1.1996975,1.0844231,2092.5938,32.9966,5.971264,1.0070548,0.032333307,0.19702928,203.89494106537964,32.11170808543923,1,0.6118333905775994,True
664976218639479296,130.7618785305484,0.088313155,21.75374435792048,0.038804233,6.076284438764768,0.10036118,60.544167,-41.104890418779576,0.1079941,-16.24815457506525,0.08753967,17.30675,19.251421,15.993026,3.2583952,1.9446716,1.3137236,1098.2344,,,1.0112085,0.23913951,1.780952,203.8193913703562,33.767275764205046,-1,0.0,False
664989722016905728,131.45262770442102,0.048706047,21.532342903808537,0.024044072,5.6866426037580045,0.055402387,102.642555,-38.837654930418374,0.056683462,-14.14705962055648,0.039426137,16.387434,17.932722,15.172656,2.760066,1.5452881,1.214778,1532.9897,,,1.0561204,0.035069842,0.09943209,204.32316976688475,34.30296402362321,1,0.38408460612173023,True
665196876879610752,129.6992773738459,0.111693665,21.759183031868925,0.06682431,5.484146340626882,0.13201214,41.54274,-35.322304970197806,0.13189788,-13.852180291512587,0.09078703,17.812126,19.557938,16.408022,3.1499157,1.7458115,1.4041042,738.6742,,,0.98076445,0.0,0.0,203.42917741577563,32.835795227484795,1,0.6634012323352989,True
665266725930951936,130.81424187236632,0.17371199,22.092896624073877,0.06645642,3.4260460247672904,0.22404918,15.291491,-29.122241583485724,0.24092785,-5.271675904494935,0.14739215,18.290386,19.568727,17.19129,2.3774376,1.2783413,1.0990963,928.80444,,,1.0858561,0.43163288,1.9991434,203.4516101433525,33.92244741229795,-1,0.0,False
665412690396632832,127.80445871433982,0.061646003,20.900070461579908,0.03870509,5.220191270457917,0.06637305,78.64926,-33.05766228710108,0.08003813,-13.919678376900148,0.05927501,16.611855,18.199825,15.383439,2.8163862,1.5879707,1.2284155,1177.963,,,1.0537995,0.13385157,1.0323445,203.6894974519343,30.885306226714825,1,0.2872014569292945,True
665450383029558016,128.31915484419184,0.04987118,21.33893609154269,0.032315187,5.356888205863736,0.05626876,95.20182,-34.25442468905493,0.054362226,-14.115153471483978,0.03913429,16.096382,17.688208,14.870096,2.8181114,1.5918255,1.2262859,878.30804,,,1.0290048,0.10274694,0.969556,203.3960729783508,31.485397125648433,1,0.5050697609183035,True
612247729780258816,134.5512116690838,0.060654756,18.00209136197797,0.046877246,4.275904092133425,0.06694161,63.875134,-42.6695416749525,0.07386879,1.9600739899331956,0.060769867,16.348032,17.50342,15.282129,2.2212906,1.1553879,1.0659027,1602.7415,,,1.0251167,0.0,2.542115e-15,209.5917754982844,35.84452555439178,-1,0.0,False
612383618249428096,135.0273200246966,0.33202955,18.804178216780755,0.23356074,4.535314007030647,0.42179927,10.752304,-30.00253830662588,0.42674538,-1.3569772182892792,0.3305567,19.615837,21.222351,18.255764,2.966587,1.606514,1.3600731,297.4662,,,1.0089581,0.98359746,1.4536518,208.8584898694562,36.54969616536733,-1,0.0,False
651608047031064320,128.74542968150885,0.17066948,14.882571626417612,0.10857709,4.739982113173897,0.19452636,24.366785,-31.52465627937928,0.2141475,-8.156258374115406,0.14894977,18.38519,20.243128,17.100945,3.1421833,1.8579388,1.2842445,542.65936,,,0.9877078,0.10568784,0.06715876,210.5486660798847,29.51373042784524,-1,0.0,False
652996141805564288,126.79663305775048,0.017929817,16.55429539352057,0.011575423,5.277116570799407,0.021394644,246.65596,-32.81334238585847,0.023286132,-11.247291884575157,0.01729298,12.84421,13.414399,12.134816,1.279583,0.5701895,0.7093935,2698.171,37.750694,1.4148837,1.0995065,0.09330295,8.723861,207.95854819304344,28.427860640404617,1,0.3402107792341414,True
656321034905387392,125.54589380253168,0.01570741,17.6319918641577,0.011081194,4.248933705210247,0.019556584,217.2636,-29.538838383119625,0.019531932,-25.914794874331744,0.012952582,10.833376,11.092883,10.410453,0.68243027,0.25950718,0.4229231,4495.877,72.320915,0.51194584,1.0984809,0.10205727,14.643209,206.31666988976417,27.726394538058184,-1,0.0,False
657582380899623552,129.64843625766468,0.2369472,15.137700551574236,0.1499328,4.248210386764447,0.2649865,16.0318,-35.51008061881517,0.27958187,0.3216883329347032,0.20127402,18.781523,20.562845,17.481686,3.0811596,1.7813225,1.2998371,438.62863,,,0.9852783,0.87649894,2.7274868,210.67051434007385,30.416321939327432,-1,0.0,False
657934155901259392,128.60853403870968,0.09949374,16.050936067488962,0.0662153,6.085239811980848,0.11531677,52.76977,-36.11163997925386,0.123548575,-11.57127471153382,0.08480566,17.514471,19.21289,16.26187,2.9510212,1.6984196,1.2526016,676.8466,,,1.0414062,0.061872277,0.06369282,209.24983256120132,29.844056383998975,1,0.15727269212237657,True
658069361470348160,129.59093425368508,0.2506628,16.713232364711804,0.16461506,3.672352001822531,0.28515202,12.878575,-35.65451125382393,0.29816717,-3.808374990313817,0.20708786,19.000483,20.87765,17.772943,3.1047058,1.8771667,1.2275391,380.9275,,,1.0562587,0.5628299,0.98556876,208.95272290908937,30.967133606499583,-1,0.0,False
658463772612207616,129.38318350829206,0.0642574,16.959895783348195,0.047035217,5.452405946838118,0.07802997,69.87579,-35.82856123092426,0.07412965,-10.599040888520358,0.05403803,16.907873,18.497784,15.675916,2.821868,1.5899105,1.2319574,1011.55536,,,0.9500127,0.0,0.0,208.59936418145577,30.87499370424565,1,0.3443809299093945,True
658600459948416256,130.27385380233548,0.055167835,17.541038529232935,0.028657928,5.4086247730147266,0.06196273,87.28835,-37.05009019175862,0.06689706,-11.189587259000009,0.051638182,15.786638,17.15793,14.627648,2.530282,1.3712921,1.1589899,1041.6984,,,1.1742499,0.32796592,14.042036,208.3354259547561,31.880216623785056,1,0.4599020008942885,True
658922406400525696,128.49368793921676,0.20689988,17.32979110982775,0.14858687,3.5577991486593143,0.22462286,15.838989,-31.381189968644456,0.22252163,-7.053060583355754,0.17538448,18.54591,20.130262,17.353771,2.7764912,1.5843525,1.1921387,501.16486,,,1.0341358,0.28584802,0.3752901,207.83348336417708,30.223654302919403,-1,0.0,False
659104998346361984,127.92600833095575,0.1673516,17.39406571545745,0.13403527,3.0130406788520427,0.22585265,13.340736,-21.888114914945486,0.21895073,-6.4738744885172625,0.15757495,18.454521,19.87169,17.23848,2.6332111,1.4171696,1.2160416,518.3295,,,1.0369898,0.0,0.0,207.53239192236572,29.74440294016845,-1,0.0,False
659285833649720064,129.06759289963915,0.019027835,17.381586076189954,0.014413917,5.150967283113342,0.02328355,221.22774,-32.83086476710261,0.023842614,-10.85144028405326,0.016602889,11.310001,11.660991,10.803821,0.8571701,0.35098934,0.50618076,1540.7953,34.683403,0.7378032,0.9946486,0.1369757,23.133162,208.01309084730968,30.751656167716888,1,0.2938689488979562,True
659309232631451392,128.82087675463086,0.087634675,17.6067003812579,0.06073383,5.373867973447703,0.10683003,50.30297,-33.12551715225662,0.10760245,-12.245046208271985,0.07398244,17.197693,18.978659,15.918767,3.0598917,1.7809658,1.2789259,951.8238,,,1.1034302,0.429374,4.625288,207.66885460156817,30.61599443740626,1,0.32744676389860505,True
659386915703346304,130.04894890267744,0.24329622,18.07154307332181,0.15798551,3.3463472456264336,0.27228728,12.289766,-42.548340353272025,0.29822055,-27.85261665009739,0.19541748,18.909075,20.301561,17.722212,2.5793495,1.3924866,1.186863,426.067,,,0.9634502,0.0,0.0,207.66176961893223,31.874029169235655,-1,0.0,False
659426605497226880,129.6807229525535,0.15495773,17.93795090135357,0.09788114,5.077620582062814,0.19867042,25.55801,-35.87670820781963,0.20835373,-11.055691168111384,0.13314632,18.18186,19.989555,16.86993,3.119625,1.8076954,1.3119297,616.26733,,,1.0733864,0.19462602,0.27065775,207.65874807585405,31.49922766911892,1,0.28126918616692675,True
659539541660674688,129.0417708377678,0.22316106,18.181755082441047,0.16802211,4.674504692033295,0.25926203,18.03004,-31.853903041266875,0.24968095,-10.644000978765128,0.18799669,18.91125,20.811293,17.589252,3.2220402,1.9000435,1.3219967,416.73758,,,0.9876856,0.518333,0.92206955,207.1349463060561,31.02175364238532,1,0.1619266263370986,True
659559783843349120,129.13112466185578,0.086342655,18.3152253834632,0.053276476,5.489136066830862,0.09996798,54.908943,-33.7809883259376,0.0931023,-12.769246954924451,0.06968002,17.045935,18.864075,15.76286,3.1012144,1.81814,1.2830744,981.0948,,,1.1017481,0.28214005,2.3626876,207.02551243512093,31.149159676731255,1,0.38357572246186344,True
659597476476211328,128.23679651430203,0.055813417,18.35109451563576,0.036028396,3.450405976062663,0.06497457,53.103943,-34.29585992826746,0.0637427,-10.80110318725188,0.046332903,16.494036,17.71909,15.389365,2.3297243,1.2250538,1.1046705,1564.416,,,0.97977924,0.0,0.0,206.62917021342932,30.37071082843666,-1,0.0,False
659713303154300288,128.91713235687246,0.051255625,18.707824463487047,0.03540502,5.331839227684251,0.060606867,87.974174,-34.47324127823989,0.062013566,-11.508698553490492,0.042635035,16.188799,17.75765,14.963448,2.7942028,1.5688515,1.2253513,909.2055,,,1.0599043,0.13309215,1.1615528,206.51233045796005,31.10097147760105,1,0.589355393906771,True
659721510835420544,129.0878011712828,0.14794017,18.841006010037383,0.098488346,5.057304160602131,0.19926567,25.379705,-33.02275231680325,0.1997793,-12.07643529019263,0.13058916,18.299631,20.09851,17.01808,3.080431,1.7988796,1.2815514,601.45776,,,0.97647053,0.0,0.0,206.4343735464401,31.29946985291704,1,0.27915743057068215,True
659774291689774848,129.26100111201828,0.05382823,19.328413591933774,0.035916377,5.211118148782376,0.063454695,82.12345,-33.50292859387048,0.06583521,-11.508442709356355,0.044884555,15.773745,17.140385,14.620621,2.519764,1.3666401,1.1531239,1683.2385,,,1.3727201,0.3123224,10.411882,205.9678701286513,31.625073882755697,1,0.37862416813573596,True
609515099787549312,130.27397204098708,0.06055167,14.857002352476126,0.028432272,3.475156097926551,0.06941191,50.0657,-27.67583551972668,0.06848627,-1.0935096200697676,0.052389495,16.53304,17.644,15.484669,2.1593304,1.11096,1.0483704,2044.5298,,,1.0487962,0.051838815,0.18475263,211.2448065202088,30.863241084984452,-1,0.0,False
609905426415508224,132.3486146450454,0.08394837,15.66835048529702,0.042820096,3.078031332069472,0.09601003,32.059475,-36.14536412810827,0.10406984,-27.319258968118184,0.066313766,17.344315,18.882927,16.139898,2.7430286,1.5386124,1.2044163,1212.6287,,,1.0370868,0.0,0.0,211.27547242525415,33.02272508550038,-1,0.0,False
610136701814354560,132.45131721682267,0.012776086,16.130931874519444,0.0066847596,5.271211683939451,0.013884217,379.65497,-36.69551065221867,0.015882755,-9.327174422554892,0.011172197,12.285386,12.756367,11.659037,1.0973301,0.47098064,0.62634945,1719.2661,33.122604,0.59486544,1.0001433,0.04803086,3.3015172,210.80928845315393,33.28996973821106,1,0.17594831355152202,True
610158378513683712,132.33473012412412,0.10286648,16.44842285931287,0.05714408,5.560064302105402,0.11255521,49.39855,-37.23459910740948,0.12374118,-9.903811723168396,0.098807715,17.745771,19.724348,16.441055,3.2832928,1.9785767,1.3047161,740.61664,,,1.0089287,0.1522788,0.3809792,210.40697668560423,33.30580530340044,1,0.1934467690824993,True
610214904578795008,132.42862003158666,0.10075869,16.652995604729256,0.05825257,6.655860004025743,0.122349195,54.40052,-26.742844030712092,0.13245524,-24.8340704455138,0.11060538,17.616482,19.632456,16.281303,3.3511524,2.015974,1.3351784,754.2549,,,1.0056574,0.13473435,0.32489622,210.2200369349632,33.465759579665956,-1,0.0,False
611694572352053504,133.37746202757594,0.016181182,16.988501913529817,0.0090658,5.413953075890771,0.019205125,281.90146,-38.561809365527296,0.019176444,-9.25840584357509,0.015248434,9.369868,9.568541,9.025427,0.5431137,0.1986723,0.3444414,6190.745,33.263016,0.313124,1.0973752,0.10773836,16.444422,210.25030648055548,34.433664258526875,-1,0.0,False
660201314517930496,132.18261736659468,0.01917809,18.315283227506693,0.010192963,3.0367507416476585,0.022030432,137.84344,-27.30109324116366,0.022447078,-23.968799628338136,0.018048538,14.241907,14.819943,13.522055,1.2978888,0.5780363,0.71985245,4275.7295,30.316702,2.9066434,1.0364101,0.0,0.0,208.25758087325372,33.85334432315282,0,1.0,False
660752028108681216,132.7164607226793,0.11456171,19.86191298017368,0.061740015,5.814754059515513,0.13153079,44.20831,-30.226421585393183,0.1371622,-0.0972467180685429,0.10265702,17.85538,19.346891,16.655874,2.6910172,1.4915123,1.1995049,886.25574,,,1.0833349,0.35918555,1.9089453,206.7135735829004,34.86431398991267,-1,0.0,False
660765535781942400,133.70175944274962,0.028405726,19.61543474939043,0.013302834,4.388878016422129,0.035243902,124.52872,-33.725482156409086,0.03223482,-23.05672119302652,0.024930486,15.106284,16.079296,14.12874,1.9505558,0.973012,0.97754383,3361.2605,58.563904,4.7229376,0.99487877,0.0,0.0,207.38322943497127,35.65288153886497,-1,0.0,False
660839443579101184,133.15533761878896,0.023445234,20.01200526770519,0.0125421425,3.1914758842608553,0.026727883,119.406235,-31.015570057889388,0.026417367,-9.073542382807544,0.01933173,14.779984,15.536843,13.9396925,1.5971508,0.7568588,0.840292,4288.059,64.00502,3.7549198,0.94267267,0.0,0.0,206.71134759878265,35.30333755017323,-1,0.0,False
660861704393470848,133.3551672437391,0.17948729,20.23308443089728,0.102563895,6.0746473317154015,0.2058225,29.514011,-42.024495532657255,0.23189454,-24.71706754295618,0.15459225,18.707354,20.907093,17.350763,3.5563297,2.1997395,1.3565903,519.9351,,,0.9782756,0.30370906,0.53376675,206.53295149832064,35.554238169893985,-1,0.0,False
660953998946909952,131.33800131941237,0.10344725,18.884227463336735,0.048265886,5.246310052869127,0.12642783,41.496483,-36.65495013108888,0.13270237,-11.876409090182593,0.089101285,17.491493,19.266273,16.242546,3.0237274,1.7747803,1.2489471,843.6855,,,1.0165061,0.18174146,0.7336166,207.2786854956172,33.306158069032804,1,0.48126232768008764,True
660977737230203648,130.49634362104462,0.36183962,18.718563136430937,0.16582109,5.974354431380836,0.45050877,13.26135,-36.49852697956315,0.46682006,-12.539410788897223,0.31592646,19.486225,21.231483,18.128319,3.1031647,1.7452583,1.3579063,363.779,,,0.9703976,0.0,0.0,207.12786402801757,32.502282085243,1,0.2122603418456539,True
660983750184396672,130.5916222531019,0.13314241,18.76822127028446,0.060480945,5.5583524751064,0.16337687,34.02166,-37.06671079329111,0.17477311,-12.371795075566473,0.116686575,18.139982,20.069578,16.840914,3.2286644,1.929596,1.2990685,797.43024,,,0.97989935,0.0,0.0,207.11074275862717,32.60425438009816,1,0.5529326414315867,True
660986297100929792,130.70682728524227,0.03206619,18.859685204306995,0.014979603,5.442855930651925,0.036197044,150.36742,-37.41504456421724,0.03874647,-12.476954087147352,0.027046835,15.108388,16.279238,14.025258,2.2539797,1.1708498,1.0831299,1490.342,34.7386,5.754927,1.3329448,0.16654877,7.7155147,207.05494518271283,32.73860978925363,1,0.6795563255043494,True
661001243587055616,130.4024075462538,0.04915308,18.904237493712372,0.022428134,5.305627916735575,0.0633111,83.80249,-36.61298978817565,0.06375252,-11.924983382339342,0.044507198,16.165894,17.674152,14.962377,2.7117758,1.5082588,1.203517,1746.9691,,,1.0089806,0.0,0.0,206.88465953352875,32.48488507999431,1,0.5219471301408768,True
661001514168394112,130.3877063101766,0.16849571,18.935697960234464,0.07927399,3.5412986613011515,0.20710528,17.099026,-42.23632310607009,0.19823022,-17.99903271759281,0.14612459,18.165167,19.558573,16.963984,2.5945892,1.3934059,1.2011833,713.96326,,,1.0916626,0.42490476,1.661755,206.84394465495868,32.482986309422415,-1,0.0,False
661031480156796544,130.58352129927917,0.013352725,19.151524879327823,0.006451885,5.357064697030476,0.014322645,374.02762,-36.06625496240821,0.01519566,-11.650957463567716,0.01185179,13.085061,13.723373,12.321145,1.4022284,0.63831234,0.763916,4866.5386,34.45568,0.8630717,1.0235926,0.0,0.0,206.68142203193503,32.73218370219922,1,0.8571758857024279,True
661117134688210560,131.27440647594935,0.10266793,19.29925993526335,0.04463946,5.265668358633074,0.1246775,42.23431,-37.08640377588869,0.12474285,-12.434374209245217,0.08232697,17.475943,19.168306,16.22934,2.9389668,1.6923637,1.246603,1083.8353,,,0.9712896,0.0,0.0,206.78806067843985,33.39505988268153,1,0.5054847145915248,True
661201560863542016,130.1812318709112,0.19442002,19.22897023894913,0.108479716,4.350730190875024,0.26978037,16.126934,-33.71255047046906,0.2508739,-21.476074858961137,0.16626371,18.26954,19.816301,17.084696,2.7316055,1.5467606,1.184845,686.4779,,,1.0905211,0.45058885,1.4298109,206.43730374725163,32.40351501726374,-1,0.0,False
661216743570426240,129.96789753364206,0.01593877,19.312577682374833,0.009993869,5.429122654022656,0.020537531,264.3513,-35.913927695916016,0.020614212,-13.597653614833543,0.013831602,10.114902,10.370845,9.700335,0.6705103,0.2559433,0.414567,3842.5342,34.387356,0.34645873,0.8932787,0.080271125,7.513469,206.2611326796424,32.24419817813692,1,0.9690936836777794,True
661216885306765824,129.92714337629764,0.06814448,19.307940773588097,0.038713627,5.112760458317328,0.08814571,58.003506,-34.68078517364411,0.08845386,-12.977145371815707,0.053653184,16.655863,18.348616,15.396097,2.9525185,1.6927528,1.2597656,1145.0842,,,0.9850176,0.0,0.0,206.2503414916397,32.206549224320995,1,0.38925009227384766,True
661243307945543936,130.10624743049257,0.016630953,19.47570653183826,0.012655304,5.425844798490785,0.020155614,269.1977,-35.73444989377458,0.019799858,-12.086059303782246,0.015776554,9.747096,9.977015,9.364058,0.612957,0.22991848,0.38303852,5056.2793,35.692497,0.4017834,1.0855105,0.09587904,10.196755,206.1341734485553,32.42345632579288,1,0.8112462351074137,True
661244647975316736,130.2969396844161,0.030418191,19.529583140362835,0.016827036,5.463028227339808,0.035036523,155.92381,-35.61408962029269,0.036046673,-12.680824290767102,0.024863483,15.463237,16.823227,14.310502,2.5127249,1.3599901,1.1527348,2525.2139,40.170013,6.8180594,1.0406466,0.036291774,0.22318634,206.14843141112536,32.61072280652182,1,0.8500595707559007,True
661253272269624576,130.41322793278553,0.039122023,19.67443812236976,0.020009063,5.535345340159194,0.044309594,124.92431,-36.90138774113468,0.04477277,-12.860103519845833,0.03209873,15.973061,17.403336,14.795727,2.6076088,1.430275,1.1773338,1554.3418,,,0.95179987,0.0,0.0,206.03210226578895,32.76368777942404,1,0.602523983609217,True
661268253115601792,129.9905402852347,0.031002637,19.541420575364736,0.021520622,5.403336785707,0.04485864,120.45254,-35.28531309245936,0.043198425,-13.047255661484844,0.029601699,7.5015326,7.605361,7.293408,0.31195307,0.10382843,0.20812464,4308.64,,,1.093879,0.18911041,22.85397,206.0162622728271,32.34409309897348,1,0.897185579429448,True
661305838371084288,130.29431942534174,0.01753317,19.82947986610345,0.009272821,5.396320308211809,0.019323384,279.26373,-36.33418332840965,0.021675136,-13.421808988370836,0.014102661,8.9524765,9.123121,8.648869,0.4742527,0.17064476,0.30360794,2033.7594,31.526815,0.9558018,0.98250335,0.11057098,15.100641,205.81318936082607,32.712160270997614,1,0.8554216003982344,True
661325908755275648,130.7946912759219,0.02156103,19.52623218061991,0.009693601,5.356002053390971,0.024421737,219.3129,-36.00716459893337,0.0259013,-12.438930256627284,0.01767479,11.595354,11.972906,11.050672,0.92223454,0.37755203,0.5446825,2550.7844,33.814907,0.28153706,1.2783488,0.15873861,46.716476,206.34586796919143,33.049541312278954,1,0.6923855679286771,True
661342710667273856,130.9657235104994,0.01614458,19.913546434961926,0.0071079456,5.344902066156989,0.021564035,247.86186,-35.99780871098942,0.021540925,-13.197836852786352,0.014479441,13.6968,14.472098,12.83746,1.6346388,0.7752981,0.85934067,4854.883,33.98699,1.4865137,1.0852654,0.0,0.0,205.97759220857913,33.33406536945708,1,0.7925110601685105,True
661348517463001216,130.56439410716382,0.04915654,19.815949110536263,0.02322439,5.47743981389377,0.058465514,93.686676,-36.76382869060441,0.055267513,-13.406632509595578,0.041502714,16.25184,17.691038,15.074979,2.6160593,1.4391975,1.1768618,1980.6836,,,0.9626805,0.0,0.0,205.93239950214323,32.94604334558926,1,0.8034765278637381,True
661353770206306560,130.75762306999312,0.14879747,19.901208447295797,0.06470969,5.55823303947578,0.19095327,29.107819,-35.76844804186711,0.19540498,-12.914484959363698,0.13707991,18.136576,20.026396,16.844963,3.1814327,1.8898201,1.2916126,856.65216,,,1.0471815,0.36450362,1.6259822,205.9113274185881,33.14600833444484,1,0.5605905480197372,True
661391982532062848,131.0965300035639,0.07784733,20.232075295987,0.03753735,5.45131920964884,0.09264475,58.841103,-37.821177155670554,0.10103565,-14.415954967336866,0.064601704,17.344418,19.071514,16.098791,2.972723,1.7270966,1.2456264,927.02844,,,1.0146037,0.12584682,0.490411,205.66878177153384,33.558030201681,1,0.47923172204034353,True
661403149445608320,130.503154906624,0.30476692,20.023306250939683,0.1505875,6.060434127462733,0.35909724,16.876862,-36.449692720593234,0.3359111,-13.54285993675684,0.24140888,19.335762,21.36026,17.980911,3.3793488,2.024498,1.3548508,379.94904,,,0.99103063,0.45029536,0.47072047,205.67673938671575,32.96310118435795,1,0.1545978236672177,True
661419023646057856,130.11848647598123,0.05341472,20.097516849627045,0.034275856,5.680342725201561,0.06186882,91.81268,-27.834611965425992,0.05871806,-15.17605367823478,0.042670105,16.574406,17.955633,15.411948,2.543685,1.3812275,1.1624575,1377.9762,,,0.9875133,0.0,0.0,205.44668186745383,32.648971695802445,-1,0.0,False
661424143247274624,130.40553505162856,0.07631829,20.210177213638097,0.040237166,5.184598035800587,0.08478225,61.151928,-34.59880415133028,0.08654415,-12.8175633701971,0.06777822,17.137625,18.798128,15.895472,2.9026566,1.6605034,1.2421532,804.9384,,,0.97776234,0.0,0.0,205.4301322610264,32.94071538307939,1,0.4916290471584687,True
661438913637806208,130.75210802817932,0.028188616,20.33774305212752,0.011310514,5.4373198732935375,0.03467682,156.79985,-37.21483983973308,0.03453606,-14.306663662051252,0.024373338,11.260078,11.617512,10.735025,0.88248634,0.35743332,0.525053,2872.1843,34.511696,0.31820035,1.1639187,0.17979829,52.574783,205.4186141163067,33.28981552019212,1,0.5404888201090668,True
661458365546507776,130.82415376641725,0.019995535,20.51034659539519,0.009312336,5.536739541858072,0.024676112,224.3765,-38.27686624340758,0.02438294,-11.28791290274124,0.017422184,11.608485,12.029002,11.014606,1.0143957,0.42051697,0.59387875,2420.6511,33.135056,0.3465975,1.2337991,0.14363779,38.52993,205.25137333274455,33.41161237414085,1,0.3834975200317338,True
661492274311844352,132.03088029336223,0.0897218,19.9163896123047,0.043651257,5.32659098312206,0.107362114,49.61332,-37.59214715769133,0.10000604,-13.08151333430813,0.07352994,17.348492,19.031921,16.099873,2.9320488,1.6834297,1.2486191,1054.0845,,,1.0036862,0.0,0.0,206.38546935383553,34.27643801521965,1,0.3973721516290209,True
661541374377652992,131.7475657907137,0.21107088,19.91646075708455,0.10551598,5.043250752944458,0.24441661,20.63383,-35.935421522692266,0.2624279,-12.427213067266807,0.23060381,18.763573,20.768164,17.433163,3.335001,2.004591,1.33041,534.3875,,,0.96536,0.0,2.115493e-15,206.275864648524,34.02598740334533,1,0.319892839176014,True
661598175321463936,132.2080948897286,0.030478308,20.443274363971295,0.014416642,5.346993708395603,0.034427226,155.31294,-37.340497284650155,0.036595833,-12.502018868988737,0.023357518,15.164766,16.315903,14.100478,2.2154245,1.1511364,1.0642881,1933.0905,31.886158,4.68292,1.0677642,0.04132077,0.4007184,205.85192267658823,34.61060893010522,1,0.5750880161939127,True
661655212487055872,133.52381810577342,0.09417687,20.804623455474847,0.051651984,3.754767071742886,0.109715156,34.222866,-30.70891284031179,0.11156095,-6.4262882149916924,0.08908912,17.510973,18.921083,16.344175,2.576908,1.4101105,1.1667976,1086.8274,,,1.0536577,0.25119236,1.3688803,205.93282842571824,35.89222627182774,-1,0.0,False
661778284774012928,131.54864812761963,0.048476916,20.633494312083194,0.023529666,6.140920710664399,0.05937602,103.424255,-32.425340953213635,0.06146697,-10.231731934345325,0.04462821,16.152094,17.40877,15.031767,2.3770027,1.2566757,1.120327,1672.8268,,,1.023022,0.0,0.0,205.38509025022387,34.09197078721347,-1,0.0,False
662081479402902784,127.08621234746884,0.011999674,17.68885182214823,0.007791784,3.096382961092232,0.013989226,221.34055,-23.97280392861695,0.013707716,-3.3647982225796937,0.009645325,12.372016,12.69713,11.884733,0.812397,0.32511425,0.48728275,5592.3354,24.91953,0.94014,0.94274336,0.045806292,3.075569,206.87719151524863,29.11002542116733,-1,0.0,False
662103259180667648,126.26594612886926,0.17308627,17.443208292852226,0.105960235,3.638404803512972,0.19353399,18.799824,-25.202717126625835,0.21979631,-11.78304233626788,0.15975845,18.629652,18.572021,18.642883,-0.07086182,-0.05763054,-0.0132312775,652.0089,,,0.9559212,0.0,0.0,206.8055320426305,28.29275033539655,3,1.0,False
662164801768892160,126.60419291874352,0.02639397,18.06780665864996,0.018729195,7.001382860647903,0.03382383,206.99556,-26.884790558822857,0.029709978,-24.04618757259063,0.022614624,13.967158,14.947779,12.987919,1.9598598,0.9806204,0.97923946,4366.175,23.350729,1.9313475,1.0011468,0.19140278,22.176958,206.28111118773083,28.823531720681626,-1,0.0,False
662254137087810816,127.0660345359215,0.1027191,18.207719242569084,0.07053015,5.133867164975229,0.11544302,44.471004,-31.81441341203969,0.12823261,-11.232384790528442,0.102598555,17.681787,19.590324,16.381142,3.2091827,1.9085369,1.3006458,1032.8154,,,1.0273267,0.2353647,1.1387622,206.31643777637885,29.283149792150017,1,0.2037882669740085,True
662284369360831232,127.46170065253806,0.25297862,18.399039691807538,0.16599038,5.383313711181834,0.29657146,18.151827,-34.825540490914605,0.29118368,-12.674636739108418,0.21103047,19.009142,20.95513,17.669313,3.2858162,1.9459877,1.3398285,474.32724,,,1.0987451,1.1862715,4.9371386,206.26916151101108,29.70269897444452,1,0.7493093870963327,True
662554956596850304,126.23167189304772,0.33163267,19.051208690481307,0.2232615,5.34393223491538,0.37754127,14.154565,-32.48003816785192,0.3965595,-13.78168697321496,0.2857698,19.542183,21.10167,18.152788,2.9488811,1.5594864,1.3893948,347.47275,,,1.0050458,0.72372824,0.8378265,205.08876197255256,28.852825046360177,1,0.2589218265506049,True
662598211210357504,127.87794526302388,0.09781063,18.385121281448587,0.06781224,4.264498874277443,0.119558275,35.66879,-29.36579444197634,0.11420543,-4.4110534785431845,0.080633804,17.540104,18.89163,16.374922,2.5167084,1.3515263,1.1651821,932.0796,,,0.9903026,0.0,0.0,206.44955296910305,30.065662377028985,-1,0.0,False
662632540886348928,128.26189803766894,0.019040102,18.682581511646376,0.014212412,5.376664336773761,0.025605708,209.97914,-34.03264788379727,0.024639597,-12.695088393015505,0.016350763,12.97333,13.585369,12.231134,1.3542347,0.61203957,0.7421951,3639.463,37.632782,0.9464624,1.115157,0.11467796,11.347415,206.28056345742456,30.51255626942433,1,0.7090881291071675,True
662740739702048512,128.6456140887362,0.09996084,19.073012398182023,0.068127744,5.494288100469331,0.11393439,48.223263,-35.7928989905196,0.11054247,-12.90015149625945,0.084699444,17.347095,19.10309,16.075117,3.0279732,1.7559948,1.2719784,821.16833,,,1.0391692,0.19259347,0.71396923,206.0071893732098,30.991164877581983,1,0.848001415051897,True
662797806930496256,129.0585725703571,0.013849495,19.621439742824517,0.010200215,5.27239044686087,0.016473081,320.061,-34.34597165726581,0.016825551,-12.93755243347815,0.012957945,12.315075,12.795953,11.673087,1.1228657,0.48087788,0.6419878,3332.3818,33.412457,0.68216944,1.0442061,0.064639576,4.8859277,205.56719212670976,31.548978338865393,1,0.6643441087328491,True
662855810465648000,128.82046871577137,0.04312573,19.914760423893917,0.030335171,5.369189651705284,0.058903646,91.15208,-34.630787130674975,0.05622421,-13.697888629430008,0.036256876,15.816538,17.122917,14.659242,2.4636755,1.3063793,1.1572962,1361.5364,,,1.1350135,0.1668013,2.8206909,205.1532407874269,31.441009294341946,1,0.6321890562838072,True
662972118180563328,126.94368230013131,0.062092334,19.580450441797964,0.03775208,3.188118003062302,0.0708081,45.02477,-30.977130462838392,0.06888106,-26.583619367172627,0.04957783,16.549297,17.60451,15.498096,2.106413,1.055212,1.0512009,1298.8772,,,1.1172649,0.14199243,1.2646904,204.79750507116032,29.66953931852322,0,0.921532144575134,False
663070352672827136,128.28092039857805,0.015611763,20.130009573609197,0.010371157,5.484076758838533,0.017235324,318.1882,-34.69613210592395,0.018862111,-13.487165903840664,0.01466766,13.556682,14.304692,12.7173605,1.5873318,0.74801064,0.83932114,4960.0596,37.164803,1.2470833,1.0234953,0.0,0.0,204.71159805567288,31.040092586062897,1,0.7081620656386349,True
663265928302963072,125.09656247345146,0.08587853,19.006125455143454,0.055272717,6.873440628809002,0.10700675,64.23371,-30.17346691414847,0.097838,-22.98580565965315,0.06701383,17.42405,19.149012,16.201347,2.9476643,1.7249622,1.222702,783.3602,,,0.97827554,0.0,0.0,204.69513228512724,27.83620276756944,-1,0.0,False
663800698974475008,126.45804736655884,0.21458033,20.11728091453413,0.13978003,5.409326593582785,0.27921298,19.373478,-34.116523331030834,0.26671058,-14.626910851560815,0.16326927,18.958776,20.876299,17.63,3.2462997,1.9175224,1.3287773,488.3199,,,1.0040761,0.35741517,0.4668783,204.03488340360695,29.431397104504995,1,0.3669634985371536,True
663864539367897600,127.12687068850192,0.21240208,20.259626831690145,0.13644484,3.1549704657474136,0.23040378,13.693223,-26.123846123959645,0.24925315,-3.690126145282147,0.1865226,19.094988,20.740833,17.84943,2.8914032,1.6458454,1.2455578,445.28098,,,0.9796825,0.20180537,0.15235135,204.13390823585968,30.06929874131733,-1,0.0,False
664118943167821056,126.02567497744715,0.074021116,21.057437309110885,0.05044795,3.7648069882316766,0.09303099,40.46831,-25.066452018311193,0.08563061,-5.307754815049896,0.058236636,17.175095,18.571213,16.022707,2.5485058,1.3961182,1.1523876,1082.3011,,,1.016696,0.0,0.0,202.86150017963175,29.378494564501647,-1,0.0,False
664252465111125760,126.5655623992923,0.011830646,21.569856477771975,0.008520798,4.046426709722856,0.0137056755,295.2373,-22.43014935660413,0.013361029,-9.528728501654085,0.011064404,11.990866,12.324763,11.48972,0.83504295,0.3338976,0.50114536,4561.2104,22.095907,0.8450424,0.8839533,0.05153983,3.79424,202.50431706999268,30.02601751051804,3,0.8584269709140286,False
664281911407300480,129.4190462123092,0.06101814,19.55081503992036,0.039519068,5.720217693259836,0.073734954,77.5781,-38.264825442701536,0.070019245,-13.832793588283009,0.047933795,16.551025,18.111725,15.342001,2.769724,1.5606995,1.2090244,1001.9525,,,1.053116,0.18586975,1.8701622,205.78432296929873,31.842570052656857,1,0.4163596607416003,True
664286996648579968,129.28515103081645,0.0841543,19.642692031312823,0.05651494,3.1907055241522486,0.09642087,33.091442,-24.335674340861537,0.09620189,-21.924487764736963,0.066781506,17.272957,18.516861,16.145964,2.3708973,1.2439041,1.1269932,1140.2222,,,1.0137788,0.0,0.0,205.6312441541941,31.756394582114503,-1,0.0,False
664337638605616000,129.61865842150252,0.11429983,20.126575805167622,0.07174826,4.006715107610393,0.15424284,25.976667,-21.675453676973422,0.16081965,-8.644703609712852,0.10235173,17.816736,19.29565,16.647072,2.6485786,1.4789143,1.1696644,762.79974,,,0.9896474,0.0,0.0,205.22379063831283,32.21799237554226,-1,0.0,False
664391102359279360,129.297532386377,0.33832058,20.22931251452896,0.23133788,6.562966508208176,0.40360597,16.260826,-22.240354794613545,0.37028483,-23.47718119710773,0.29176435,19.204182,21.16701,17.816114,3.350895,1.9628277,1.3880672,305.40662,,,1.0562923,1.0695493,2.5109658,204.9878539287408,31.97009086312862,-1,0.0,False
664402170491377920,129.53025722474055,0.03625699,20.44874660071589,0.024614947,5.570036802826336,0.04349099,128.07335,-37.19733802347624,0.042145196,-14.810189146386492,0.030814696,15.513262,16.771978,14.38913,2.3828487,1.2587166,1.1241322,1375.9796,,,0.9838011,0.0,0.0,204.8323449265852,32.250124435025874,1,0.39871166510356554,True
664438248216250880,130.19893320431558,0.04856434,20.47990099281192,0.026753712,5.431092464621049,0.054139946,100.3158,-36.99021445681379,0.05523607,-14.06458420779753,0.03722979,15.96535,17.432035,14.78213,2.6499052,1.4666853,1.1832199,1321.6521,,,1.0957469,0.13572042,1.6922137,205.0496766570668,32.850026820983565,1,0.6574508524449395,True
664464808293984000,130.41654473657525,0.018450428,20.67213937580547,0.008177614,5.363669411862708,0.024175178,221.86679,-35.883830635880116,0.024862813,-13.556757602902358,0.018374333,9.528989,9.74141,9.167582,0.5738287,0.21242142,0.36140728,6440.65,35.205833,0.22206658,0.91275823,0.08443347,9.302762,204.91576890127456,33.106625238150436,1,0.8425731872708819,True
664506143059189888,129.8250493261495,0.032235116,20.739208522902636,0.021456556,5.432787747636768,0.036983263,146.89854,-35.76835039068925,0.03832091,-12.898644586759012,0.026648264,15.4313965,16.644695,14.340096,2.3045988,1.2132988,1.0913,1532.5802,43.817806,4.32582,1.030129,0.0,1.2560739e-15,204.61914491562203,32.608084890085685,1,0.9690936836777794,True
664523834028259200,129.69074226535488,0.22419567,20.91660082957507,0.16279402,5.847043208275199,0.27645743,21.149887,-36.95186241715699,0.25743568,-15.306575983055506,0.18247142,18.784004,20.890923,17.480486,3.4104366,2.1069183,1.3035183,396.75876,,,1.0264952,0.78923535,2.4030242,204.3708225158694,32.54942804921475,1,0.1917570557084042,True
664524456799674624,129.5957158915055,0.23353508,20.92647781888233,0.18207793,5.1735053872960695,0.28014448,18.467276,-35.13829678200079,0.27602214,-13.135977859735974,0.23854521,19.046219,20.94925,17.749111,3.200138,1.9030304,1.2971077,394.16702,,,1.0372847,0.5667634,0.76564336,204.32450251378688,32.46911431044115,1,0.5381350920573973,True
664542220784438912,130.19203269318228,0.042789675,21.08698566258338,0.025181374,6.57733783988992,0.06231146,105.55583,-47.333792113833695,0.058724787,-18.140455648658794,0.04093557,15.678833,17.090717,14.514365,2.5763521,1.4118843,1.1644678,1150.5483,,,0.9946893,0.0,0.0,204.36550792905336,33.047448746771465,-1,0.0,False
664580909850406528,128.5129259932639,0.05216517,20.34177405231108,0.03634785,5.338342635208131,0.06952317,76.78509,-34.28010382873238,0.066137984,-14.079092192706195,0.05222414,16.7092,18.216648,15.507901,2.708747,1.5074482,1.2012987,1333.3472,,,0.9730647,0.0,0.0,204.567043723748,31.317465565913945,1,0.5221766904814499,True
664710686582129536,129.39885775397525,0.017296255,20.990920358444896,0.01234682,5.335363206966353,0.020501442,260.24332,-31.78934864363116,0.019460384,-10.269776246698065,0.014784469,12.559138,13.134119,11.836333,1.2977858,0.57498074,0.722805,2147.0078,32.04472,1.0843594,1.2551044,0.10646819,11.67461,204.17961177327976,32.31752425173377,1,0.16965838601870098,True
664720238589375232,129.55779687599994,0.03976599,21.157242074240635,0.02592275,5.432246407654824,0.045914978,118.31099,-35.79554115012365,0.042188823,-14.51701564968237,0.031128587,15.774225,17.094097,14.639664,2.4544334,1.3198719,1.1345615,1587.9132,,,1.0057783,0.0,0.0,204.05262495218693,32.51288658820496,1,0.5077785321854604,True
664744427845176576,129.65434742176015,0.10276573,21.24683686915452,0.065660864,5.236699087949413,0.1203378,43.516663,-35.24775454599988,0.11765582,-13.526611421978636,0.07718755,17.466438,19.139067,16.223885,2.915182,1.6726284,1.2425537,806.6781,,,1.0565758,0.2991187,1.7064298,203.98788382209628,32.627574069231535,1,0.5307282423623229,True
664753460159208704,129.78942230633984,0.017987315,21.409925904112505,0.011063138,6.046476180569327,0.021855416,276.65802,-26.541901824394103,0.022609584,-11.460892684047506,0.015802188,10.711265,11.027908,10.227854,0.80005455,0.31664371,0.48341084,5819.023,31.722437,0.2547569,0.9817886,0.08646417,7.532197,203.85447221071755,32.80028667986884,-1,0.0,False
664758858935278720,129.7108641578075,0.09969506,21.3852410072309,0.060417756,5.260398375334748,0.114083044,46.110256,-27.409899895135965,0.116590545,-18.95576134456155,0.0780617,17.305973,19.132065,15.992134,3.1399307,1.8260918,1.313839,584.23444,,,1.0816923,0.37152222,3.07675,203.85345728605165,32.72309505101862,-1,0.0,False
664879667774808576,131.18410945376837,0.08519104,21.12032117694203,0.036789723,5.6342857879575465,0.099126,56.839634,-38.55150871393252,0.11061503,-14.46554447290073,0.07659387,17.118076,18.801025,15.871865,2.92916,1.6829491,1.246211,1009.682,,,1.017008,0.15294199,0.87040097,204.6948072803292,33.93193271561233,1,0.363963877218922,True
664915539341574784,130.41179002535617,0.034028232,21.13981359813855,0.016909612,5.020409463630698,0.03855765,130.20528,-25.36495149797926,0.043404028,-16.20053714946949,0.03115618,15.501666,16.62119,14.37797,2.2432194,1.119523,1.1236963,1843.6565,10.017688,5.7419953,1.0725187,0.08430553,1.2296604,204.3871783954836,33.25837199466835,-1,0.0,False
665059403566191872,131.04536930750825,0.0508394,21.79389206396356,0.023569815,5.77246310868556,0.06733344,85.729515,-38.62785819791867,0.06639792,-15.83004137361614,0.048955463,16.443121,17.984184,15.237536,2.7466478,1.5410633,1.2055845,1666.1823,,,0.9694267,0.0,0.0,203.87611864176833,34.02938908746593,1,0.18692737919208355,True
665139697978259200,130.13095012302665,0.12684457,21.67847367797707,0.08407872,5.309589279286176,0.15374151,34.53582,-35.661792685782714,0.1657507,-14.231874959069312,0.11042067,18.000967,17.963797,18.106606,-0.14280891,-0.03717041,-0.105638504,638.6836,,,1.0330994,0.21650732,0.4617179,203.67630880515125,33.18848857152879,1,0.533372885379369,True
665552603251645952,128.61470749323755,0.023557078,21.525629096031917,0.015145123,5.201405922157212,0.028639495,181.61653,-29.67189018865612,0.028389027,-25.32233327138084,0.021137811,14.744964,15.7939625,13.724887,2.0690756,1.0489988,1.0200768,3178.059,19.615908,3.4407141,1.0509483,0.019433197,0.122447625,203.2970963243272,31.807022619395138,-1,0.0,False
665555175934680320,128.72876203882595,0.07615348,21.64843324498261,0.05076994,5.227559427252582,0.09938532,52.598907,-34.057043146899574,0.095235735,-13.567419590290491,0.07207627,17.253084,19.024328,16.003645,3.0206833,1.771244,1.2494392,747.3849,,,1.10304,0.27444148,2.5461564,203.20204378813483,31.94778226656335,1,0.43986285966674993,True
665596171399919104,129.11863842512477,0.060995094,21.980975875590087,0.039959494,3.304673912524569,0.06993568,47.253048,-46.3987511828168,0.06895705,-16.002676981455238,0.053578272,16.94207,18.279007,15.800801,2.4782057,1.336937,1.1412687,1672.2728,,,0.9965766,0.0,0.0,202.9714196105383,32.39888184002363,-1,0.0,False
666246876124942848,129.98478987461715,0.2595821,23.73214431891894,0.16404301,5.555162084547635,0.32585695,17.047855,-28.610475032036152,0.28324634,-16.579547771522215,0.22986193,18.943632,20.624731,17.642767,2.981964,1.6810989,1.3008652,521.91583,,,0.989234,0.7245911,2.301059,201.28994368943057,33.70943435916171,-1,0.0,False
666308929811855744,128.74847322608252,0.113216996,23.299740696280573,0.08213979,5.47244329504026,0.12886345,42.466995,-36.443665131217024,0.15634947,-17.254097551903232,0.13199571,17.9572,19.764784,16.673061,3.0917225,1.8075848,1.2841377,658.93634,,,1.0232216,0.2111732,0.5551859,201.36131759434667,32.49760956772183,-1,0.0,False
666406477109481216,129.44943207515337,0.04372239,23.635761579762,0.029189294,3.990477573575158,0.05021261,79.47162,-27.79267435120032,0.05114395,-13.717367091129647,0.036393546,15.971643,17.115305,14.911826,2.2034788,1.1436615,1.0598173,1858.1793,,,1.086356,0.083964616,0.7374138,201.21951862590728,33.21324939562528,-1,0.0,False
689560027326501632,131.97227989285275,0.119242094,24.054758544945496,0.06164321,3.328719012935393,0.15595451,21.344166,-35.41139323487069,0.14809898,-7.794455241830515,0.1071565,17.845434,19.214268,16.682682,2.5315857,1.3688335,1.1627522,963.35486,,,1.00785,0.0,0.0,201.5787932437101,35.53962720339566,-1,0.0,False
690487946421438208,130.14105363082774,0.23071787,24.45642671050656,0.15061054,3.89751682200942,0.27311653,14.270527,-34.643028890121144,0.26459774,-13.6654975327162,0.2092255,19.17236,20.637072,17.957834,2.6792374,1.4647121,1.2145252,496.70883,,,1.0455405,0.7673439,1.9573317,200.5097966129119,34.06370714129969,-1,0.0,False
690548316481686400,129.6493484827417,0.123029515,24.559645065318104,0.08588325,4.939343547891559,0.15647322,31.566704,-25.311219566966283,0.13939087,-18.60571937475302,0.10494033,17.989483,19.731163,16.727964,3.0031986,1.7416801,1.2615185,706.1164,,,1.0183401,0.26278737,0.7563163,200.2307819721478,33.66728645004092,-1,0.0,False
612441892365373184,134.4676448957126,0.20797618,18.83519628011141,0.14691906,6.020988606923558,0.23843426,25.252195,-51.092080181224446,0.27019536,-20.691567086645925,0.25585493,18.943666,20.952854,17.615078,3.3377762,2.0091877,1.3285885,464.46555,,,0.98906016,0.69977605,1.6613448,208.59403179153767,36.063708958097784,-1,0.0,False
612457869643831296,135.04926131863144,0.08491155,19.001793965460937,0.05881026,4.755353094827492,0.11290707,42.11741,-30.8620798117457,0.109112635,-22.373523937601853,0.07927991,17.493307,18.801107,16.362543,2.4385643,1.3078003,1.130764,1165.1123,,,1.0076871,0.0,0.0,208.63651143874569,36.63755691217819,-1,0.0,False
652890073292908672,126.72772370004084,0.14343719,15.8803643458665,0.09479909,3.236828107125128,0.18029274,17.95318,-23.45082675261944,0.17941144,1.93968168353591,0.11342702,17.670858,18.841364,16.514078,2.3272858,1.1705055,1.1567802,698.648,,,1.1655732,0.4945531,2.640401,208.63670624191337,28.108768543258012,-1,0.0,False
676137013279761920,125.12402120789952,0.10613168,21.28453045994669,0.07175967,3.0053535516331236,0.118582286,25.344034,-33.26756723596512,0.124417275,-14.422371401705476,0.08360621,17.977154,19.269817,16.874414,2.395403,1.2926636,1.1027393,762.11304,,,1.0066445,0.1265176,0.20291473,202.2865779255114,28.667310874052855,-1,0.0,False
676217797321673856,125.38365720811792,0.017006367,21.595257768151615,0.011081726,5.863393696499861,0.019620141,298.84564,-21.61646735574704,0.01996727,-19.651029947964687,0.013772757,8.786283,8.957062,8.474375,0.482687,0.17077923,0.31190777,2112.1877,0.11099009,11.649249,0.9942008,0.10653053,13.704048,202.04802309651728,29.00090278417879,-1,0.0,False
676218553235826816,125.30648993423569,0.08559791,21.620394014513433,0.06052731,3.1001067663324724,0.103485554,29.956903,-22.354183884208105,0.10512954,-10.94491291427334,0.0738198,17.593468,18.835325,16.498476,2.3368492,1.2418575,1.0949917,972.8189,,,0.9979849,0.0,0.0,201.99302725548057,28.94204562126657,3,0.9500264660782334,False
676353071614975744,125.94964467659442,0.061507557,22.205059329416784,0.04037743,3.3991326749744357,0.06927499,49.06724,-34.05979737368007,0.07469259,-23.752066166373663,0.05431913,16.900967,18.244524,15.751888,2.4926357,1.3435574,1.1490784,1504.265,,,1.0286103,0.07183422,0.2005785,201.5930058872148,29.70114210151975,-1,0.0,False
677799719675648128,126.5049687282348,0.06923005,22.25548441507441,0.048274197,6.79397911632199,0.0792519,85.72639,-27.805764181231567,0.07836013,-12.525481739475287,0.05700112,17.115515,18.835194,15.861743,2.9734507,1.7196789,1.2537718,1081.2505,,,0.98219544,0.0,0.0,201.73570384484051,30.202640190735472,-1,0.0,False
684561372588518656,135.11808192084314,0.061537795,19.80507354193068,0.04343358,4.361272553459761,0.06887676,63.319946,-29.04958057588221,0.0760567,-20.687821926945613,0.05892396,16.739841,18.152773,15.5709,2.581873,1.4129314,1.1689415,1377.4894,,,0.9258526,0.0,0.0,207.72069637132833,36.97189981787584,-1,0.0,False
685069587478475904,134.7253659730394,0.060430497,21.545053878878843,0.0371183,6.221217296077545,0.075362556,82.55051,-23.204790988217187,0.07520365,-25.642476376497775,0.053232115,16.858475,18.503433,15.638814,2.8646193,1.6449585,1.2196608,1035.7401,,,1.0127431,0.13063173,0.7510698,205.50853392332883,37.19121079545163,-1,0.0,False
689251236357394688,133.0384585714882,0.020369427,23.372951517047408,0.012111836,5.576514737391119,0.025532318,218.41005,-36.470985523963904,0.023797154,-8.732947439639643,0.017595304,11.575144,11.94686,11.0313835,0.9154768,0.3717165,0.5437603,3469.0369,-6.2605677,0.52109796,1.2640173,0.14909743,32.02195,202.7403688260228,36.26936856097463,-1,0.0,False
689251854832679552,133.11725229592275,0.0931514,23.41740652086367,0.0517682,6.073055701761627,0.111576766,54.429394,-36.36149216788734,0.10964336,-10.654369838306287,0.08891493,17.0581,18.480522,15.88541,2.5951118,1.4224224,1.1726894,1377.0378,,,1.2928953,0.45660257,7.0412564,202.71451777094003,36.351660111860795,-1,0.0,False
689296518196758912,132.55164684611333,0.095691405,23.58784775471713,0.049891677,3.0524397245739543,0.11746325,25.986338,-33.13182470286495,0.12107012,-25.400831806517093,0.07935249,17.592283,18.866554,16.419823,2.4467316,1.274271,1.1724606,1070.6832,,,0.9650962,0.0,0.0,202.32160626091385,35.907392826905124,-1,0.0,False
689341430671243776,131.65115054088034,0.14501776,22.88225697952895,0.074361466,3.709571981702092,0.186826,19.855757,-40.678444476047346,0.18178007,-25.089803521543548,0.1375447,18.251633,19.88871,17.023207,2.8655033,1.6370773,1.228426,712.06055,,,1.0381305,0.30471018,0.8738434,202.83821186601725,34.904772379297945,-1,0.0,False
689484706483549312,132.50820102632892,0.07724921,23.64882173947601,0.04273384,5.52168817794383,0.10117478,54.575737,-39.22543876783068,0.10056684,-15.478518028446736,0.06917011,17.28524,19.036005,16.029682,3.0063229,1.7507648,1.255558,977.0537,,,0.9647327,0.0,0.0,202.23511586300455,35.88755455499249,1,0.19968177345387117,True
689596895325760896,132.0733357297176,0.05252297,24.22720859875984,0.021772062,3.680558499601577,0.06175792,59.596546,-36.84133923035661,0.054741,-2.325502213005322,0.040687114,15.592655,16.550539,14.626322,1.9242172,0.95788383,0.9663334,2876.5261,,,1.3155227,0.21438655,7.4021497,201.40933723049457,35.67841756882153,-1,0.0,False
690217122963873152,131.06177237613878,0.044942357,23.804208237424263,0.017755862,4.19281902846582,0.058963154,71.10914,-22.221640252548607,0.056707215,-4.21154121082227,0.038032975,15.637683,16.875021,14.53243,2.3425913,1.2373381,1.1052532,2452.9905,,,1.0963508,0.095194474,1.5003276,201.5681652595584,34.67053127918925,-1,0.0,False
690395106407998208,131.1859740932697,0.032266535,24.53486233960255,0.017315855,3.646117710090876,0.036871623,98.886826,-24.47381767026907,0.040945504,-17.05731886220363,0.03232904,15.711113,16.771273,14.684205,2.0870676,1.0601597,1.0269079,2344.9058,,,1.0030706,0.0,0.0,200.75900783549625,34.995453989123206,-1,0.0,False
610076228673661952,131.53031536607824,0.41034618,16.010016480276512,0.31744462,4.478504960279575,0.40988728,10.926187,-45.40190891763482,0.79427725,-27.491965791368543,0.8797086,19.135138,,,,,,283.2749,,,0.88364375,0.0,0.0,210.54337336504705,32.42511767050707,-1,0.0,False
610102307717106304,132.10864666080798,0.022861255,15.87008256019924,0.011891777,5.555260278092959,0.026642503,208.5112,-25.860478825356424,0.027369836,-9.103542187182091,0.020133963,10.2906685,10.545634,9.827034,0.7186003,0.25496578,0.4636345,2307.5896,44.804558,0.7104938,1.1408603,0.17078702,43.520653,210.94822705206775,32.886246040732146,-1,0.0,False
611589362832997376,133.98415304483035,0.048796926,16.955098243571502,0.02287807,3.720802020507267,0.059197005,62.854565,-25.317227335202872,0.059932947,-14.75904413695624,0.04124177,16.405035,17.543484,15.346896,2.1965876,1.1384487,1.0581388,1851.2617,,,1.0121244,0.0,0.0,210.54819892515417,34.96077261881028,-1,0.0,False
611609738157837184,133.91453163847265,0.16919695,17.225165213962217,0.08692339,3.1317806697383133,0.19894013,15.742328,-21.5247437806046,0.22007558,-12.029135701712049,0.15379873,18.671751,20.318724,17.444616,2.8741074,1.6469727,1.2271347,634.3207,,,0.99444956,0.0,0.0,210.2117885704187,34.998015318520224,-1,0.0,False
611621351749486976,134.56000267802898,0.021823851,17.245970505362532,0.014482599,3.164153305773073,0.02540599,124.54359,-26.02504184437256,0.025952015,-8.137453283140253,0.020079764,12.887982,13.308751,12.303447,1.0053043,0.42076874,0.5845356,4108.461,38.288967,1.3512923,1.3723806,0.1542589,22.813622,210.46398696832696,35.579488556553976,3,0.9381888222692886,False
611622966657140864,134.5451257741818,0.113475405,17.31963868732574,0.06972871,3.7732152262658096,0.13076381,28.855196,-36.58507474089877,0.13567801,-15.172950141797394,0.09712488,17.71272,19.334417,16.494917,2.8395004,1.6216965,1.217804,746.62805,,,1.0952729,0.37911484,2.3044338,210.37326738562575,35.593118511231516,-1,0.0,False
611665710171887360,132.87003407243367,0.08456987,16.654415975181248,0.045179248,5.046644737167683,0.11017031,45.807663,-28.92504389930571,0.111063026,-9.388705766823689,0.077861175,17.475695,18.92897,16.291462,2.6375084,1.4532757,1.1842327,1169.9133,,,0.9432048,0.0,2.022398e-15,210.40778136719197,33.858731848096824,-1,0.0,False
611711030666633216,133.31924068821078,0.0476359,17.169408940832962,0.024438493,4.7516786462596174,0.05449307,87.19785,-29.32614357935828,0.053894117,-11.75424926925325,0.041461483,16.15136,17.58354,14.978683,2.6048565,1.4321804,1.1726761,1748.201,,,1.1061473,0.11637812,1.284545,210.0215017989574,34.44843216706934,1,0.16014765654958632,True
609814716706265600,132.12075905711546,0.01769798,15.622382302484857,0.009912496,4.391674846325506,0.02291989,191.60977,-24.391923909119043,0.021898482,-27.861867185154686,0.015318881,11.675475,12.018583,11.164769,0.8538141,0.34310818,0.51070595,5918.5273,65.53251,0.41464853,1.0904472,0.1248757,23.930763,211.22601061029172,32.80242727084637,-1,0.0,False
610016511449616128,131.69821075506724,0.034810618,15.79167051068327,0.017378073,6.6617868718260835,0.04089017,162.91904,-35.08025473368541,0.044560328,-21.64175038681157,0.030371433,15.127524,16.296661,14.054613,2.2420483,1.169137,1.0729113,2592.077,28.468704,7.236549,1.1522892,0.11316067,2.9755704,210.8555119653812,32.491301976150616,-1,0.0,False
611483500479384960,133.64388802919103,0.014253175,16.61410689221782,0.0071574445,3.754892388663356,0.01690203,222.15631,-21.767753184217582,0.017764302,-5.9751358094195375,0.0132523915,10.168824,10.409146,9.77002,0.6391268,0.24032211,0.39880466,6202.511,5.999946,0.2896539,0.88184553,0.083955,10.941931,210.7868170984302,34.53186994001254,-1,0.0,False
611673505536732288,132.86132962163913,0.2318616,16.7568777614752,0.12814173,3.7587461021840953,0.302553,12.42343,-29.57940274081196,0.29844218,-14.940676086753934,0.22129154,19.11277,20.884739,17.828104,3.056635,1.7719688,1.2846661,478.0861,,,1.0345191,0.4944671,0.78495735,210.28949139969583,33.88910123071082,-1,0.0,False
611807749039592704,133.51611023186817,0.34531793,17.32184765280784,0.17347361,6.4090253145133955,0.41158146,15.571706,-39.28397560693847,0.4086216,-11.449479321822931,0.27805197,19.608582,21.367136,18.229935,3.1372013,1.7585545,1.3786469,343.77252,,,1.0375326,0.9493987,1.6711727,209.9327752269145,34.67919176867512,-1,0.0,False
610146764921948928,132.55654533127003,0.020327479,16.320431028819783,0.009384043,5.866290836297397,0.022700755,258.4183,-35.791508756354474,0.024914447,-0.4480778499964433,0.017187918,10.242067,10.489728,9.772097,0.71763134,0.24766064,0.4699707,2855.1204,35.560738,0.326289,1.026371,0.10936142,16.34671,210.64472382988717,33.45498909532364,-1,0.0,False
611583281159312640,133.91310599430352,0.10183341,16.90960291161386,0.048410527,3.138992892054681,0.12707147,24.702578,-21.967892209085957,0.13513151,-25.263969971433728,0.08225728,17.597843,19.05979,16.423801,2.6359882,1.4619465,1.1740417,1104.2203,,,1.0569652,0.23234609,1.1846327,210.56920585535795,34.88081844822523,-1,0.0,False
689614826812792064,133.56561249484577,0.118638076,23.377476678398416,0.06340629,4.548141035620673,0.1389936,32.721943,-22.295796227731557,0.14054544,-13.619191917240634,0.09604358,17.969374,19.458433,16.761225,2.6972084,1.4890594,1.208149,967.3787,,,0.9671293,0.0,0.0,202.91446058269813,36.73260121902809,3,0.8177189577162122,False
690534843167077760,129.62438957945523,0.22640675,24.494641416326058,0.15026236,6.929139639951171,0.29055765,23.847729,-38.81855878633399,0.2629405,-22.986412474177733,0.200709,19.045607,19.218683,18.812197,0.4064865,0.17307663,0.23340988,479.77655,,,1.0603333,0.6285724,1.3746527,200.2971717943263,33.626218528492345,-1,0.0,False
686019256287236736,133.37483071920195,0.045378342,22.18618233544527,0.022241455,4.400869560817383,0.059967246,73.387886,-27.92469557653298,0.060383465,-15.028465555362873,0.039324,16.059368,17.234814,14.975672,2.259142,1.1754456,1.0836964,2126.6965,,,1.0573237,0.081561,0.70062757,204.2588541969021,36.20225542542124,-1,0.0,False
689076517087893632,131.9612161052744,0.07578367,22.451060879713747,0.03754651,5.136323108589508,0.09234178,55.62296,-33.13743096578083,0.09554503,-7.250053878001856,0.06821514,16.845842,18.37482,15.653931,2.72089,1.5289783,1.1919117,1462.3398,,,1.0849495,0.23658288,2.5900407,203.44691913820412,35.04264165214384,-1,0.0,False
689135340959906560,131.95739668355395,0.067312464,22.684303764969073,0.034506187,3.9829342326041393,0.08137846,48.943344,-24.158659939043183,0.08374525,-18.455141321700367,0.05423821,17.0201,18.322012,15.885923,2.4360886,1.3019123,1.1341763,1508.1227,,,1.0092041,0.0,0.0,203.17475390055003,35.11195498253429,-1,0.0,False
689252370228712832,133.01759560347256,0.093824565,23.40399080057044,0.05602077,3.3238869694550597,0.11529795,28.828672,-49.97534929217287,0.11507405,-2.0732969320700416,0.09349078,17.654213,19.270203,16.451464,2.818739,1.6159897,1.2027493,789.65216,,,1.0139447,0.0,0.0,202.69653411651575,36.2603715471832,-1,0.0,False
689338475733753472,131.40712167394926,0.03227947,22.876292227072963,0.016104441,3.236484898802492,0.04001806,80.87561,-23.89623027572942,0.04196726,-17.22881986566884,0.028885882,15.328967,16.134283,14.451657,1.6826258,0.805316,0.8773098,3230.2913,,,1.0906477,0.08942892,1.6711885,202.7603981800337,34.68913124633661,2,1.0,False
609529049841327744,130.11488115338884,0.0731185,14.955063336175728,0.03767166,3.8069831267397976,0.08044032,47.326805,-28.873472484630582,0.090657786,-13.048835289727574,0.065627635,17.162344,18.499578,16.018341,2.4812374,1.3372345,1.1440029,1420.546,,,0.94799876,0.0,0.0,211.0697750077091,30.760027867978607,3,0.8689843113941191,False
609841860899693184,132.69415528975875,0.026673809,15.539377247202054,0.01476369,4.041026505204663,0.031662222,127.62928,-27.3218463742651,0.033293094,-3.70456520694248,0.02396654,15.427554,16.466738,14.414698,2.05204,1.0391836,1.0128565,2686.0337,58.911274,11.275253,1.0014746,0.0,0.0,211.5700417955066,33.280740469788,-1,0.0,False
610076228674825216,131.52993100458914,0.03560107,16.009885039995517,0.020594137,3.490610933091419,0.043209042,80.78427,-46.54250996319605,0.040851682,-26.42994901048717,0.03207272,15.802598,16.885534,14.740527,2.1450071,1.0829363,1.0620708,1092.7501,,,1.0552417,0.0,0.0,210.54335121211267,32.42472597824287,-1,0.0,False
611659044382533760,133.06015526799968,0.034913585,16.643796236138744,0.018393293,3.351825302854123,0.04052379,82.71253,-26.901821428225972,0.04298179,-11.32468064459072,0.030334165,15.798455,16.88639,14.753806,2.1325846,1.0879354,1.0446491,2623.2815,,,1.0362082,0.064410195,0.58695304,210.50143137806012,34.02382425334052,3,0.8729476422789136,False
611669592822147328,132.69811752854494,0.058278482,16.680285953053637,0.032584477,5.66210397502967,0.07198083,78.66128,-30.124980596350795,0.06844297,-27.75015303979156,0.051460177,16.792076,18.362007,15.579125,2.7828817,1.569931,1.2129507,1581.4891,,,0.9973772,0.0,0.0,210.30510209138495,33.71551614505048,-1,0.0,False
611726488252836736,132.797420764767,0.037210837,16.886706038837787,0.0195552,6.1341003984682665,0.046702128,131.3452,-23.16896980482555,0.044757795,-8.594888327440291,0.033290416,15.842279,17.105389,14.724463,2.3809252,1.2631092,1.117816,2396.138,,,0.9723424,0.0,0.0,210.1169266957789,33.88042581846699,-1,0.0,False
611781468130170368,132.8051179109492,0.05504513,17.353968366695373,0.029121121,3.5500060324347835,0.061178815,58.026722,-22.995135455608285,0.0671577,-7.210975706899101,0.0466869,16.674267,17.930054,15.562967,2.3670864,1.2557869,1.1112995,1752.0923,,,1.030802,0.0,0.0,209.59625628096143,34.059115589293675,3,0.9105194631699276,False
611920556351155584,133.71895123365786,0.026247587,18.02717379072679,0.011782555,3.1501309708986795,0.028957916,108.783066,-24.38706926066211,0.0356195,-18.02734870895226,0.024828592,14.811553,15.573748,13.956475,1.6172724,0.76219463,0.85507774,5012.5166,83.982285,4.0901213,1.1757737,0.103215285,4.010132,209.21598894866955,35.114184274818854,2,1.0,False
612058476340536960,134.8222442972969,0.12070319,18.033631264016822,0.09645426,3.935760551271065,0.13848047,28.421053,-31.851579530044972,0.14025807,-10.134051190911643,0.1127112,17.99203,19.467073,16.610373,2.856701,1.4750443,1.3816566,675.3479,,,0.9384533,0.0,0.0,209.66886808699255,36.09658206326277,-1,0.0,False
612227281439459328,134.07448089458006,0.1430352,17.847325026946905,0.06316011,3.0177195319007217,0.15793005,19.10795,-23.768198261299503,0.18422113,-11.213997401508042,0.107657395,17.980722,19.57408,16.80386,2.7702198,1.5933571,1.1768627,777.28827,,,1.0248519,0.2737046,0.89225024,209.56990367586977,35.3655881803903,3,0.8302961440973496,False
612486529961459584,134.84952171641925,0.02374844,19.299361556660845,0.015629457,4.629904669153656,0.027918357,165.8373,-30.274512303658497,0.027288642,-11.743975909506409,0.020485044,14.866528,15.866276,13.872029,1.9942465,0.99974823,0.99449825,2841.644,37.336266,5.2701163,0.9955235,0.0,0.0,208.20769251302215,36.562511229325075,1,0.14992871874611224,True
652643129853607424,127.57111025049238,0.118141465,15.662451829097838,0.08539289,4.82523435554548,0.12403308,38.9028,-30.223036146003057,0.13574824,-9.37133942034976,0.10224176,17.91921,19.801043,16.646925,3.1541176,1.8818321,1.2722855,843.0149,,,1.0043234,0.0,0.0,209.22153375813633,28.77344709811061,1,0.16841571953121962,True
652890004573432192,126.74604320422628,0.21503979,15.880240039693788,0.15045163,3.4809941203071433,0.26219615,13.276297,-23.278561574420326,0.28189096,2.056580034130058,0.18176866,18.635866,20.272337,17.45276,2.8195763,1.6364708,1.1831055,462.44397,,,1.0167941,0.0,0.0,208.644537805663,28.124979055183537,-1,0.0,False
656044404651783040,126.16875373995404,0.08718368,17.13256769540616,0.05309027,3.0950911654087965,0.09834167,31.472834,-22.5885917216194,0.101474866,-15.266911508210208,0.06745553,17.465319,18.724884,16.372778,2.352106,1.2595654,1.0925407,1064.2803,,,0.9961592,0.0,0.0,207.09277590904665,28.090228203717903,2,1.0,False
657560562465793664,129.35618531964533,0.05579421,15.06112333393531,0.038428,7.079077880440753,0.06891247,102.72564,-25.060368600996306,0.073812865,-14.584680680232117,0.047573376,16.353397,17.73312,15.198025,2.5350952,1.3797226,1.1553726,1263.4515,,,1.037708,0.13823132,1.0856985,210.62497319907283,30.12661182032501,-1,0.0,False
656329075084689152,125.46584549274785,0.22157474,17.856423746359624,0.1371693,4.326185554873057,0.27906287,15.502548,-37.93609657774075,0.2562826,-4.775308549050031,0.16870974,18.867765,20.472021,17.62917,2.8428516,1.6042557,1.238596,505.09454,,,1.0244696,0.5049623,1.0247976,206.04927635299208,27.739283241558383,-1,0.0,False
657572343560285824,130.0264428317441,0.31580317,15.078396315760292,0.20193736,3.77389872405944,0.36723194,10.276608,-24.68535339245199,0.3875351,-25.254240457129477,0.26940387,19.594597,20.922268,18.351059,2.571209,1.327671,1.2435379,319.62875,,,1.0405848,0.8682989,1.4491185,210.89888565677035,30.72943260861473,-1,0.0,False
657631511029831296,129.3792833426062,0.13767168,15.144359110629178,0.09912808,3.2114073842188096,0.1709845,18.78186,-23.07394864100787,0.1709281,-10.254101451515272,0.11463112,18.2501,19.920828,17.016087,2.9047413,1.6707287,1.2340126,618.66766,,,1.0068481,0.09401273,0.062345337,210.54635472567205,30.17956624406861,3,0.9748996282959816,False
658080524090898944,129.39966028490636,0.06864271,16.71228388874346,0.049413662,3.404245670333186,0.09176217,37.09857,-30.98936459958943,0.08383443,-21.594489707690343,0.062204752,17.182827,18.440615,16.090994,2.3496208,1.2577877,1.0918331,1262.9718,,,0.99573123,0.0,0.0,208.87366449180524,30.796964793108582,0,1.0,False
658140176892270080,131.27238211655882,0.051996406,16.38370672442915,0.024846662,3.182583168488908,0.0582505,54.63615,-24.022243278932876,0.05933832,-19.104950558014536,0.041545764,16.292671,17.363098,15.26604,2.0970583,1.070427,1.0266314,1964.6101,,,1.052953,0.088831164,0.6730583,210.02283226135637,32.337083061627325,2,0.9692783242866269,False
658371860312347776,130.10367363601628,0.16547585,16.455821682211415,0.09628561,3.399372496033127,0.2001122,16.987333,-36.66480405576197,0.17553481,-15.12292236072772,0.1354388,18.299099,19.852308,17.107512,2.7447968,1.5532093,1.1915874,564.4747,,,0.9975915,0.0,0.0,209.4472807174976,31.325727723037687,-1,0.0,False
665770993748016384,127.1400145866563,0.10518181,22.02761660042624,0.068948865,3.1143437071115194,0.11651461,26.729212,-38.64507591763699,0.1169364,-3.44800176632295,0.09254912,17.654835,19.026262,16.485497,2.5407658,1.3714275,1.1693382,918.799,,,0.94698846,0.0,0.0,202.2114625120416,30.681891101718257,-1,0.0,False
665857713431019648,128.0502735896242,0.2012507,22.448108158128605,0.14110363,3.5346287634694056,0.22430053,15.75845,-26.963033318946337,0.24279052,-0.4458340456346524,0.2040896,18.808596,20.552937,17.52219,3.0307465,1.7443409,1.2864056,479.3571,,,0.9967181,0.24279532,0.23698772,202.07077974333177,31.61581237470159,-1,0.0,False
666194576306643584,129.8039205309359,0.32627732,23.304490375719375,0.22295162,4.4628266429971974,0.3958138,11.275066,-26.09838149321626,0.38702834,-11.06390959766308,0.29576018,19.741611,21.321346,18.374268,2.9470787,1.5797348,1.3673439,340.16837,,,0.99097747,0.0,0.0,201.71690694545316,33.41991910884449,-1,0.0,False
666328239984768512,128.31555722324126,0.107267454,23.161958417159696,0.07371354,5.773020619929782,0.122935295,46.95983,-36.51761394937847,0.12524267,-16.97137264942924,0.08461711,17.74915,19.482946,16.484104,2.9988422,1.7337971,1.2650452,819.51984,,,1.0557451,0.16302791,0.384364,201.3673770755726,32.07663990213739,1,0.14813233235442208,True
676217831681411456,125.38484410289942,0.0134377405,21.599698492594708,0.009485923,5.752632717836391,0.015935587,360.99283,-21.561886451981124,0.016661894,-20.14048904184041,0.012024741,13.438392,14.157628,12.614342,1.5432863,0.7192364,0.82404995,3799.4128,32.528854,1.8606106,0.99253106,0.0,0.0,202.043681106977,29.00345558908368,-1,0.0,False
686044716853290368,132.46867408732408,0.104351655,21.962466252511476,0.05784562,6.156068255734949,0.12730339,48.35746,-45.017710721974325,0.12896633,-27.505015776122992,0.08416533,17.822218,19.649906,16.536446,3.1134605,1.8276882,1.2857723,914.9944,,,0.9929735,0.0,0.0,204.19533958491976,35.334764294887165,-1,0.0,False
686078904792947456,132.69567977782296,0.015828626,22.248814373981233,0.008338376,5.127626558901263,0.017465128,293.5923,-23.644848290075053,0.019305961,-17.86120160549163,0.01629595,10.436713,10.781333,9.927222,0.8541107,0.34461975,0.50949097,8005.5093,21.454111,0.230858,0.98024136,0.08939671,11.800524,203.94291034303777,35.62454876398207,-1,0.0,False
686115291756045824,133.53082723687172,0.071746916,22.321994901408175,0.036749344,5.355210825658184,0.082441755,64.957504,-28.690671832300268,0.093407154,-26.342684369347303,0.07071542,16.84467,18.194847,15.685492,2.5093555,1.3501778,1.1591778,1430.6841,,,1.0200766,0.0,0.0,204.15436292786865,36.38168935846112,-1,0.0,False
686213934269354368,133.8461689628036,0.30448374,23.0484308479621,0.15305078,5.2393505070644215,0.36608633,14.3117895,-42.42110669375265,0.35933936,-16.790275511793944,0.23555508,19.237528,21.224062,17.798456,3.4256058,1.9865341,1.4390717,392.14505,,,1.112505,1.2555474,4.6740575,203.4028710333254,36.88036148964657,-1,0.0,False
689072256480398080,132.09117231663646,0.014899601,22.368667898579332,0.007807422,3.1396974333602583,0.017307557,181.40616,-39.08705934320867,0.017525822,-11.60969484380326,0.013575323,12.4898,12.844406,11.969805,0.87460136,0.35460567,0.5199957,5294.641,43.973152,0.72648853,0.98278296,0.062168274,5.3411956,203.58851536220632,35.13094706955249,-1,0.0,False
689172754420764416,132.4088961358891,0.1251618,23.09973969935226,0.06821353,4.868387057669598,0.16449593,29.59579,-25.929464695701924,0.15812038,-9.591191545342364,0.11498092,17.964643,19.465374,16.719454,2.7459202,1.5007305,1.2451897,828.25195,,,1.0107901,0.0,0.0,202.8466225137087,35.6354108575172,-1,0.0,False
689295663499017472,132.5582173726149,0.07083356,23.55580554877676,0.036317248,4.5354111963695045,0.087426364,51.876926,-26.30579955054416,0.0894835,-20.37773785237429,0.05789037,17.015568,18.313414,15.897906,2.4155073,1.2978458,1.1176615,1423.6597,,,1.0032365,0.0,0.0,202.36158205163147,35.903582482268355,-1,0.0,False
689568582901364096,131.7115866420663,0.1255422,24.07997940006723,0.053638518,4.416778395563594,0.13553691,32.587273,-21.24406210525624,0.15898316,-19.89534371855885,0.10289065,17.593021,19.01944,16.417257,2.6021824,1.4264183,1.1757641,905.6593,,,1.0134717,0.07398872,0.10300468,201.46300483501145,35.31964300921497,-1,0.0,False
690357237679561088,131.73340056201806,0.23876406,24.409976007573498,0.12303364,3.031217464713114,0.29278293,10.353122,-41.1303056520886,0.28200647,-5.734906237521493,0.21943858,18.959476,20.497063,17.73878,2.7582836,1.5375862,1.2206974,434.88013,,,1.0410993,0.18944685,0.14040229,201.08326861011025,35.4355277788469,-1,0.0,False
690505156353766016,130.71904114006867,0.21636748,24.62061565092573,0.100344,5.198567192997922,0.31467456,16.520456,-23.431055777188305,0.2830737,-18.375670641399196,0.20216139,19.184013,19.275234,19.047693,0.22754097,0.091220856,0.13632011,602.4401,,,1.0134321,0.0,0.0,200.5077630188809,34.61452864111225,-1,0.0,False
689530026978741248,132.46125847565597,0.23985843,24.03844318036509,0.119330615,3.8857770747435714,0.26484412,14.67194,-28.357527709317697,0.29044324,-2.2666555042955796,0.19086997,18.978533,20.779833,17.700584,3.0792484,1.8013,1.2779484,481.79227,,,1.0259507,0.658595,1.7066032,201.75978669824497,35.96163433824186,-1,0.0,False
690343188843400192,131.2697938351162,0.030578481,24.40826634182126,0.016818661,3.153960942763272,0.03689081,85.49449,-28.72579145142427,0.037130907,-10.697230549499654,0.030471744,15.485809,16.353119,14.56576,1.7873592,0.8673096,0.92004967,3031.1477,,,1.0123293,0.0,0.0,200.934080275874,35.031325135282735,-1,0.0,False
690348720761269760,131.43893461986193,0.04835727,24.4267842633658,0.02258864,4.323605760505974,0.053259987,81.179245,-34.53967068123027,0.0501364,-2.9403852830883563,0.039150734,16.078194,17.29416,14.980105,2.3140554,1.2159672,1.0980883,2018.4388,,,1.0489268,0.082315914,0.68591976,200.9675945906517,35.18400460728566,-1,0.0,False
685908476194656640,133.79186591912344,0.053155597,22.060952309489892,0.026353939,3.8599678471198033,0.059393145,64.99013,-29.383228074539403,0.06451103,-18.57547980827618,0.0451347,16.560196,17.788189,15.454647,2.3335419,1.227993,1.1055489,1997.9451,,,0.9912829,0.0,0.0,204.55626408459705,36.53024919999742,-1,0.0,False
686024856924522880,133.24009000652987,0.019509671,22.339901073610612,0.010811784,3.5497343024983152,0.026084587,136.08551,-23.877254392951382,0.02414177,-12.485004833339488,0.016466962,11.770192,12.090432,11.284,0.8064318,0.32024002,0.48619175,3921.1843,-24.083755,0.6734368,1.2567941,0.12990615,26.007198,204.0298425467117,36.131562314822816,3,1.0,False
689213814306073600,132.59786274136536,0.0902169,22.953943862507813,0.04776042,3.2167855957789704,0.10480064,30.694332,-40.17167279846489,0.113763064,-25.679081283965957,0.07974987,17.325562,18.585934,16.224733,2.3612003,1.2603722,1.1008282,1275.679,,,1.0856024,0.3175194,2.6151059,203.08286122330483,35.75662457138321,-1,0.0,False
689441073912420224,131.53329304620226,0.10402838,23.452705569589916,0.052655313,3.2708303922132593,0.114266865,28.624487,-23.61054251500825,0.13000889,-0.6154581081841344,0.09495088,17.754192,19.044064,16.63911,2.404953,1.2898712,1.1150818,1142.6604,,,1.0118386,0.0,4.0706417e-15,202.13526644688395,34.976211547108946,-1,0.0,False
689555904157961472,132.04444112346286,0.037098713,23.9996584315557,0.01985124,4.852118771279551,0.045738284,106.08441,-26.396092210598404,0.046917543,-15.073332271091717,0.03147249,15.78923,17.27731,14.591036,2.6862736,1.4880791,1.1981945,1557.7201,,,0.9546326,0.0,0.0,201.66741354765315,35.58634895578491,-1,0.0,False
689564356653551104,131.7272558584331,0.01731611,23.958284621642804,0.009213408,7.35118344772286,0.02148159,342.20856,-37.9443493274057,0.02035802,-0.0050106650161264,0.015151071,11.95316,12.451139,11.29594,1.155199,0.49797916,0.6572199,3838.2322,2.3100524,0.6200668,1.2026286,0.109177716,17.504322,201.6106364798573,35.29727766250102,-1,0.0,False
690241277859918336,131.2515119891046,0.04589436,24.139814140352268,0.024337715,6.332561572940433,0.059742913,105.996864,-42.1393513473443,0.056386758,-18.05101530201673,0.043796077,16.353373,17.901762,15.147347,2.7544146,1.5483894,1.2060251,1502.4974,,,1.0116593,0.0047035078,0.0017661614,201.24116105319433,34.9362251536878,-1,0.0,False
651869417265011072,127.95859281172116,0.0969006,15.373388541507778,0.0707306,4.0721845447313125,0.12086077,33.693188,-22.678734524393676,0.12375038,-25.180606540016303,0.09081454,17.777212,19.244835,16.571259,2.6735764,1.4676228,1.2059536,738.52997,,,1.0328729,0.1546715,0.32696876,209.69106865015115,29.005715379074065,-1,0.0,False
653021709747963520,126.55569935130538,0.017485214,16.918193130502534,0.011127154,5.331902930445459,0.019979585,266.86755,-33.24571412043102,0.020687858,-11.005664081329048,0.014911349,12.930154,13.531139,12.195509,1.3356304,0.6009855,0.7346449,3448.455,37.265987,0.7798599,1.0277236,0.099801,11.790809,207.47638577863847,28.352138680779873,1,0.2785890792556445,True
656098826180222464,126.04317077935973,0.30411458,17.32643371286124,0.19433418,5.413494493077803,0.3784012,14.30623,-32.26257878177866,0.3599937,-10.95030511427153,0.2456123,19.260708,21.272367,17.882925,3.3894424,2.0116596,1.3777828,410.39847,,,1.126223,1.2791158,4.07165,206.83808904060476,28.0518958872716,1,0.1967125038899552,True
656102025932872448,125.6022781758464,0.016140914,17.188573648797945,0.010775522,3.0351014147962445,0.018413773,164.82779,-32.87472258680453,0.019831967,-3.32380991310721,0.013953971,13.817436,14.309572,13.17004,1.1395321,0.492136,0.6473961,3408.5488,13.197389,2.8498747,1.0316811,0.0,0.0,206.8035595248098,27.609910660023637,-1,0.0,False
657562104358045824,129.66331337485008,0.18903282,14.8540420561935,0.13210456,4.667705553271899,0.23318012,20.017597,-31.48186849828857,0.23760477,-8.439370463260977,0.17445283,18.659424,20.63487,17.331371,3.3034992,1.9754467,1.3280525,498.12494,,,1.03327,0.64773583,1.793295,210.9797213074222,30.31887861094042,-1,0.0,False
657682603960826240,130.28257494293527,0.0131628085,15.494004155103982,0.0072920937,3.1257601132964132,0.014471592,215.99281,-23.582327511541955,0.015786115,-8.573471177841672,0.01183315,13.411439,13.765361,12.627593,1.1377678,0.3539219,0.7838459,4589.321,,,1.0289009,0.0,0.0,210.56376915695577,31.11818599696179,3,0.9608701357936772,False
658174875932324736,130.63316901022668,0.15747379,16.393047440553993,0.069896765,4.367242501382333,0.19403912,22.50702,-28.622003264272145,0.20668584,-16.332888323439487,0.15507859,18.402065,19.954739,17.217041,2.7376976,1.5526733,1.1850243,837.1389,,,0.98424315,0.0,0.0,209.74010709088608,31.772515744040888,-1,0.0,False
658195942748711808,130.79328469441012,0.023708181,16.460531369660536,0.012346671,3.257506032267139,0.026882742,121.17462,-22.693824169249893,0.029903226,-9.40747749927518,0.02284842,9.931617,10.151872,9.55915,0.59272194,0.2202549,0.37246704,3305.424,37.683086,0.32921612,1.3419603,0.20177422,72.50104,209.73457732233865,31.940202506661485,3,0.9748996282959816,False
612351182656535424,135.12348880269616,0.08086553,18.328202046619552,0.05351926,3.5064390276106727,0.093792886,37.384914,-24.996080039666012,0.09163306,-23.18931899222897,0.066649646,17.243353,17.174208,17.428782,-0.25457382,-0.0691452,-0.18542862,852.1735,,,0.9968023,0.0,0.0,209.4529356111882,36.46858580469029,-1,0.0,False
636508861867914112,135.0381832409313,0.15402116,19.495221005235766,0.124595046,3.3748511971324793,0.16900241,19.969248,-36.74912923548407,0.18386692,0.086524674478275,0.15732364,18.231197,19.839346,17.02657,2.8127766,1.6081486,1.204628,543.1412,,,0.9512173,0.0,0.0,208.05362966152256,36.79652375512266,-1,0.0,False
651870344984168448,128.21087993333245,0.112146564,15.317322308611288,0.08499004,4.863397744079774,0.14090168,34.51625,-49.436926593729915,0.13152051,-4.724851835293487,0.09572919,17.84594,19.369272,16.64111,2.7281628,1.5233326,1.2048302,781.2144,,,1.0662694,0.33274207,1.3451596,209.8583547812513,29.208130738577267,-1,0.0,False
652908356971343872,126.61031413185914,0.08220489,16.104261639139523,0.051638186,4.7621849278901305,0.10170629,46.822914,-30.336753015717804,0.09499563,-9.802019885546406,0.062277574,17.158323,18.723854,15.942048,2.781806,1.5655308,1.2162752,933.05334,,,1.0337116,0.0,0.0,208.35320361580816,28.09072088942155,1,0.18968689899818766,True
652938078144995840,126.84707345881402,0.013592745,16.375564627326714,0.008394069,3.501519855967025,0.015246791,229.65619,-25.0330655468376,0.015076485,0.6752404266456151,0.011453814,12.209807,12.526954,11.728936,0.7980175,0.3171463,0.4808712,5026.5703,-0.102779835,0.8574325,0.97729796,0.048209522,3.0711195,208.16739888955135,28.40454567011046,-1,0.0,False
656090962097185920,125.78760295527744,0.023858529,17.184326706995083,0.015045926,3.528023731552794,0.03110626,113.41845,-39.87943201465336,0.029591382,-5.116701014417369,0.020007618,14.773711,15.56573,13.903999,1.6617308,0.7920189,0.8697119,4230.08,7.5717673,7.0451174,1.0742851,0.040831216,0.5293682,206.88332658320616,27.77231725367661,-1,0.0,False
612289992258342656,134.2506772748395,0.06015643,18.18126159703267,0.031217163,3.8528440613737183,0.07408521,52.005573,-36.74375935858663,0.073324785,-18.166960307802317,0.04935694,16.867392,17.942,15.843451,2.098549,1.0746078,1.023941,1710.7498,,,0.98244643,0.0,0.0,209.26021268710028,35.641321357844795,-1,0.0,False
652892581553852288,126.8038363657741,0.18221836,16.00049465936225,0.116064176,3.420324482137948,0.21137927,16.180983,-24.619295416597947,0.2148196,-25.757959481413533,0.13990234,18.326492,19.84557,17.112911,2.7326584,1.5190773,1.2135811,519.06635,,,1.0011213,0.0,0.0,208.54290334973723,28.222562026077945,-1,0.0,False
652967176546354176,126.3957587152189,0.26944947,16.377865574918232,0.16681692,4.053703250224922,0.34671447,11.691762,-27.001051676456683,0.3075846,-11.2277233180897,0.21904096,19.193445,20.90525,17.924614,2.9806366,1.7118053,1.2688313,474.7744,,,1.0815685,0.71936804,1.5794466,207.97744096294113,28.005203203808335,-1,0.0,False
653018445572826752,126.4931638081988,0.07179654,16.804005702037276,0.050194275,5.217797890149962,0.0838149,62.253826,-32.077122461812536,0.085090235,-23.0229259488496,0.06819184,17.005545,18.651762,15.771359,2.8804026,1.6462173,1.2341852,1434.9377,,,1.0164869,0.06555023,0.16973354,207.570767450162,28.25357365866069,-1,0.0,False
656328624110504704,125.47534317353096,0.21696278,17.838162265010038,0.13280186,4.670251034968756,0.28448695,16.416399,-27.85997424104902,0.2649435,-10.786187449122124,0.16347893,18.824183,20.906357,17.462835,3.4435215,2.0821743,1.3613472,490.15607,,,1.0258588,0.6502198,1.8745914,206.0722281070421,27.740883650365088,-1,0.0,False
611911966416572928,133.55537567007676,0.014821801,17.89403437835297,0.0072401552,3.397856562294346,0.016661508,203.93452,-22.17302515374824,0.01822871,-6.637053821687096,0.013267588,13.620391,14.11656,12.965733,1.1508274,0.4961691,0.6546583,7689.051,8.299436,2.2286568,0.9382351,0.0,0.0,209.29972096781455,34.92121703895279,-1,0.0,False
612031710104328960,134.65567781436863,0.05786618,17.849158815084667,0.04792776,3.0901389757412816,0.06417718,48.15012,-35.707799728320055,0.0704704,-3.471745796980509,0.06099732,16.451841,17.590076,15.392945,2.1971312,1.1382351,1.0588961,1419.9952,,,1.0564103,0.1101674,0.7114347,209.81186044810576,35.882676338523865,-1,0.0,False
612209246873314816,134.245607702048,0.038160026,17.636450490535342,0.021434622,5.780717593139154,0.044603813,129.60141,-31.462707162683703,0.04411442,-26.649615382688037,0.03549009,15.993465,17.390448,14.831642,2.5588055,1.3969822,1.1618233,1532.1477,,,0.9678151,0.0,0.0,209.8832531210343,35.44174447156436,-1,0.0,False
612278477449641984,133.95298596223435,0.28870526,17.911693162184942,0.13954815,4.176232624135513,0.3412744,12.237168,-21.78613014404019,0.3624852,-21.901371722044896,0.24438377,19.279177,20.80948,17.992744,2.8167362,1.530304,1.2864323,466.28607,,,1.0815841,1.0908527,3.3476036,209.44543656657584,35.28073614749409,-1,0.0,False
612375170049570688,134.8324162888211,0.13163722,18.67091329014826,0.08082114,3.622093364707755,0.14496529,24.985935,-38.160824509667805,0.17729665,-12.13905024746909,0.12443103,17.915842,19.387869,16.697079,2.6907902,1.4720268,1.2187634,669.04926,,,0.99707466,0.0,0.0,208.9339256604938,36.33027836272384,-1,0.0,False
656309283873333632,125.56392367223448,0.097092494,17.615188426921573,0.06411864,4.411096201117314,0.12250194,36.008377,-29.47688395798586,0.12193424,-25.935281991866987,0.078839935,17.67304,19.039011,16.50699,2.5320206,1.3659706,1.16605,871.72485,,,0.99033207,0.0,4.445507e-15,206.3415311370961,27.736058040030446,-1,0.0,False
657650580684842240,129.22271726221263,0.2524171,15.371748803534862,0.19423741,3.66934517383124,0.30859157,11.890619,-35.58274761852049,0.28187245,-8.180377469731638,0.20853886,19.084642,20.50378,17.823526,2.680254,1.419138,1.261116,420.70047,,,1.0220909,0.5894295,0.79889476,210.2361927151016,30.128621231198704,-1,0.0,False
657833997264128000,128.73231476269513,0.056874476,15.460016048029496,0.04276581,3.2608524126364413,0.06166461,52.880447,-21.4505944173644,0.068473816,-7.504619594010698,0.05323635,16.277267,17.116673,14.931202,2.1854706,0.83940506,1.3460655,772.56976,,,1.0331819,0.15780717,1.6620408,209.93115027139228,29.72687178377944,3,0.843596172469902,False
657927318313319552,128.72487736498422,0.031738516,16.044870494456127,0.02236013,3.2119015817683754,0.04240104,75.750534,-30.63367982021525,0.039636437,-22.237154475804484,0.028569447,15.357451,16.205284,14.443076,1.762208,0.8478327,0.9143753,3153.421,,,1.0841467,0.08694015,1.2688828,209.305555379259,29.945073443089196,0,1.0,False
657974524297608960,129.35184988257927,0.18449466,16.06903827718595,0.13809422,5.3268282750056395,0.21137662,25.20065,-47.31753066098522,0.2176378,-14.025522968515936,0.1764034,18.558697,20.51968,17.276577,3.243103,1.9609833,1.2821198,445.48245,,,1.0060948,0.64213395,2.0299945,209.54570617177657,30.51124565567111,-1,0.0,False
657986412767160960,129.80196776009106,0.14624983,16.179575330539883,0.10372989,3.6192008439704138,0.17658876,20.49508,-21.53794198978741,0.175051,-7.1545834291429795,0.12860852,18.074594,19.98065,16.781973,3.198677,1.9060555,1.2926216,501.0362,,,1.2145083,0.7916995,5.710909,209.61810298024616,30.95320148937296,-1,0.0,False
658314445189486848,131.2213926066081,0.09568558,16.966931610376392,0.049237426,6.4700885012191565,0.120216005,53.820526,-30.358912715701155,0.12151978,-14.567509634574048,0.089828715,17.584682,19.436245,16.326841,3.1094036,1.8515625,1.2578411,954.3933,,,0.9699932,0.0,0.0,209.3603158674658,32.50969116073387,-1,0.0,False
658482674764388608,130.12412383328785,0.055165865,17.164354725799317,0.033138104,3.190877028188585,0.06868315,46.45793,-36.81069626867334,0.06866165,1.0741155360324446,0.05000624,16.648378,17.77057,15.588199,2.182372,1.1221924,1.0601797,1562.6057,,,0.98469937,0.0,0.0,208.68529538461317,31.608570625461777,-1,0.0,False
658936257671312384,127.31650962878705,0.041994542,16.477044496285654,0.030570246,3.0312111428290938,0.05944495,50.991905,-35.10200217202774,0.055687364,-8.675559826054648,0.032826826,15.9012575,16.92286,14.88567,2.0371895,1.0216017,1.0155878,2188.9172,,,0.9759384,0.0,0.0,208.25577053503528,28.85955116056644,-1,0.0,False
658808611242140544,128.88024842797896,0.46401677,16.736662930254244,0.33463174,5.558854873430098,0.5181103,10.729095,-34.25879215794226,0.576119,-10.090197937499722,0.455854,19.842077,21.487741,18.418768,3.0689735,1.6456642,1.4233093,225.97281,,,1.046484,1.592377,2.4653478,208.63048025574304,30.345078541664545,1,0.17870862243436997,True
658834965162690304,129.0746657978761,0.036900397,16.901723170612158,0.024054337,4.313305357921716,0.044454876,97.026596,-27.102995063181552,0.051233977,-25.54261814753744,0.037948214,15.655311,16.833605,14.571678,2.2619267,1.1782942,1.0836325,1752.7518,,,1.0347042,0.024823036,0.073443174,208.53388223287396,30.579483020914225,-1,0.0,False
658893995192969728,128.27995659923266,0.22079587,17.10437624585995,0.138485,5.18913874399808,0.267612,19.39053,-33.379832051980756,0.26000237,-10.863744693499642,0.1622781,18.590147,20.665298,17.315176,3.3501225,2.0751514,1.274971,474.03534,,,0.9928254,0.7300268,2.333534,207.98747314555789,29.950273068340756,1,0.31155715865043887,True
659151177834641152,127.66087533269504,0.028545095,17.472018399102634,0.019509898,5.529671820750441,0.034322936,161.1072,-35.39868546971919,0.033507306,-12.051948890882528,0.02544419,15.140816,16.313362,14.068756,2.244606,1.1725464,1.0720596,2080.8054,40.658363,5.076308,1.0320835,0.047176745,0.42658883,207.34107236828916,29.538459323412617,1,0.5917365467672361,True
659230166577197056,129.5294507137609,0.026781816,17.31052913148178,0.01860934,5.52363881819405,0.02976257,185.59012,-36.952788757688374,0.03117328,-11.59106460353101,0.024517471,15.086274,16.221085,14.025758,2.1953268,1.1348104,1.0605164,2164.921,36.81102,4.704147,1.0086763,0.0,0.0,208.28011161395676,31.134999310287835,1,0.49322705698152963,True
659343111333443968,129.04997309268686,0.095456876,17.87960051925507,0.06539853,5.275589913389326,0.11480975,45.950714,-34.49085594475791,0.11150888,-11.46924885456431,0.07470082,17.579077,19.402641,16.306097,3.0965443,1.8235645,1.2729797,624.2896,,,1.0327002,0.16396591,0.45263857,207.46648923941183,30.91906226156216,1,0.5452000535151457,True
659370461684793216,130.15089890225562,0.050543886,17.95007670097989,0.030281447,5.271398898724055,0.058429286,90.21844,-35.91912791135785,0.06418896,-11.460532859720844,0.042481832,16.381422,17.933561,15.163096,2.770465,1.5521393,1.2183256,1125.3303,,,1.0233169,0.046747066,0.14007182,207.8365003993692,31.92037220602992,1,0.5160704374232796,True
659436153207801344,129.906145677812,0.0120272515,18.17034565953413,0.008575801,5.352637917039327,0.014111234,379.3175,-35.29072549662506,0.013716531,-11.110285950173466,0.01029015,12.043598,12.489428,11.437575,1.0518522,0.4458294,0.60602283,2418.2815,36.69791,0.59609276,0.89339125,0.040565256,2.1046636,207.495591686423,31.783213477197673,1,0.44209406846246696,True
659466222274840192,129.9539092230772,0.36691144,18.34787570013801,0.2633302,5.237942110822671,0.4411875,11.872372,-35.21667085370676,0.422667,-10.935988513663604,0.3407351,19.173939,19.828646,17.610004,2.2186413,0.65470695,1.5639343,205.54381,,,1.1462606,1.519922,4.811879,207.3199004111108,31.889495183008993,1,0.3718261400008914,True
659472235229782912,130.38123718011528,0.018327314,18.500561032271165,0.008736361,5.4937110173796935,0.021821102,251.76138,-36.289945645016665,0.022382112,-13.054612605247735,0.016846996,10.262821,10.532958,9.832489,0.700469,0.27013683,0.43033218,3107.844,34.79982,0.278125,0.99493265,0.09524896,12.632958,207.3231458725598,32.32270855583569,1,0.7279595930428014,True
677898121669691520,126.579022892621,0.3030939,22.73943969253694,0.2040925,7.207645176010236,0.34872645,20.668478,-38.05492031344118,0.36811662,-21.94675628735414,0.2576344,19.559486,19.791191,19.185944,0.6052475,0.23170471,0.3735428,326.1582,,,1.0560963,0.73858076,0.9037104,201.23252961694217,30.42672579936421,-1,0.0,False
677930149242254976,126.46958470964876,0.023637932,23.205673395219,0.016531797,7.8633985392102685,0.02639043,297.96402,-40.3258801990782,0.029263133,1.9012972880417216,0.022007966,14.869335,15.920825,13.852003,2.068822,1.0514898,1.0173321,2962.9238,57.019146,8.666242,1.0655468,0.0,0.0,200.68306478056564,30.483102013860012,-1,0.0,False
678028521178425344,126.66883686246732,0.04107501,23.415445062942467,0.029124916,7.875528760520958,0.05272763,149.36247,-40.42754989836188,0.054463983,-20.162881674618426,0.037516125,16.067505,17.690224,14.835285,2.8549385,1.6227188,1.2322197,1712.0704,,,1.0015377,0.0,2.3441832e-15,200.52078345491995,30.723890233688593,-1,0.0,False
678514780190819456,128.49557754977056,0.060580976,24.239407160735993,0.039301172,3.1675405912819263,0.07128036,44.437775,-21.889468010971008,0.07804952,-11.644068534974966,0.055142928,16.729162,17.777094,15.725533,2.0515614,1.0479317,1.0036297,1610.0718,,,0.879357,0.0,0.0,200.21655845275865,32.568914516162856,3,0.8302961440973496,False
684650634892639488,134.6741227915432,0.35147828,20.294235848775585,0.22069639,4.055462786466962,0.39527476,10.259857,-23.74256671219606,0.4037015,1.4956869621771232,0.31344405,19.304586,21.109211,18.017773,3.0914383,1.8046246,1.2868137,336.9968,,,1.0472579,1.1549263,2.8441908,206.97064815661457,36.74158575032718,-1,0.0,False
684656171106553600,135.0747991965768,0.07966877,20.261792708602627,0.05726749,3.1145062099264207,0.095993094,32.445107,-25.003652645207936,0.09609535,-5.303635320165692,0.07467535,17.449436,18.882168,16.276747,2.605421,1.4327316,1.1726894,1123.7537,,,1.060252,0.08928335,0.16499531,207.16427848392215,37.08559589511036,-1,0.0,False
684781103115523072,135.11846242215728,0.015441522,20.748047318664582,0.011176481,3.428117976717604,0.020026429,171.1797,-41.58862506718629,0.019242575,-25.032038500827262,0.015364671,8.378938,8.939268,7.670181,1.2690873,0.5603304,0.7087569,5840.256,65.078476,0.15089548,0.8876005,0.06332006,2.8225791,206.60436716534187,37.28341381144233,-1,0.0,False
684879818643453824,134.86025064881557,0.015195136,20.801008373666104,0.010938053,6.842541652567038,0.017494513,391.125,-33.62861624266774,0.017699236,-14.253952103065629,0.013892355,12.834143,13.483225,12.063683,1.4195423,0.6490822,0.7704601,4967.407,47.821648,0.95671266,1.0479788,0.06988508,4.645984,206.44320321659512,37.0722236135092,-1,0.0,False
685724106134581760,134.10739887908434,0.0835236,21.4472176525139,0.0344048,3.1947550024399773,0.09053734,35.286602,-23.37267508851913,0.10524984,1.5149683735614297,0.06456414,17.172411,18.445192,16.060286,2.3849068,1.2727814,1.1121254,1547.4515,,,0.9671123,0.0,0.0,205.3965418151756,36.61488048882316,-1,0.0,False
685803477130074240,133.4843545393649,0.014955229,21.78160251629354,0.0076085073,6.031313222767503,0.017226376,350.12085,-42.767810045387144,0.01739967,-15.111941597190205,0.012024153,9.146396,9.35069,8.79308,0.55760956,0.2042942,0.35331535,5961.9814,31.393778,0.3291997,0.87904876,0.07225378,6.8919587,204.7742948202631,36.171663833957915,-1,0.0,False
690275706315511680,130.5224181634954,0.01395395,24.076059714787228,0.00733572,4.626081642850345,0.017138047,269.9305,-33.7837792708013,0.017518306,-15.428263683756049,0.013896261,10.4730835,10.72942,10.045234,0.684186,0.2563362,0.42784977,6128.495,30.993612,0.35769045,0.88699585,0.070334025,9.574168,201.07401752000823,34.28198486007744,-1,0.0,False
690530896094421632,129.82995180548463,0.034310967,24.413715361164765,0.024677,5.69421672552331,0.042117856,135.19722,-38.560588538909755,0.040386997,-17.17168542895051,0.02938906,15.619213,16.904905,14.496484,2.4084215,1.2856922,1.1227293,1325.2156,,,1.0895158,0.12196157,2.0105467,200.4572119383442,33.78061132579615,1,0.13512787443952576,True
658425637598776960,130.41294417216855,0.025895678,16.94926305759792,0.013652511,4.743388631694008,0.030869266,153.66057,-29.999954450978255,0.033278488,-1.0594508535428864,0.025544126,15.102014,16.118107,14.10122,2.0168867,1.0160933,1.0007935,3103.1902,30.132124,7.1393495,1.0320034,0.0,1.9293913e-15,209.04047600054216,31.78514594644647,-1,0.0,False
658587536389571328,130.34075037882084,0.015409923,17.482067777151617,0.008235592,3.841467704499542,0.017304216,221.99606,-36.60778337655075,0.019239563,-1.1634817137016282,0.014087392,9.75608,10.048301,9.295166,0.7531347,0.29222107,0.46091366,7108.5913,-7.816001,0.31511027,1.0269321,0.0942292,11.981283,208.42760874540392,31.917935078911768,-1,0.0,False
658860528806333952,129.05186559856577,0.2811655,17.147315985322265,0.20216656,3.810448341498943,0.323565,11.776453,-24.20099911410439,0.3408165,-10.206624161378874,0.2616875,19.274355,21.093298,18.00628,3.087017,1.818943,1.268074,352.9773,,,1.1185019,1.1474067,3.1099622,208.25964997799392,30.65084265276685,3,0.8561131599777048,False
658929591881952384,128.63231084557754,0.21311407,17.461155292447472,0.14601336,4.329256842152079,0.23917554,18.10075,-21.12574057757804,0.2538758,-27.750218948671833,0.1982345,18.707785,20.378506,17.416168,2.9623375,1.670721,1.2916164,457.0739,,,0.98727095,0.73763615,2.318585,207.74888787551345,30.39518147884932,-1,0.0,False
658991198892925440,127.31299146002318,0.019563653,16.934579484741555,0.012761135,4.1539990676570415,0.022911819,181.30377,-22.03018053668945,0.026747603,-9.556176908398202,0.016050966,11.405922,11.699423,10.955457,0.7439661,0.2935009,0.4504652,2492.6,0.5514932,0.6903933,0.98147416,0.12618098,20.06575,207.7702728147039,29.029402281912997,-1,0.0,False
659248862571213184,129.30828250395194,0.025466487,17.51356336858677,0.015749972,5.298589935418748,0.029269762,181.02606,-34.47762055149108,0.030530805,-11.439509191785458,0.020095976,14.335271,15.20933,13.355825,1.8535042,0.8740587,0.97944546,2146.5205,37.166035,3.9247499,1.3019704,0.13480303,6.960524,207.9688767229506,31.0137660139735,1,0.5047283062512944,True
659254394489166848,129.63679098931613,0.11624639,17.393873051608765,0.08152788,5.559424557043873,0.13473164,41.262947,-36.24151086992248,0.13243084,-11.143651503817908,0.10139548,17.912004,19.702938,16.640327,3.0626106,1.7909336,1.271677,765.543,,,1.045039,0.15634353,0.27146274,208.233793803311,31.260989659491084,1,0.3664416865614975,True
659281538682363520,129.58450743829633,0.0793963,17.722369376317634,0.051605377,3.5080427959405247,0.09074113,38.6599,-23.504416579019143,0.09780445,-12.800710579998071,0.064672284,17.05908,18.286085,15.958374,2.327711,1.227005,1.1007061,1139.276,,,0.9186371,0.0,0.0,207.8548004074625,31.33529984979079,3,0.9179379885437785,False
659284390540626816,129.75752007586482,0.03001221,17.85573002592388,0.019288484,5.6076872213280895,0.038719244,144.82947,-36.91815116446497,0.03847425,-11.97916806900567,0.026796428,15.059099,16.213165,13.9930525,2.2201128,1.1540661,1.0660467,1703.4681,22.897688,7.5416183,1.1338569,0.1031506,2.2797034,207.77978929308287,31.537360151425883,1,0.47672994524360657,True
657959887049024384,129.60035934711456,0.15785326,16.00109842961001,0.108844236,4.0843929101042304,0.20389412,20.03193,-27.57717185850231,0.2117762,-7.567815943930337,0.15259069,18.283262,20.06382,17.010073,3.0537472,1.7805576,1.2731895,448.2413,,,1.0786095,0.5398574,2.1925566,209.72447558723283,30.706149879766336,3,0.8169586101939825,False
657970401128976896,129.15539448946058,0.12163514,16.022277202797245,0.09045738,5.850699183899356,0.1375195,42.544506,-44.13357091865113,0.14218888,-11.237760484031671,0.11444928,18.01789,19.86074,16.708624,3.1521168,1.8428497,1.309267,561.25244,,,0.99671376,0.0,0.0,209.5123439409952,30.318878923426496,-1,0.0,False
658156527832150400,131.04868454134743,0.09041039,16.542343212890962,0.044373512,5.1016017940610245,0.1032249,49.422203,-36.78606775670582,0.111487806,-10.534477218382262,0.07842484,17.565561,19.367762,16.297926,3.0698357,1.8022003,1.2676353,969.2266,,,0.93675363,0.0,0.0,209.75364095787864,32.19788193702193,1,0.22347896592330682,True
658174669773884544,130.6078793424086,0.03036735,16.378820022964565,0.013903695,3.7813199318654633,0.041564267,90.97526,-33.22702815289825,0.043371815,-8.900194903908105,0.032454673,15.359488,16.269258,14.418517,1.8507414,0.90977097,0.9409704,3538.0894,,,1.0042231,0.0,0.0,209.74484897893325,31.7446799520746,-1,0.0,False
658235525166248832,131.41828814014295,0.016191768,16.531779130445926,0.008704083,3.307141532597404,0.018957213,174.45296,-26.151924261436307,0.020624349,-24.46512714453554,0.01591697,10.913735,11.282679,10.377479,0.9052,0.3689432,0.5362568,6909.7905,68.92959,0.1823619,0.9951845,0.09927862,14.32109,209.92251907415377,32.52238394241222,0,1.0,False
658482051992944512,129.98576853677545,0.29514822,17.175962818009914,0.20411615,5.962470688052769,0.38403806,15.525728,-37.59617617727898,0.37136716,-11.32710908162722,0.27301508,19.4365,21.505865,18.055685,3.45018,2.0693645,1.3808155,328.65747,,,1.0429522,1.0893915,2.1892862,208.61519903564317,31.490078466337543,1,0.174786660519657,True
658654881476810240,128.04088497070782,0.31128415,15.85782308256809,0.23442416,4.2319141481732805,0.37882122,11.171269,-30.249283680514083,0.34933105,-9.605797287242762,0.28212565,19.214195,20.983976,17.902979,3.0809975,1.7697811,1.3112164,338.78857,,,1.1428571,1.3349111,3.674831,209.2145434060843,29.265930414365425,-1,0.0,False
657708824736752896,130.48452843993044,0.021780156,15.629768608680996,0.010467443,5.62447217629384,0.023818783,236.136,-39.03097304994478,0.026723986,-10.892925613851483,0.019739715,14.678762,15.736359,13.653603,2.082756,1.0575962,1.0251598,2169.0938,39.456474,3.3089528,1.031465,0.0,0.0,210.50473655310725,31.34999168983375,1,0.22636418970144262,True
657748544594237952,129.99664216214066,0.07304387,15.71878575652262,0.044198047,4.0246221300777165,0.08989642,44.76955,-25.887871783347947,0.09050854,-6.959155294128198,0.061334778,17.107946,18.569204,15.927314,2.6418905,1.4612579,1.1806326,1052.2291,,,1.0340763,0.059125952,0.10243929,210.19803388608324,30.950382775640698,-1,0.0,False
657769675833233408,129.74029959685444,0.025423547,15.887504750219332,0.018263837,4.975810347436903,0.032799903,151.70198,-33.049337486274624,0.031932738,-8.833514716358255,0.022733485,14.620172,15.6171055,13.624479,1.9926262,0.99693394,0.99569225,1007.27747,,,1.2588317,0.118439764,4.517838,209.90641559415673,30.78713590387684,1,0.16398553561441653,True
657789844999737088,129.91006015589053,0.03343735,15.918527033637115,0.024133764,3.8595295683192417,0.041880045,92.15677,-35.02174363484866,0.043178473,-21.972719809231425,0.03023291,15.699326,16.756891,14.670936,2.0859556,1.0575657,1.0283899,2020.6267,,,1.0403866,0.0,0.0,209.94568807661364,30.949865616866532,-1,0.0,False
657832073118708992,128.53236169435118,0.028021714,15.479112828652552,0.019277383,3.2930948790475365,0.032169703,102.36634,-24.304875759005007,0.03307728,-12.156897504657367,0.026841545,15.210467,16.051926,14.310562,1.7413635,0.8414583,0.8999052,2811.962,0.14871803,8.413748,0.9607097,0.0,0.0,209.82510832350752,29.55655679474596,3,1.0,False
658032729694610432,129.05222434232198,0.07174592,16.339689923820576,0.048602995,3.2225572227847747,0.079663515,40.45211,-30.06639459088362,0.085136525,-7.738720693911304,0.061594807,16.945541,18.28393,15.813588,2.4703417,1.3383884,1.1319532,1005.9035,,,0.94822985,0.0,0.0,209.1285599864372,30.34795745774939,3,0.8536168045526042,False
658103545114992640,130.88031660340454,0.21833049,16.05720954068081,0.09842758,3.1134153227972137,0.2823235,11.027829,-26.303810551099595,0.30473235,-1.2465905014631058,0.22422546,18.718609,20.54489,17.485703,3.059187,1.8262806,1.2329063,615.6989,,,1.0594842,0.5901305,2.0126767,210.21162106054305,31.86512386255618,-1,0.0,False
658109837243258752,130.65394630465866,0.13209456,16.045529609755572,0.04960532,6.802181758357023,0.15293078,44.478825,-47.93880748517171,0.17710184,-10.51270699839846,0.115695916,17.89012,19.892431,16.57224,3.3201904,2.0023117,1.3178787,837.56647,,,0.99771917,0.13177346,0.29630178,210.12711861301892,31.65945361891692,-1,0.0,False
658145670154622720,130.8692785994045,0.14088382,16.261108330194386,0.06492716,3.5247883205621857,0.16396782,21.49683,-25.4767422362443,0.17963812,1.976244177727604,0.12193469,18.214733,19.64363,17.080221,2.563408,1.428896,1.134512,828.8515,,,1.0732795,0.47313508,2.6695995,209.98462316063296,31.932556893282236,-1,0.0,False
658271087495486080,131.81770271776915,0.038831897,16.81966805655383,0.020027488,4.174769566684836,0.044403818,94.018265,-23.10061345951219,0.045416508,-25.40256270858127,0.03423868,15.957678,17.29371,14.818981,2.4747295,1.3360329,1.1386967,2204.7698,,,0.94738257,0.0,1.9874836e-15,209.774771808245,32.98480782383358,-1,0.0,False
658444054418508032,129.77524943575793,0.16500534,16.810378110364592,0.11571944,3.1752146290379244,0.1900355,16.708534,-31.593452507864015,0.19435282,-14.642955151068374,0.14912857,18.362667,19.752174,17.213585,2.5385895,1.3895073,1.1490822,545.1053,,,1.0486555,0.34043276,0.66452676,208.924725912894,31.167155572479853,-1,0.0,False
658502770915129088,130.1160040882737,0.16590834,17.35034117449012,0.111328915,3.885083987585183,0.19946098,19.477915,-31.603325738555977,0.20169187,-11.019083916321415,0.14107588,18.560795,20.273327,17.324621,2.9487057,1.712532,1.2361736,497.4567,,,0.9888519,0.0,0.0,208.47892835368253,31.670074153065865,-1,0.0,False
658530400441951744,130.61678521805612,0.07548553,17.24674971619968,0.034309857,5.383604397436836,0.0876679,61.409073,-36.58722146767827,0.09067528,-11.200272170169647,0.062728785,16.827639,18.377802,15.622185,2.7556171,1.5501633,1.2054539,1349.478,,,1.0445131,0.3472025,6.4929185,208.79992436131272,32.07631482058435,1,0.5906219810854401,True
658566065849392000,131.01569045552137,0.021092746,17.55216243443167,0.01011706,3.6977053372492863,0.025579909,144.55505,-43.884346422820755,0.027146917,-24.92584967096853,0.02115059,14.204558,14.940925,13.369866,1.5710583,0.7363663,0.834692,5184.7876,38.482212,2.152808,1.1073664,0.04719953,1.1791614,208.62918927817068,32.542523308042405,-1,0.0,False
657731605243153536,130.48439695951222,0.049189597,15.882853821722618,0.023531564,6.087764697584681,0.056733552,107.30448,-41.9667126272475,0.05818674,-17.616871282514076,0.043070227,16.386463,17.863153,15.195834,2.6673193,1.4766903,1.190629,1680.4749,,,0.97877353,0.0,0.0,210.23076698006489,31.446769347888623,-1,0.0,False
658091622285738880,130.88969702067934,0.17282087,15.879274218684689,0.082246765,5.890316457908307,0.20954205,28.110428,-29.90789913490517,0.22726715,-14.402300947463056,0.16869271,18.450043,20.318329,17.139627,3.1787014,1.8682861,1.3104153,638.09906,,,1.0628263,0.53140306,2.4024599,210.4093408474993,31.805740853413536,-1,0.0,False
659052114412565376,127.36760903864172,0.22336712,17.246666224128226,0.15780559,3.794533712338168,0.24795803,15.303129,-33.15390602091816,0.26140818,-6.404534036326826,0.18818344,18.663141,20.225828,17.469458,2.7563705,1.5626869,1.1936836,444.696,,,0.9522865,0.0,0.0,207.46149627904623,29.194776303118033,-1,0.0,False
659321499058103424,129.34496339085712,0.07455602,17.687519494084764,0.04441283,5.26912410425258,0.089520834,58.859196,-35.034998168369526,0.090641335,-11.526955800537047,0.057799246,16.976349,18.682856,15.729656,2.9531994,1.7065067,1.2466927,994.9157,,,0.9516829,0.0,0.0,207.7949970834438,31.110192207087454,1,0.5546481211233137,True
659372518973185536,130.21857076005065,0.2260815,18.016977585974924,0.1259695,6.044129256626141,0.2532068,23.870329,-36.23980594832632,0.28517148,-11.875756655301233,0.1849379,18.786896,20.60545,17.472603,3.1328468,1.8185539,1.3142929,409.64493,,,1.0012203,0.39106303,0.58551264,207.7905137288848,32.00461306366616,1,0.16446303556662734,True
659495629915348224,130.0672343888975,0.018810092,18.791612769707655,0.012389392,4.716512759094692,0.022117395,213.24901,-22.12598178686407,0.02078954,-19.7130436548123,0.015966317,12.944793,13.46513,12.275027,1.1901026,0.5203371,0.6697655,2538.3445,10.053388,1.9934256,1.0414045,0.10538049,10.549492,206.87634666840435,32.148356699777906,-1,0.0,False
659691656519169920,129.6345159427063,0.04492257,18.781294508868015,0.028762082,5.364887786840293,0.052353773,102.473755,-35.06088632760719,0.051647663,-12.21869997675228,0.035740826,16.103468,17.486736,14.94798,2.5387564,1.3832684,1.155488,1800.3463,,,0.9971867,0.0,0.0,206.71607657825209,31.761780773642787,1,0.7920662751358682,True
659612285523485056,128.84021978122698,0.04452609,18.49277741015698,0.029450947,5.223035252394066,0.05050561,103.414955,-34.12684635693897,0.05253717,-11.956963521699372,0.03528543,15.842389,17.185036,14.70035,2.484686,1.3426466,1.1420393,754.1686,,,1.0375289,0.07002703,0.48035508,206.71601653435044,30.955732443786054,1,0.44197340811001157,True
659637707436876800,129.33021301571938,0.017281167,18.26354550832539,0.010962108,4.278406379022461,0.02047442,208.96349,-47.31291837984041,0.022147244,-15.104625534032763,0.014081193,12.836375,13.332534,12.166088,1.1664457,0.4961586,0.67028713,3977.4407,93.82251,0.79900986,1.0555011,0.07676603,5.181835,207.1617216479095,31.30675849698928,-1,0.0,False
659651004652040064,129.42294940819502,0.1901265,18.513247123791967,0.14513868,5.234646724390368,0.2755017,19.000416,-35.587040039835756,0.2454749,-12.282548988929854,0.1737953,18.847029,20.798084,17.52941,3.2686749,1.9510555,1.3176193,454.40656,,,0.99632424,0.0,1.2345602e-15,206.92593873967385,31.478765158924375,1,0.5861700316843329,True
659660316141171968,129.09680151871962,0.3132418,18.545039602853976,0.20070292,5.5283398138640525,0.3527654,15.671434,-34.977413258549106,0.38734257,-12.676647816965817,0.286054,19.252697,21.075052,17.922047,3.1530056,1.8223553,1.3306503,327.83267,,,0.93567985,0.0,0.0,206.76122545853516,31.20154719242301,1,0.5051686841234874,True
659744295638254336,129.36256645258868,0.048460882,18.97661800332726,0.033122063,5.552022901537111,0.0629614,88.18137,-35.776313836446924,0.063797474,-12.274444023489917,0.043320637,16.060843,17.454418,14.900679,2.5537395,1.3935757,1.1601639,1322.9022,,,0.98767865,0.0,0.0,206.3941161148759,31.590637472177026,1,0.6394594772308175,True
659772195745778688,129.39030949869937,0.042169034,19.310936814365395,0.02453722,5.510939251299252,0.049415246,111.523056,-36.24200217081918,0.049181256,-11.980284027129043,0.03281083,15.624946,16.976599,14.4778385,2.4987602,1.3516531,1.1471071,1256.344,,,0.9038134,0.0,0.0,206.037491344866,31.733174059470613,1,0.7212664452254759,True
659923275515347456,132.87368030297108,0.020967996,17.75414140610605,0.012125693,4.655828115691901,0.02459447,189.30385,-28.431942960864063,0.02556721,-15.463763989317863,0.019286504,7.718239,8.234205,7.0384717,1.1957335,0.5159664,0.67976713,6666.5244,20.16418,0.1202076,1.0182469,0.12765467,11.988084,209.1743811871904,34.2654034946313,-1,0.0,False
660134446170679040,131.08447772910677,0.013994813,18.049810116607883,0.0065682535,5.338256946261414,0.016129568,330.96094,-36.06786214734332,0.017764665,-10.941591572982157,0.012037502,12.626378,13.166862,11.941752,1.2251091,0.5404835,0.6846256,4742.124,34.781013,0.4305133,0.99473065,0.06426088,5.7049947,208.10662750920991,32.78421011422148,1,0.47683035531750173,True
660145205065114240,131.33673867828185,0.08829398,18.266750018096065,0.046961382,3.1569180051128214,0.10232297,30.852486,-26.484857226528625,0.10525909,-8.29806634504128,0.08292494,17.341894,18.537151,16.255136,2.2820148,1.1952572,1.0867577,1301.8522,,,1.0593213,0.28022164,2.2270534,207.9680254068423,33.08584917555128,-1,0.0,False
660161349846373760,130.98624139254585,0.16677947,18.35593634913647,0.081764236,5.502346810033918,0.19118664,28.779976,-36.36133779292082,0.20771402,-11.759641709124583,0.14710301,18.553524,20.517551,17.230576,3.2869759,1.9640274,1.3229485,655.6308,,,0.97376,0.58684075,2.783526,207.7268810016984,32.80705628928164,1,0.6110341386151378,True
660194820527281792,131.5759248760354,0.0738786,18.71913875138413,0.03978801,5.318869483265822,0.087767296,60.60195,-37.523895593707906,0.09157272,-12.221942275617028,0.06308299,17.125807,18.8287,15.878773,2.9499264,1.7028923,1.2470341,1043.1935,,,1.0468502,0.13460837,0.5962454,207.5587851106149,33.45873081582912,1,0.5263911567092978,True
660225877435053952,132.0044457303824,0.049113415,18.662222546426648,0.028537583,4.468115620582836,0.05890004,75.8593,-48.34576421358655,0.059041146,-6.464460667078785,0.046267252,16.521292,17.764004,15.420318,2.343686,1.242712,1.1009741,1746.3855,,,1.0065222,0.0,0.0,207.794903309485,33.81840908130983,-1,0.0,False
660309646476713216,132.12511979990086,0.17129086,18.950901120651174,0.08920447,5.633629152623095,0.19786301,28.47237,-39.37281068041533,0.21248312,-13.19108489165138,0.15043265,18.659842,20.67864,17.344065,3.3345757,2.0187988,1.3157768,540.1595,,,0.92208767,0.0,0.0,207.517589434661,34.02681342521021,1,0.29410516577350515,True
660412175936416000,133.18890158453493,0.34794715,18.61438088264636,0.16120799,4.922126596471649,0.40184027,12.248963,-37.19898419368134,0.44933426,-11.82131947314118,0.2743558,19.328255,21.017815,17.973469,3.0443459,1.6895599,1.3547859,414.73898,,,1.1263323,1.3070679,3.9938443,208.32809880304995,34.85189085395781,1,0.21034168816624713,True
686045743349477504,132.4953759458037,0.1339065,22.045550408779885,0.07031854,3.959720187828607,0.15834527,25.006874,-32.13246265001878,0.1658904,-14.609972709631986,0.11296004,18.086134,19.797949,16.838718,2.9592304,1.7118149,1.2474155,723.1303,,,1.018075,0.0,0.0,204.10829453112152,35.38452908693642,-1,0.0,False
686151163322874368,133.88219303624888,0.017369367,22.68420370869336,0.008862007,7.314423126182916,0.02115778,345.7084,-49.61055095746134,0.020100804,-7.465429049617261,0.015362576,13.752923,14.638703,12.826846,1.8118572,0.88578033,0.9260769,4369.5244,65.166435,1.8630852,1.0292438,0.0,0.0,203.84921879238345,36.80185961386504,-1,0.0,False
686201667842412032,133.62466302906367,0.23672527,22.7512109125923,0.12322486,3.520152374123333,0.28604844,12.306141,-36.30731144213034,0.2838465,-6.285629012062529,0.21127038,19.026443,20.570377,17.80359,2.7667866,1.5439339,1.2228527,434.88205,,,1.0145051,0.20996176,0.14997056,203.679402580972,36.59599150078717,-1,0.0,False
689062910631551232,132.39839112338026,0.06781273,22.33274487732806,0.036196508,6.14154392235369,0.0775818,79.16217,-30.69818121161128,0.08532159,-27.35993793716535,0.061449092,16.983315,18.432386,15.819881,2.612505,1.4490719,1.1634331,1437.1088,,,0.9437649,0.0,0.0,203.73925173712584,35.38955106618503,-1,0.0,False
689067270022390016,132.32918911610432,0.10359345,22.401752361148663,0.0558382,3.592490810267504,0.11816748,30.401688,-31.11026678851964,0.12473744,-23.054373879882597,0.09194423,17.881355,19.332615,16.713297,2.619318,1.4512596,1.1680584,834.7439,,,0.9530912,0.0,0.0,203.634334203565,35.35033206369756,0,0.9244679917383472,False
689140254402511232,131.6212766607621,0.04863235,22.61106788419851,0.024187403,3.816893488811534,0.0597554,63.87529,-44.33616307633508,0.06325522,-14.125251736696375,0.0416763,16.17829,17.458157,15.053481,2.4046755,1.2798672,1.1248083,1737.5465,,,1.0305599,0.071780235,0.4548232,203.1419013990761,34.794364726951294,-1,0.0,False
689208385467467904,133.02965145390976,0.23141806,23.08476360409446,0.12244276,4.320609134871756,0.2547211,16.962116,-21.95721219485141,0.26044643,-24.120312289362868,0.17742676,18.873806,20.562729,17.642727,2.920002,1.6889229,1.2310791,469.7754,,,1.0041025,0.50516164,1.0605216,203.078048050314,36.1749909297593,-1,0.0,False
689503157663182080,132.2365124140195,0.16815752,23.83940146598088,0.08115179,5.627027103117157,0.18002506,31.25691,-40.66790559594675,0.20368113,-16.41458275248531,0.16121042,18.233742,20.00435,16.809755,3.1945953,1.7706089,1.4239864,712.58527,,,0.97273105,0.0,0.0,201.91969920620252,35.70667413542216,-1,0.0,False
659415129344636544,130.2936592985013,0.035229977,18.268587283148975,0.018249413,5.594857504788239,0.041381914,135.20056,-36.90225913551589,0.041299418,-12.546276243288943,0.028477717,15.520315,16.822386,14.389117,2.4332685,1.3020706,1.1311979,1493.3899,16.232792,4.8786454,1.0258322,0.0,0.0,207.5439610902113,32.16196801809482,1,0.5940813083557851,True
659488349947010176,130.07094601235195,0.1012146,18.60822834921865,0.061219368,5.55321627784875,0.13200141,42.069366,-36.71131085322207,0.12041576,-11.972982453790516,0.07947194,17.26622,18.938065,16.015116,2.9229488,1.6718445,1.2511044,877.3618,,,1.0451701,0.16752337,0.6181201,207.0801669476356,32.08637390843031,1,0.5666320303269913,True
659558993569374848,128.99646055896773,0.03921024,18.30818063052667,0.029083937,5.2791331950002975,0.046413917,113.74031,-34.689723531443875,0.04405893,-11.688364861050411,0.032175463,15.739374,17.026388,14.615846,2.4105425,1.287014,1.1235285,1349.4979,,,1.0893537,0.14447843,2.3086176,206.9792436104545,31.02740609511717,1,0.6355765141899878,True
659590089132475904,128.06383470812915,0.06454845,18.254847840116497,0.0433733,5.529736532654542,0.07355039,75.18297,-48.22873784342611,0.07671031,-22.232275442111348,0.06007249,16.766697,18.189754,15.598602,2.5911522,1.4230576,1.1680946,1201.2533,,,1.0579354,0.15363464,0.96662784,206.66398621816347,30.18276187607788,-1,0.0,False
659713818550364160,129.05011423601533,0.083910555,18.735455827601175,0.054729715,5.524962825748739,0.09559628,57.794746,-35.61480825954466,0.10161965,-13.055411871350442,0.07391768,16.909399,18.674637,15.639655,3.0349817,1.7652378,1.2697439,923.7418,,,1.1262449,0.26588327,2.1572883,206.5348239670255,31.2284679453373,1,0.6984134101143301,True
659717284587525376,129.16264515197668,0.26209015,18.768167839711214,0.15330595,3.426322454117323,0.3381316,10.133102,-21.950831716154617,0.3248422,-11.502434621953103,0.21135563,18.77483,20.334394,17.501125,2.8332691,1.5595646,1.2737045,427.28366,,,1.0429436,0.87332326,2.8631272,206.54360815072624,31.33968070811529,3,0.9205818743611107,False
659760650873719040,129.2149793271075,0.015056964,19.076343163641273,0.010120028,5.399575410374221,0.018815974,286.96765,-34.32226429595258,0.018840097,-13.131467072131478,0.0128007345,13.329974,14.004798,12.540646,1.4641523,0.67482376,0.7893286,2644.5498,37.052345,1.9055296,1.0885127,0.0048726797,0.017747486,206.2266911356976,31.4954934373922,1,0.6788408347446644,True
659763880689114240,129.2642330149485,0.016148742,19.178045390888197,0.01141583,5.7504541395733435,0.018727655,307.05682,-38.129184818416235,0.01925685,-13.337883104964297,0.014555535,13.150255,13.7924385,12.3845215,1.407917,0.6421833,0.7657337,4321.6724,25.51246,1.7893789,0.9632052,0.0,0.0,206.13436465127785,31.574969496234555,1,0.38899526873756146,True
659911004792820608,132.1778179494782,0.10482386,17.995984942580268,0.051484406,4.649793188630895,0.13199924,35.22591,-25.998091353419586,0.13582726,-9.662211214612286,0.09226882,17.64203,19.466476,16.328608,3.137869,1.8244457,1.3134232,936.67194,,,1.0219693,0.1611221,0.4962879,208.61437216223035,33.734790445008855,-1,0.0,False
659958867907857920,133.1103675670869,0.01400704,18.04784167975177,0.0075555155,6.019014092724471,0.018023249,333.9583,-25.887598126229555,0.017257217,-3.8939839475502898,0.012869114,9.668064,9.8972645,9.281864,0.6154003,0.22920036,0.38619995,6422.253,40.49189,0.23616304,0.9917705,0.08220157,10.565437,208.94030977818284,34.581168442667625,-1,0.0,False
659980896796481792,133.21235618204045,0.027666721,18.27863396639014,0.014564033,5.143044297295054,0.032880466,156.41641,-39.26914496214437,0.032511268,-12.64194444561988,0.024979722,15.297532,16.335138,14.287195,2.047943,1.0376062,1.0103369,2880.3093,-29.585323,6.1333523,1.0257792,0.049781807,0.5799608,208.72016129574752,34.75400261875227,1,0.15055231314819514,True
660225916090501376,132.00706589031125,0.016163796,18.677070225646357,0.008220099,5.476848052881587,0.018239684,300.271,-38.07295863083377,0.019496396,-11.919998643707151,0.014612574,10.250106,10.589467,9.740855,0.84861183,0.3393612,0.50925064,2428.383,,,0.9372765,0.090227015,11.543379,207.77923607564608,33.825972343783654,1,0.420798798351494,True
658720581593490432,128.36263266734335,0.039676495,16.580338428084154,0.0305205,4.59232357383748,0.048890892,93.930046,-43.186456326474655,0.048538905,-2.726707484423614,0.038484838,14.99539,14.641068,13.293549,1.3475199,-0.35432148,1.7018414,1628.064,-25.920357,4.807822,1.0174693,0.20459187,7.26781,208.5819421386634,29.826829907293288,-1,0.0,False
658866576121852416,128.43635913312616,0.0112201655,16.836800448744658,0.008458369,3.0461527205897463,0.013140187,231.8196,-37.694377873889586,0.0133290775,-1.695969237330656,0.010245414,12.172969,12.496733,11.687807,0.8089256,0.32376385,0.48516178,4559.156,74.70807,1.166188,0.86357844,0.03579535,1.6144394,208.3385326257919,29.988819149559877,-1,0.0,False
658889558490176768,128.35593252497807,0.19484434,17.01824973923071,0.13070346,3.6805343881094137,0.24452792,15.051592,-28.21681518199897,0.24835037,-22.33001351840075,0.16005042,18.665634,20.142578,17.412027,2.7305508,1.476944,1.2536068,463.1413,,,0.9442297,0.0,0.0,208.1110166841459,29.98546633510784,-1,0.0,False
659086512807199232,128.24594882414848,0.041514743,17.30645659753363,0.03042601,5.437505240107255,0.04864556,111.77804,-35.128083694824795,0.047815215,-12.486921628644511,0.03483829,15.881801,17.390675,14.6851225,2.705552,1.5088739,1.1966782,1395.5841,,,1.04153,0.079989724,0.6063577,207.75701146313423,29.995390427523247,1,0.7059004075808464,True
659573630817883392,128.38772924714212,0.03416577,18.140735989848803,0.024904504,3.085749894057255,0.04070236,75.81255,-21.231604187707593,0.04412502,-9.312738184770035,0.030705988,15.545288,16.488283,14.580455,1.9078283,0.9429951,0.96483326,2151.5554,,,0.89317596,0.0,0.0,206.91676763287745,30.42785279784734,3,0.8477507827762268,False
659685540485811072,129.85876060359757,0.15494637,18.80467496529878,0.102537796,5.035801943838902,0.18584062,27.097424,-36.765823245281155,0.18186696,-12.030842320195552,0.12985429,18.167545,20.036434,16.853788,3.1826458,1.8688889,1.313757,558.0089,,,0.98681426,0.47572666,1.9220924,206.779234568272,31.968508691107157,1,0.33402888254196755,True
659696982278606080,129.60557549876174,0.033068165,18.941632558232772,0.02115943,5.658435524646361,0.03899199,145.11789,-36.95923236038692,0.04056289,-13.967067638768524,0.026333978,15.416605,16.843113,14.236724,2.606389,1.426508,1.1798811,1579.9883,19.40223,5.5288763,1.0465547,0.0,0.0,206.5283218103183,31.793131351713654,1,0.4356680547762564,True
659698906423944832,129.8077537941286,0.13318989,18.920150100015757,0.07233648,4.154138302847621,0.1538961,26.993135,-51.030700526131895,0.15482895,-7.520054126476922,0.0906163,17.585258,,,,,,551.8558,,,1.045595,0.38223308,2.3180923,206.63178759661952,31.96435017932533,-1,0.0,False
659756940021953920,129.4131488479807,0.21986234,19.16999452105364,0.14333762,6.179812534355799,0.26302466,23.495184,-45.6366949711652,0.25989297,-14.015090070301756,0.18077761,18.720089,20.697866,17.3021,3.3957672,1.9777775,1.4179897,529.1657,,,1.044861,0.5990727,1.482773,206.2014982851489,31.703740041007126,-1,0.0,False
659765598675979904,129.03713439287458,0.04923743,19.158526742977426,0.034418482,5.473467261586581,0.061189685,89.45081,-35.92698309122251,0.06340229,-13.160160298933,0.042726334,16.089172,17.547924,14.907248,2.6406765,1.4587517,1.1819248,1281.8347,,,1.1560932,0.1922094,2.878,206.06693660832337,31.367394792456093,1,0.8256662037282629,True
659845686930358912,132.57449619753766,0.324491,17.775204570101305,0.18567476,4.0995856887092765,0.36051852,11.37136,-33.21870842415084,0.38728774,-0.7958364792109487,0.29979467,19.722195,21.095207,18.404755,2.6904526,1.3730125,1.31744,311.5394,,,1.0005978,0.0,1.9778355e-15,209.0262922426695,34.007337999384625,-1,0.0,False
660085105589429760,131.31889103677662,0.3155123,18.03972163794396,0.16794664,3.546270406915848,0.3480112,10.1901045,-35.4683713689558,0.39161885,-13.496200991463509,0.28779668,19.6057,20.776024,18.308723,2.4673004,1.1703243,1.2969761,354.98148,,,0.99237865,0.3855227,0.29057443,208.21350074522363,32.98847570666379,-1,0.0,False
659095308900151552,127.89338719170144,0.1837167,17.306473272942785,0.13086535,5.550475183063444,0.21310471,26.045765,-34.18736755068608,0.20856023,-11.59270007066574,0.14678015,18.432817,19.942862,17.138163,2.804699,1.5100441,1.2946548,548.5021,,,1.0857304,0.5303092,1.6667095,207.6126907032995,29.68293591163823,1,0.25681463698650464,True
659174954773581568,127.55118165424447,0.037883427,17.68293057502225,0.026249018,4.089741983097256,0.045683548,89.5233,-26.294786956792123,0.049370784,-10.968670962567977,0.033478025,15.812349,16.89837,14.772985,2.1253853,1.0860214,1.0393639,1908.3239,,,0.9352371,0.0,0.0,207.0714025433148,29.51941734034467,-1,0.0,False
659408119958089600,130.2673524519085,0.03291067,18.087347255742536,0.017670536,3.241071927989936,0.03909391,82.90478,-34.79363539480846,0.04024882,-26.030202776108194,0.027244823,15.286664,15.94803,14.495287,1.4527435,0.66136646,0.79137707,3468.6255,,,1.0091951,0.0,0.0,207.7329188210705,32.07331093374297,-1,0.0,False
659462855021155840,130.07939332771576,0.04823907,18.361897444516455,0.031548604,5.297786385367453,0.058386758,90.73609,-35.27464620357421,0.058355197,-11.9434365454963,0.038488276,16.063524,17.4255,14.917885,2.507616,1.3619766,1.1456394,1283.2303,,,1.0734463,0.14670752,1.6903466,207.3549084973155,32.00568039869112,1,0.6356204129714492,True
659485807326329600,129.91897571515736,0.090910636,18.616255616818343,0.059021376,5.164170932604877,0.111676574,46.242203,-35.299386735034254,0.10055364,-11.49286027451372,0.07268152,17.050997,18.850739,15.774384,3.076355,1.7997417,1.2766132,889.9474,,,1.1849911,0.38159227,4.197395,207.01070122454055,31.954700096462147,1,0.37971589957414087,True
659524805629742592,128.7242374966254,0.109463714,18.018117610754032,0.07741043,5.505140587991296,0.13836469,39.787178,-34.963957202758664,0.13868192,-12.551137415472116,0.09672025,17.821222,19.695194,16.549625,3.1455688,1.8739719,1.2715969,838.8701,,,1.0790497,0.37820816,1.8068612,207.1847001069852,30.681094992092955,1,0.5761350957815679,True
659545765070104960,129.06382748922385,0.021320319,18.224489227325336,0.015390696,4.316789022849081,0.024568012,175.7077,-21.896698166805827,0.022970457,-8.952187040698504,0.016772328,14.49973,15.3298,13.603069,1.7267303,0.83006954,0.8966608,3761.1436,40.757782,3.614734,1.0144634,0.0,0.0,207.09732006990015,31.05676642328652,3,0.8453459306641253,False
659608295497452160,128.65175864982388,0.020916441,18.39800759592264,0.0135901645,5.238035232722707,0.025061952,209.00348,-33.339723236494066,0.025606072,-11.150019836013888,0.017810723,14.458054,15.416958,13.487009,1.9299488,0.95890427,0.97104454,2825.4268,34.09454,4.141566,1.0199146,0.0,0.0,206.74387142503105,30.754805956658597,1,0.3728649201799807,True
658570601334852352,130.95503691297804,0.26770875,17.659241831967208,0.121785104,5.702491893177289,0.34443703,16.555979,-36.017073206403026,0.34634066,-11.231348151735157,0.27581418,18.878973,21.026949,17.480452,3.5464973,2.147976,1.3985214,518.26917,,,1.1389892,1.1002152,6.319309,208.4859097243791,32.52778481727478,1,0.2547005209540673,True
658615440793299712,130.35880262471608,0.051410165,17.80347303280656,0.027289959,5.505120404261859,0.05928028,92.86597,-37.15010773245844,0.059347853,-11.782045666413527,0.045322694,16.536423,18.111086,15.31994,2.7911463,1.5746632,1.2164831,1191.1125,,,0.9875418,0.0,0.0,208.08231074926647,32.05142586427359,1,0.47469146346354957,True
658842008908969472,129.03710304179165,0.019656353,16.957916469931668,0.0118909925,4.169080265170726,0.023417808,178.03033,-31.2403162667145,0.023593506,-3.5061888289752914,0.016498202,14.166016,14.90461,13.331647,1.5729628,0.73859406,0.8343687,3686.7205,11.986559,2.4593368,1.0477353,0.0,0.0,208.4577456913628,30.567156545101852,-1,0.0,False
658866576121852288,128.43726119984046,0.07291367,16.837805108474914,0.055306636,3.2438289560525932,0.08869176,36.574184,-37.481630568795104,0.091229245,-1.5991768650267486,0.069634065,17.189243,18.043139,15.976959,2.0661793,0.8538952,1.2122841,805.8237,,,0.9561101,0.0,0.0,208.33783172546765,29.989996549002885,-1,0.0,False
658928458010575488,128.7524782947381,0.06647569,17.489413012908546,0.041737754,4.36723102785199,0.08310594,52.55017,-38.1007207399402,0.07841584,-18.069417390897044,0.0570438,16.767088,18.058348,15.647371,2.4109764,1.2912598,1.1197166,1376.8898,,,0.9754485,0.0,0.0,207.7675511077828,30.51213319956075,-1,0.0,False
659432034335876352,129.62784639200282,0.12679042,18.121216671137507,0.07219003,5.451651995582535,0.16524614,32.9911,-36.95722535180389,0.15067808,-12.107167991142065,0.10113306,17.400675,,,,,,344.66547,,,0.9550554,0.5058182,5.167421,207.43704073132744,31.518888281018732,1,0.6078643262967108,True
659466222275521792,129.95647966167485,0.021058304,18.347377160358484,0.013646699,5.334380785202341,0.024645975,216.44025,-35.08494714730737,0.024039177,-11.700487967746062,0.016218754,9.0355015,9.202791,8.733015,0.46977615,0.16728973,0.30248642,4914.898,38.81819,0.75922406,0.9885714,0.12194733,15.659783,207.32148123255132,31.89159267712508,1,0.6518624915376259,True
659488826687020672,130.0798702239525,0.19482669,18.63399321397095,0.12927201,5.25598053863782,0.23139341,22.714478,-36.828568723720814,0.22317818,-12.35535315315676,0.15075406,18.590382,20.512592,17.23192,3.280672,1.9222107,1.3584614,482.3082,,,0.9760249,0.0,0.0,207.0553144393688,32.10346388226663,1,0.5048623776817512,True
659559027929113728,128.97024014550013,0.040266342,18.31408362434261,0.028214622,5.472257017144919,0.04749456,115.218605,-36.48728505385699,0.04453227,-12.178610411678756,0.03198735,15.808823,17.15987,14.6592865,2.5005836,1.3510475,1.1495361,1273.925,,,1.0162549,0.04231229,0.18605657,206.96232255166305,31.006330124841185,1,0.731273684087851,True
659668841652926592,129.21037184005868,0.09104399,18.68163846974596,0.05712424,5.315473658065118,0.11645784,45.642902,-33.76182413520744,0.11476222,-11.871092145780068,0.074580394,17.251637,18.941687,16.00259,2.9390965,1.6900501,1.2490463,806.5768,,,0.97076905,0.0,0.0,206.6571469469385,31.3509820709678,1,0.4142043779363026,True
659785149366912768,132.14284407143933,0.017854447,17.190575701506724,0.010319634,3.4320442543228036,0.021147398,162.29155,-31.347201785045133,0.025102966,-19.959346972250017,0.021083407,13.915034,14.452307,13.04499,1.4073172,0.53727245,0.8700447,2254.5562,61.231247,2.990276,1.0038817,0.0,0.0,209.5003020762712,33.41083376373244,0,0.9144564050509765,False
660141769090278784,131.34247985525235,0.36496258,18.23093048279818,0.19744101,5.131094128269173,0.41891748,12.248461,-37.65935787151569,0.4348519,-12.734901604457448,0.32368854,19.785727,21.35963,18.385262,2.974369,1.573904,1.400465,324.61554,,,0.9808364,0.9422594,1.3526071,208.010269087445,33.07810829196555,1,0.2615357895541655,True
660178942032517760,131.50775076997712,0.13152267,18.513431295168058,0.070784934,5.626586308722735,0.16710927,33.6701,-38.56850496661507,0.16902384,-12.07794422207183,0.13289444,18.228079,18.207981,18.363016,-0.15503502,-0.020097733,-0.13493729,742.1171,,,1.0196666,0.0,1.9406022e-15,207.7617755754392,33.32544294304396,1,0.31318712633109896,True
660194339490950528,131.49925127247235,0.04727565,18.67158597701889,0.023875365,3.940435188539642,0.05558808,70.88634,-23.00693922544729,0.06182348,-18.739835559959307,0.052130528,16.073973,17.54067,14.889365,2.6513052,1.4666977,1.1846075,1102.2314,,,1.0977924,0.111847475,1.221094,207.58132360139768,33.37398308387348,-1,0.0,False
660197019550544256,131.40347860970985,0.10481029,18.723574936683505,0.052155904,5.422983366384862,0.13153403,41.22875,-37.22381744508044,0.14269128,-11.69921578817069,0.09935274,17.648489,19.400913,16.369768,3.031145,1.7524242,1.2787209,1072.8502,,,0.9743912,0.0,0.0,207.48471754734177,33.30750657403667,1,0.49560353936563567,True
660311952875353088,132.21909830929675,0.04524982,19.046334645808265,0.02484196,4.919970775172128,0.052835114,93.11934,-29.288894297684344,0.058284245,-8.130387658867665,0.046892997,16.147768,17.38988,15.049489,2.3403902,1.2421112,1.098279,1986.6969,,,1.0521445,0.03233451,0.09980023,207.4470964128272,34.14341087139661,-1,0.0,False
660529209501208960,134.88244604904455,0.19946617,19.509422724939103,0.22799487,4.519118078476616,0.13260286,34.080093,-43.44172080800515,0.27296782,-21.57053388754154,0.3316313,16.636421,,,,,,281.24185,,,1.1216649,0.4283165,5.0837574,207.9748134542902,36.66324829348217,-1,0.0,False
660542197482182656,134.50186678119988,0.13724549,19.5782725967868,0.08987531,3.054530730012496,0.15243235,20.038599,-21.69637249634826,0.15152964,-21.44858929239792,0.11202441,18.1509,19.825827,16.931322,2.8945045,1.6749268,1.2195778,613.92926,,,1.0439317,0.05291739,0.025075236,207.74286557870005,36.34922122768988,-1,0.0,False
660533229590538880,134.77734825723132,0.0692336,19.574748929679963,0.042237237,3.251552129556369,0.089143425,36.475513,-26.78011331142899,0.09160582,-9.615152057942572,0.060410444,16.968458,18.265245,15.820818,2.4444275,1.2967873,1.1476402,1141.6127,,,0.9585244,0.0,0.0,207.85639153040043,36.592219097183936,3,1.0,False
660593835872891520,134.33558999176216,0.2631498,19.695546002984315,0.1373163,3.2855904943207093,0.30210692,10.875588,-38.05826224547993,0.30407083,-20.12105473593961,0.20934978,19.315495,21.180134,18.014719,3.1654148,1.8646393,1.3007755,432.10022,,,0.9845562,0.35527316,0.34511238,207.5401589893341,36.24157972196139,-1,0.0,False
660933073866203264,130.84949378525084,0.030406171,18.679127475684997,0.013808105,5.401920382049592,0.034919098,154.69817,-35.81925016866536,0.03687709,-11.734632375874543,0.026309235,15.577761,16.838156,14.467723,2.3704329,1.260395,1.1100378,2559.1167,32.398895,4.083532,1.0175705,0.0,0.0,207.312640473725,32.801026587536356,1,0.8571758857024279,True
660947122703009536,131.14522509357576,0.389138,18.812150047263955,0.1814093,5.061695380947322,0.44070518,11.485446,-36.39341954317018,0.45694456,-12.24327037166208,0.30257577,19.562172,21.124714,18.146029,2.9786854,1.562542,1.4161434,365.94046,,,1.1055492,1.3655764,3.763764,207.2824614721031,33.11002237796669,1,0.3344022997495997,True
660983891919259776,130.54269347379918,0.10515606,18.766696762393273,0.048671894,5.747225477059867,0.12630488,45.5028,-36.61399996800261,0.1325575,-12.459194230473432,0.09013129,17.764292,19.573622,16.497028,3.0765934,1.80933,1.2672634,933.7356,,,1.0181469,0.0,0.0,207.09295078296432,32.56039333712496,1,0.31953809837417674,True
660988216949739904,130.45653517147815,0.29700765,18.840123360526295,0.1386648,4.284786880328397,0.36087057,11.873473,-28.67554565281133,0.38075638,-11.879288495727035,0.26356262,19.169939,21.307,17.86396,3.443039,2.1370602,1.3059788,439.36276,,,0.9918926,0.6088201,1.1438509,206.9772389729448,32.510123073385294,-1,0.0,False
661010314558042368,130.73768725486943,0.016757747,18.92422361148684,0.007037825,5.83428350704517,0.01866974,312.49945,-28.1524896328744,0.019669773,-16.203844161653837,0.01301192,12.182944,12.6858425,11.527726,1.1581163,0.5028982,0.6552181,5839.887,14.811539,0.5480128,1.2288351,0.08982578,13.165204,206.99538705278255,32.788703645756144,-1,0.0,False
661028284701128576,130.62791373218562,0.09436043,19.115980432431172,0.046683945,5.223950080910504,0.10336219,50.54024,-35.98150846679506,0.105207145,-11.41067701639112,0.07712576,17.651209,19.506748,16.38788,3.1188679,1.8555393,1.2633286,822.1429,,,0.9415432,0.0,0.0,206.7384865573657,32.75899357628523,1,0.42941774868929355,True
661036840275967872,130.780740267097,0.038115453,19.237476505539483,0.015962007,5.607056117314556,0.041518938,135.04816,-38.42980090406665,0.040701218,-13.693723286192572,0.030776037,15.714093,17.033468,14.576521,2.4569473,1.319375,1.1375723,2411.617,,,1.0689694,0.065839164,0.7156365,206.6631759302055,32.936740810484494,1,0.39751065156409754,True
661117272127169280,131.30131878417404,0.15547149,19.306815437916818,0.0637927,5.542199239487645,0.19633351,28.228493,-36.4621057221149,0.18308978,-13.97016291150016,0.117125005,18.002937,19.860733,16.691683,3.1690502,1.8577957,1.3112545,813.01624,,,1.0166823,0.21338904,0.61910206,206.7901556339327,33.421501447408104,1,0.5786070502109174,True
661189706753828608,130.04504072133406,0.052346546,18.982438531046448,0.032299474,5.456546426996842,0.061329745,88.970634,-35.80835709998338,0.060869776,-10.825853542837365,0.044075053,15.777843,17.313707,14.569965,2.743742,1.5358639,1.2078781,1044.5311,,,1.2774693,0.24815805,6.7236476,206.65672914185384,32.19629783227476,1,0.3994801647600696,True
661221828810801408,130.41243794226648,0.015038938,19.265724275605,0.0074587604,5.48958019791779,0.017024418,322.45334,-37.92542230458159,0.018674772,-11.770760166151558,0.0128296185,12.757768,13.316425,12.049022,1.2674036,0.55865765,0.70874596,4208.8906,34.349125,0.79719734,1.0446137,0.06421154,5.165024,206.4871272632899,32.62084633915771,1,0.41655650323065435,True
690470315578888832,130.29848842423502,0.24778105,24.289164575430163,0.14822985,3.4741269698600106,0.2998015,11.588091,-34.34569602722887,0.29766718,-2.8577487280025804,0.21821448,19.130219,20.72682,17.868694,2.8581257,1.5966015,1.2615242,498.59457,,,1.0826274,0.7097232,1.7697018,200.75421598241724,34.15079952906458,-1,0.0,False
660790923332072448,133.5727767313268,0.29112855,19.925148271334095,0.14192241,4.6000391599702946,0.36843532,12.485337,-24.386882289262807,0.38980708,-20.425439279673572,0.24476874,19.19987,20.8295,17.855745,2.973755,1.629631,1.3441238,412.1966,,,1.0399839,0.85523957,2.0531797,206.9740332713312,35.64350268300248,-1,0.0,False
660873494079772160,133.53324360477237,0.029303685,20.281349605579123,0.014522252,6.780312421799489,0.033307057,203.56985,-47.997131369460675,0.034556624,-3.6290110391517416,0.02656114,15.148234,16.313877,14.078543,2.2353344,1.1656427,1.0696917,2781.1582,40.787235,4.0274134,1.0056505,0.0,0.0,206.5455080957748,35.727832753440325,-1,0.0,False
660913179577777152,130.91370577966262,0.04496143,18.42551957984393,0.020624114,5.36543024268731,0.051234476,104.72304,-36.97693480866123,0.057386898,-11.253866197111693,0.039993867,16.25924,17.718004,15.076295,2.6417093,1.458765,1.1829443,1692.9528,,,0.9963088,0.0,5.344752e-15,207.6203149248324,32.767642945134334,1,0.44774891560395996,True
660937330177825920,130.74299160203424,0.19299579,18.733322652790697,0.08877156,4.604130374638704,0.21019968,21.903603,-22.72621010149382,0.2243384,-11.01074498321659,0.17870507,18.739697,20.39761,17.462032,2.9355774,1.6579132,1.2776642,579.59955,,,1.0402468,0.7225985,3.27787,207.2098440055462,32.725921419001864,3,0.8177189577162122,False
660992344414836992,130.22174651345256,0.118357785,18.74825498119677,0.068531245,5.413138458401071,0.15193546,35.62788,-36.37720845097207,0.14820121,-12.769927950043265,0.10045607,17.742325,19.585491,16.455784,3.1297073,1.8431664,1.286541,617.0784,,,1.0314128,0.046033222,0.02995102,206.98564933459673,32.26972054693017,1,0.980175059537289,True
661113011519948160,131.86582379876958,0.32188594,19.7106783459108,0.124616906,3.4500422436697855,0.3244009,10.635119,-24.3592832558697,0.33308345,-10.492587782405655,0.23648903,19.005617,20.666883,17.736753,2.93013,1.6612663,1.2688637,449.78226,,,0.97820497,0.0,0.0,206.5551324464678,34.060278892647204,3,0.8905194260120548,False
661130367483684608,131.3468040138453,0.022544885,19.531246926849704,0.010834766,5.562002187978381,0.025374677,219.19499,-24.33707083411683,0.025310531,-14.136659110628548,0.018820457,14.558093,15.534577,13.58252,1.9520578,0.9764843,0.97557354,3411.5198,35.829933,2.884443,1.0126429,0.0,0.0,206.5555684882262,33.539508917765176,-1,0.0,False
661150124333238656,131.5419037991382,0.022207102,19.52879223367401,0.010157317,5.353173095559766,0.024985291,214.25298,-37.13246975685594,0.025097203,-12.291166757818903,0.017360246,14.405945,15.354319,13.442624,1.9116945,0.9483738,0.96332073,2531.646,33.128094,2.61738,1.0842106,0.0,0.0,206.6345523175247,33.71123726257899,1,0.6795563255043494,True
661154522379748480,131.44967277196608,0.06972749,19.60516051740704,0.0346728,5.3160390408261655,0.07872785,67.52425,-37.17823336908096,0.08245783,-11.797704781880832,0.05763807,17.047306,18.858181,15.759525,3.0986557,1.8108749,1.2877808,1190.7917,,,1.0251197,0.0,0.0,206.51240277608255,33.65597955750243,1,0.4904509848849584,True
661173317156579328,131.23834555272802,0.067733906,19.815436032414222,0.031092916,5.416545714971789,0.077870466,69.55841,-36.163149586596965,0.09010768,-13.035528108961133,0.058174092,16.879345,18.523592,15.641089,2.8825026,1.644247,1.2382555,1352.7537,,,1.0309975,0.12511979,0.75943106,206.19326692560423,33.541369937197665,1,0.8731607526383259,True
661210734913600000,129.93593344469824,0.029313138,19.275160498457495,0.018211948,5.5286245027688325,0.041843105,132.1275,-35.88042065838316,0.040647194,-12.140085754075145,0.027982626,7.6315365,7.716714,7.450721,0.26599312,0.08517742,0.1808157,2313.5723,31.744678,0.5130117,0.9187581,0.16165073,15.53844,206.2900611399862,32.20283042014985,1,0.6726959042832577,True
660158674082552320,131.23499072628704,0.02350334,18.3713237074056,0.01334148,5.562343077012768,0.026941285,206.4617,-37.58241058418547,0.028494464,-12.18626985827953,0.023563227,14.973653,16.132427,13.902158,2.2302694,1.1587744,1.071495,1215.9076,46.05243,5.5254803,1.1229802,0.047362834,0.65571797,207.81028804061927,33.03304193156924,1,0.5664772552734277,True
660218597466334464,131.93673773930516,0.07752503,18.43767773174536,0.043094844,4.41307349533338,0.09730195,45.35442,-27.872170941954305,0.09700489,-7.945263286011848,0.07153164,17.286604,18.866035,16.071297,2.7947388,1.5794315,1.2153072,1344.3805,,,1.0024495,0.0,0.0,208.0200972263821,33.678837715939224,-1,0.0,False
660327960217390848,131.96035059010592,0.083226554,19.15302138868676,0.044267368,5.360861736264336,0.093143776,57.5547,-37.6322306487521,0.10274504,-11.517658360829536,0.072190404,17.375795,19.119411,16.122276,2.9971352,1.7436161,1.253519,1031.6902,,,0.9634178,0.0,0.0,207.22359447940116,33.95139617988003,1,0.36646531511645936,True
660390327438691712,134.03960281739273,0.013908565,18.84697024925896,0.0064388765,3.7081957375940786,0.016203402,228.85292,-35.18286744190571,0.016244853,-25.80282403261407,0.012147343,13.328249,13.831738,12.669227,1.1625118,0.5034895,0.65902233,6015.646,36.283688,2.244652,0.9431363,0.0,0.0,208.40651675300296,35.68799092486778,-1,0.0,False
660419700719201536,133.4467375184453,0.14907978,18.72831477668369,0.08561748,3.1689401544243028,0.17995487,17.609638,-29.11067215567687,0.18655366,-6.9630438826219505,0.14250025,18.210522,19.747204,17.000208,2.746996,1.5366821,1.2103138,729.3985,,,1.0502895,0.33802965,0.9812446,208.30252434913456,35.12060599776396,-1,0.0,False
660500175522220800,134.08942126209422,0.23639128,19.09183829393646,0.11224356,3.8179725877701607,0.28655443,13.323727,-28.10756356132351,0.29589307,-10.346702764344302,0.20480202,18.965363,20.768873,17.699886,3.068987,1.8035107,1.2654762,526.8813,,,1.0481162,0.51542765,0.99633557,208.1436217556255,35.81706842194989,3,0.8765405905513205,False
660889741939739264,133.53090815109726,0.20250301,20.475432764120104,0.11491342,3.1240868982450065,0.23083258,13.533996,-24.863550906061036,0.25378317,-15.186887984441904,0.19763762,18.844904,20.445341,17.57629,2.869051,1.6004372,1.2686138,511.32922,,,0.9761027,0.5395934,1.3626181,206.31900082480476,35.79018838702281,-1,0.0,False
660912075769973120,130.96749707755012,0.2144759,18.39170447473852,0.09791145,3.089415347619571,0.25197986,12.260566,-23.63292050362761,0.2675961,-16.570698885057002,0.18273133,18.937304,20.693737,17.69002,3.0037174,1.7564335,1.2472839,584.74615,,,1.0218246,0.6218053,2.0141196,207.67957208617295,32.803232330468376,2,1.0,False
661010069743524480,130.77305101153925,0.17374825,18.918269161010905,0.0748455,5.21619203029026,0.19596373,26.61815,-34.58391684513025,0.202824,-11.403460039705262,0.14100493,18.483648,20.192375,17.174025,3.0183506,1.7087269,1.3096237,729.05334,,,1.0164757,0.52494943,2.5572689,207.01604719960923,32.81790959277215,1,0.412528566495272,True
661068932271565696,131.36082045610468,0.07592697,19.236815201813407,0.03791672,5.372051216299309,0.09114269,58.94111,-36.50667005459381,0.09710012,-12.5925155003339,0.067921445,17.085348,18.91819,15.790499,3.1276913,1.8328419,1.2948494,1148.0261,,,1.0115973,0.05902962,0.13153219,206.8922170570962,33.4497989298296,1,0.8199106076388678,True
659652967453856512,129.59012475722514,0.014738375,18.61105325283808,0.009922274,7.368979296125483,0.018520273,397.8872,-28.35591572678792,0.01867336,-9.762896546301242,0.01496809,12.741872,13.457522,11.924109,1.5334129,0.71565056,0.8177624,3459.0132,12.24296,0.9194296,1.0629398,0.06530358,4.513444,206.88539147501817,31.661762671874083,-1,0.0,False
659661213791017600,129.19612936692064,0.015007832,18.579646551639193,0.008986954,5.021755206574767,0.018195214,275.9932,-33.17499188807257,0.020136066,-10.673074499441004,0.012595683,12.496139,12.979455,11.858408,1.121047,0.48331642,0.6377306,3638.8674,35.885765,0.87517244,1.0056514,0.06076194,4.1637435,206.76296721850255,31.30185492630432,1,0.26757823291382316,True
659674614089017984,129.84765366282434,0.029274963,18.666423608473163,0.01929717,5.276202065595552,0.03465661,152.24231,-35.45926205921435,0.032714337,-11.60735592162151,0.02403708,15.222378,16.380314,14.153616,2.226698,1.1579361,1.0687618,2532.6533,60.883423,5.0846314,1.0066433,0.0295156,0.16422458,206.92706671536877,31.90946764291699,1,0.6494458155823121,True
659818650111791744,132.44206649295478,0.0192512,17.442065214373685,0.0102235675,3.1622190158658396,0.023186184,136.38376,-27.73575662317284,0.023514265,-5.394126780403564,0.017280657,14.225131,14.823421,13.491185,1.3322353,0.5982895,0.73394585,4068.8928,32.243877,2.955288,0.99327785,0.0,0.0,209.3449985771639,33.76876113554569,-1,0.0,False
659901933821105408,131.93518354191065,0.013934941,17.80860374565968,0.0071856407,5.680057657686106,0.016149275,351.72217,-26.238035954187193,0.017784247,-26.030196078687567,0.01266566,12.619511,13.128796,11.95709,1.1717052,0.509285,0.6624203,4507.769,-28.409683,1.4468808,0.9378026,0.03564108,1.4882011,208.72420542748296,33.45185944623678,-1,0.0,False
660019998178653440,132.49974008081475,0.016541963,18.364956011013465,0.009040751,5.556918150138141,0.018085212,307.26312,-39.123969700175806,0.020526346,-11.771303135937629,0.01550636,11.036937,11.370035,10.542248,0.8277874,0.3330984,0.494689,2437.0188,33.865726,0.40894106,0.92809296,0.10451347,15.792419,208.3307934871295,34.15233160921007,1,0.26472452130327906,True
660077722539058048,131.27588930641403,0.0146003645,17.813050504173393,0.0073898057,4.156014776644748,0.016609356,250.22131,-29.108892008967164,0.01718492,1.4371020053476535,0.012461585,13.568992,14.209656,12.80424,1.4054155,0.6406641,0.76475143,7018.6777,58.607243,1.3607975,1.1040273,0.0,0.0,208.44767681596727,32.86839382856076,-1,0.0,False
660111704320341888,131.66733741106663,0.04130527,18.082282548744416,0.021904241,3.0422916837508285,0.048215065,63.098362,-36.70211963302029,0.04950139,-6.773184871179863,0.039369848,15.803673,16.931381,14.741958,2.1894236,1.1277084,1.0617151,2277.4753,,,1.1035429,0.11570017,1.6908536,208.30846314427933,33.31287505769385,-1,0.0,False
660225160177145600,131.9534298658703,0.07168312,18.605373294208313,0.042233147,5.399260001712068,0.088104516,61.282444,-37.749812472287395,0.087437525,-12.410794302034596,0.067646794,16.701475,18.428112,15.439723,2.988389,1.7266369,1.2617521,1303.6489,,,1.0708095,0.3896405,7.906303,207.83833692336,33.75309724532852,1,0.5671758779147799,True
660241687210462464,132.4994705339597,0.025288133,18.717569699570525,0.014973435,3.189407955231147,0.030132217,105.84711,-21.762148162250007,0.031638972,-11.181009966372557,0.025395438,14.92764,15.690316,14.074378,1.6159382,0.76267624,0.85326195,3636.3582,83.58583,7.8965487,1.0684036,0.037332963,0.37454844,207.9318125083338,34.276755389988466,3,0.9592552013859373,False
660302744465435904,131.7235948147695,0.09518252,19.04907052969977,0.048347924,5.51456615026971,0.10767044,51.217087,-37.811713838716805,0.12250461,-11.897630277020363,0.08100288,17.645044,19.491272,16.372795,3.1184769,1.8462276,1.2722492,915.67114,,,0.97919244,0.0,0.0,207.24693025844695,33.7054674912209,1,0.4430135597998946,True
660387441220692992,134.25603037042603,0.08980525,18.845143632808327,0.047947984,3.936978993959696,0.106415965,36.99613,-21.245966599281815,0.11613552,-7.456452845447245,0.09225129,17.586351,19.143309,16.399343,2.7439651,1.5569572,1.1870079,1088.4786,,,1.0023165,0.0,0.0,208.49646954194793,35.87938472914275,-1,0.0,False
659684264879024128,129.91680627942637,0.15715297,18.84696217212534,0.095559664,5.323233361633954,0.16742365,31.79499,-34.42171214114235,0.18365994,-11.59203060358798,0.12875171,18.15642,20.022886,16.865602,3.1572838,1.8664665,1.2908173,448.79987,,,0.9791417,0.0,0.0,206.75561929368408,32.03488338952017,1,0.5736763695283342,True
659685231248166784,129.82856871596778,0.062174298,18.810086122038435,0.039673198,5.327723290251536,0.07570613,70.37373,-34.47639289623302,0.0718431,-12.137310988866506,0.050537094,16.636261,18.244202,15.411938,2.832264,1.6079407,1.2243233,838.54706,,,1.0112762,0.06398277,0.19514456,206.76130511734357,31.943716041508797,1,0.5565776429188426,True
659687636429844352,129.91319886521202,0.01820732,18.90471883972766,0.011854322,3.364545160831961,0.02191925,153.49727,-27.690827358204437,0.021504492,-11.732810791192293,0.015550071,12.867486,13.295636,12.283318,1.0123186,0.42815018,0.58416843,2078.7297,34.892628,1.5627924,1.126529,0.10337578,10.540493,206.69047927362809,32.052166856420854,3,0.8485694747374093,False
659744978536843264,129.4896646684623,0.16556673,18.97306850083381,0.10063156,5.435246499402351,0.20319432,26.749008,-34.21976859870204,0.21193103,-12.47436118066421,0.13499,18.155752,20.40976,16.828585,3.5811749,2.2540073,1.3271675,558.5078,,,1.0134045,0.295535,0.70641637,206.44806449692052,31.701765535090026,1,0.532894452487408,True
659782915983929600,132.05011892753856,0.03178303,17.097478425743795,0.016827645,7.154942074961891,0.03606584,198.38556,-34.990760223602074,0.041538723,-24.121195902914465,0.02872863,15.458722,16.81202,14.315822,2.4961977,1.3532972,1.1429005,1963.0884,25.495037,7.38963,1.0179867,0.0,0.0,209.5648633937274,33.29417315750337,-1,0.0,False
659831225776037248,132.3188108447757,0.10483624,17.468103164363196,0.056326292,4.536646343838796,0.1341512,33.81741,-23.827416094719,0.13691337,-10.08289274543151,0.098661065,17.794786,19.321266,16.616276,2.7049904,1.5264797,1.1785107,972.14404,,,1.0026566,0.0,0.0,209.26428099740895,33.66878393659717,-1,0.0,False
659855518109664384,131.7888346583934,0.07238448,17.490367154614766,0.0401018,4.76500202433364,0.08229411,57.902103,-32.62669292571864,0.08479926,-24.861351347557747,0.06280159,17.30877,18.699041,16.158806,2.5402355,1.3902721,1.1499634,1286.0244,,,0.985552,0.0,0.0,209.01836954784085,33.20626880742405,-1,0.0,False
659890182791311360,132.2507155904464,0.13611652,17.812249069527255,0.07759344,3.0784143035052405,0.16873138,18.244469,-21.69010104908601,0.17687829,-18.118103543278473,0.13688903,18.249153,19.53253,17.13345,2.3990803,1.2833767,1.1157036,800.9335,,,1.0187222,0.22309151,0.4631966,208.850522434668,33.73326281610378,-1,0.0,False
659920144486898944,132.8911413651782,0.14331457,17.706696672386062,0.08517284,5.525875701853058,0.16863108,32.769024,-38.22635076713535,0.18606381,-11.31594758926668,0.16006097,18.239683,20.08103,16.936909,3.1441212,1.8413467,1.3027744,660.0656,,,1.0884589,0.34256512,0.9382577,209.23518197154024,34.263762233170006,1,0.39532149852335113,True
659983645575610240,133.35444389928605,0.021781921,18.40184133173891,0.011734885,5.393247168967834,0.025633356,210.39958,-44.01212137990815,0.026194088,-6.871883577538486,0.020764854,14.764676,15.6621275,13.831021,1.8311062,0.8974514,0.9336548,4184.2266,22.94659,4.3440065,0.9918937,0.0,0.0,208.63806269443603,34.92379525890149,-1,0.0,False
660462208011225344,133.81176866185126,0.1474953,19.249887526057663,0.0759334,4.087803115634302,0.17703411,23.090483,-44.85549229275769,0.1778052,-24.33692411620141,0.124819376,18.406141,20.279951,17.14128,3.1386719,1.8738098,1.2648621,723.4856,,,1.0107657,0.1695883,0.23766692,207.8495549511415,35.62534212894466,-1,0.0,False
660569582193631232,133.81968882112108,0.03016658,19.367349504324373,0.013984839,4.044263263759164,0.042150956,95.947136,-44.34137209518369,0.04243801,-13.003330084754957,0.030030206,15.460743,16.44795,14.475776,1.9721746,0.9872074,0.98496723,3551.0244,,,0.9721408,0.0,0.0,207.71694701021656,35.67268663791577,-1,0.0,False
660684408143118080,133.28457206958396,0.10035503,19.58169287127255,0.055623326,3.662378576200821,0.1158697,31.607733,-26.215119308722574,0.120414875,-10.579863691687574,0.09295562,17.806623,19.316738,16.581923,2.7348156,1.5101147,1.2247009,996.6222,,,1.0645452,0.2191391,0.79763013,207.2578077439385,35.27187509773177,3,0.8565535356558905,False
660766738372784384,133.65849398837193,0.018103858,19.677446942657937,0.00892818,3.54796755359656,0.02082831,170.3435,-28.328093545525427,0.021701932,-12.199459293835556,0.015308402,10.430527,10.631195,10.084898,0.5462971,0.20066833,0.34562874,5180.059,34.5444,0.77398294,1.0685459,0.114996225,22.473877,207.29442394552103,35.63563012121199,-1,0.0,False
660999491240341888,130.26289465947727,0.070052296,18.9318888504204,0.043084964,5.019760160042876,0.09582767,52.383205,-36.42805925403929,0.093410894,-11.7667859997517,0.07394747,16.885952,18.488985,15.662725,2.8262596,1.6030331,1.2232265,901.7464,,,0.97917753,0.0,0.0,206.79876622699288,32.37119120095477,1,0.30663786849349317,True
661061098251203968,131.64510112512087,0.05400812,19.257177491953172,0.02852688,5.478186175057593,0.066352315,82.562096,-37.04165413720159,0.066864975,-12.898010664617134,0.047372628,16.66753,18.223341,15.450921,2.77242,1.5558109,1.216609,1120.5463,,,0.9533755,0.0,0.0,206.98138782521517,33.708506135669765,1,0.6489591524329987,True
661072059007752320,131.4963371540586,0.057740733,19.253453181796985,0.030722963,5.6023694839117475,0.06747999,83.022675,-40.91022736175793,0.074049644,-11.696313647664518,0.053497903,16.763279,18.3911,15.526342,2.8647575,1.627821,1.2369366,1389.9309,,,1.0563538,0.13982871,1.0605896,206.9269237458941,33.57553290211132,1,0.14426378843251972,True
661098550366013696,131.67821198868674,0.06251785,19.42615793083016,0.034186635,5.4250497812623975,0.07033128,77.13565,-36.40038416467715,0.07714733,-12.02807760799383,0.054727446,16.978453,18.639606,15.749291,2.890315,1.6611538,1.2291613,1353.2094,,,0.993674,0.043092996,0.07776957,206.8037801181266,33.79639066265973,1,0.7972725047551961,True
661137789187132288,130.78480303263973,0.051592562,19.468310786770125,0.021531481,5.307498088295844,0.05772586,91.94315,-36.85562275387258,0.062112216,-12.317602008665684,0.041523226,16.320818,18.025057,15.061173,2.9638834,1.7042389,1.2596445,1268.7546,,,1.0131885,0.058463216,0.30750176,206.40681647392984,33.02071358441396,1,0.6902227300999577,True
661154625458962560,131.4606043412311,0.016364798,19.61826995017367,0.008205721,3.4172045007833156,0.018689092,182.84486,-24.271619264239114,0.019706711,-12.029424940380906,0.01371072,11.135963,11.409813,10.701917,0.70789623,0.2738495,0.43404675,5404.919,32.552086,0.3349186,0.82873917,0.10342906,16.4562,206.50187467465113,33.67016087578596,3,1.0,False
661195303092794624,130.27675937011034,0.16262054,19.10285346846105,0.10296805,5.738246408227035,0.20788284,27.603271,-38.965228744273944,0.22834617,-14.397249552331216,0.17673458,18.364702,20.193756,17.059128,3.1346283,1.8290539,1.3055744,598.0171,,,0.9771764,0.0,0.0,206.61473324032625,32.44372032608078,1,0.35333493146748995,True
661214136527890944,130.19185379639046,0.020331087,19.30954236378915,0.013290525,5.411880118763071,0.022182867,243.96666,-35.68686965268766,0.024096295,-13.005960457920764,0.018097065,9.456571,9.662156,9.103741,0.5584154,0.20558548,0.35282993,4526.614,34.09362,0.4446779,1.0136098,0.08550005,7.940908,206.35205680148323,32.44112311527787,1,0.9316283931877417,True
661222073627319296,130.43269168016096,0.02317097,19.30221826707729,0.011007781,5.386990423354129,0.025837654,208.49379,-36.43012744227123,0.02905381,-12.318131134679016,0.01837278,14.72523,15.739889,13.723632,2.0162573,1.0146589,1.0015984,3161.2397,35.163258,3.0310032,1.0492113,0.0,0.0,206.45446179291815,32.651515476930754,1,0.8199697402513805,True
661244270018200192,130.29159069139172,0.014975426,19.508854280420156,0.008021712,5.34718939418416,0.016798588,318.31183,-35.48143334911133,0.017761173,-11.668659174049353,0.012003115,9.986646,10.23673,9.580269,0.65646076,0.25008392,0.40637684,4615.9062,35.033653,0.3759107,0.94344115,0.08421799,9.438542,206.16942430922415,32.59879138177883,1,0.6586786941262602,True
661323641013704832,130.06378918524007,0.015940085,19.994245680574146,0.010710152,5.378021474956225,0.017898628,300.47116,-35.43023643472176,0.01836985,-12.41157519290865,0.013949519,8.755451,8.902307,8.482422,0.41988468,0.14685535,0.27302933,5063.069,35.941643,0.39637202,0.85493803,0.09510142,9.454032,205.54093795583464,32.565300528458536,1,1.0,True
661326110618706176,130.8217856749118,0.45462832,19.539874365366803,0.18823476,5.397737539584691,0.52592367,10.263348,-40.52780702429422,0.5311989,-13.83257925856232,0.3976373,19.671488,21.259478,18.274206,2.9852715,1.5879898,1.3972816,353.04144,,,1.0134252,0.48822364,0.4230803,206.3411508577005,33.07822094937835,1,0.16600555837451333,True
661331028356266752,130.64160696794758,0.046302296,19.603351753435657,0.019430134,5.5389411867740845,0.05087749,108.86821,-37.83580256606445,0.054510366,-13.669178964324384,0.036151487,15.807616,17.329693,14.613725,2.7159681,1.5220766,1.1938915,1562.732,,,1.1721643,0.1591196,3.622022,206.20005939133353,32.94091837508442,1,0.4605602084579096,True
661401908200502912,130.35341257219423,0.4226706,19.957448098217576,0.24218814,5.691142934147905,0.49269453,11.551058,-35.67417357234781,0.5020709,-11.996631591609743,0.35935003,19.855549,21.209936,18.417883,2.7920532,1.3543873,1.4376659,258.58698,,,1.035635,1.2241218,1.6522909,205.69300859437791,32.8083340714409,1,0.32804628835453925,True
661486158278348160,132.12723720682467,0.22532773,19.75194571492561,0.12031645,5.785156644348274,0.2781523,20.798523,-38.00455977966412,0.27900806,-13.158276523447652,0.19638407,18.91172,20.677464,17.59218,3.0852833,1.7657433,1.31954,482.27072,,,1.0534769,0.55872375,1.2779202,206.6099810554852,34.30561976376581,1,0.32567471293556816,True
661271238116475648,129.96164928784802,0.01895438,19.550519849786287,0.012744964,5.452470363087352,0.027811743,196.04921,-35.82749876970175,0.026096087,-12.615689663933228,0.01750222,11.623737,12.014614,11.064226,0.95038795,0.39087677,0.5595112,1564.1526,34.212708,0.5031034,0.8402051,0.08109289,6.9887543,205.9949550628251,32.32173405046481,1,1.0,True
661281756492696448,129.6954448852271,0.020137178,19.50086415038321,0.012099235,5.32535467756503,0.023354227,228.0253,-33.973319314674164,0.024028655,-12.473940706797965,0.016156225,8.923931,9.07836,8.640412,0.43794727,0.15442848,0.2835188,4694.8726,35.785393,0.67841214,0.9357498,0.097067624,9.348785,205.94665000862568,32.06925982253723,1,0.6286825371748455,True
661295466028469120,130.05159135831684,0.06684964,19.638322503693928,0.047621537,5.471429341647944,0.08606947,63.56992,-36.98173907217851,0.08784077,-11.867086018224342,0.06515243,15.989913,15.958493,14.471696,1.4867973,-0.031419754,1.5182171,176.5223,28.883076,11.162402,0.99440044,0.32862008,8.62874,205.9323204803128,32.431692699732295,1,0.51788838565336,True
661340614723243392,130.86480519416142,0.06578729,19.82786190860842,0.02766363,5.31587297937952,0.08668854,61.321518,-36.3574175566724,0.09117535,-11.97940356986759,0.06528783,16.732641,18.350552,15.506142,2.84441,1.6179104,1.2264996,1410.9327,,,1.0472136,0.09493183,0.5235738,206.0349617792372,33.215536072637114,1,0.571689457610184,True
661355934869899648,130.88575586556286,0.081312776,19.99245819996873,0.034010146,5.51244863383456,0.100675315,54.75472,-37.50631930577829,0.10384569,-12.881791293967057,0.079401985,16.760645,18.36099,15.520261,2.8407297,1.6003456,1.2403841,1515.2877,,,1.2156255,0.3232721,5.9847665,205.85810307624632,33.290407491563876,1,0.6262853422412047,True
661358241268943616,130.65657177170547,0.085939184,19.988527106895873,0.040795982,4.996478611560398,0.10553622,47.34373,-34.14084427377872,0.112355106,-12.333781214177764,0.0867588,17.339325,19.11316,16.079193,3.033966,1.7738342,1.2601318,868.6496,,,0.9880477,0.0,0.0,205.7745396593039,33.086663486316766,1,0.35193114213935217,True
661383770554619136,130.8343996463511,0.10904399,20.07926970193577,0.04575745,5.26681932720351,0.13979289,37.675877,-36.744846585055,0.14625636,-13.44979062174872,0.10117321,17.528492,19.205582,16.267805,2.9377766,1.6770897,1.2606869,1126.678,,,1.0421504,0.24409878,1.4860873,205.7407977927244,33.27467481134803,1,0.437895893533105,True
661385110584406400,130.9396769679563,0.02898813,20.140323083651182,0.012764456,3.3731079893724116,0.033715684,100.04567,-43.699863465243055,0.03758536,-10.303390649013483,0.026261853,15.356429,16.190186,14.460326,1.7298594,0.83375645,0.8961029,4144.81,,,1.0316435,0.033321988,0.2733397,205.7123637837495,33.38841249363438,-1,0.0,False
661391157898332160,131.20278395354822,0.01168189,20.290501449363095,0.0059630033,5.4704159465160105,0.014001059,390.71442,-36.53973343632491,0.014921717,-13.102490977930731,0.010215455,12.596136,13.143718,11.905504,1.2382135,0.5475817,0.69063187,3156.141,33.44189,0.6088017,0.8869171,0.026255134,0.978841,205.6432478864563,33.671596985068945,1,0.8113186451729076,True
661421939927520384,130.2418049737273,0.14213143,20.213927817744285,0.08351318,5.485772049363558,0.16317871,33.618183,-36.329339481636616,0.15761584,-12.970465720328749,0.11628668,18.184452,20.19539,16.887363,3.3080273,2.0109386,1.2970886,575.4727,,,1.0554641,0.3860634,1.2919645,205.36362267232687,32.79753341097045,1,0.7896238954836976,True
661425002240579968,130.57312904028848,0.061276052,20.245321851867057,0.026482169,3.645679949447519,0.073245384,49.77351,-48.34600716966318,0.07188339,-27.054466099171492,0.052257758,16.273893,17.479584,15.185491,2.2940931,1.2056904,1.0884027,2081.7158,,,1.1461064,0.23998554,5.0692253,205.45450008041297,33.10055180761407,-1,0.0,False
661429292911672320,130.4237681017987,0.18424118,20.318957976934183,0.09465435,5.290522936104383,0.22586627,23.423254,-35.639094838936686,0.20863691,-12.79819957156731,0.15893261,18.579586,20.509008,17.206179,3.3028297,1.9294224,1.3734074,628.9933,,,0.9710871,0.0,0.0,205.3151227388101,32.99377504188113,1,0.5889482247401316,True
661438982357836544,130.71032590419972,0.15786538,20.334353737815412,0.063597545,5.603257846160927,0.18719359,29.932959,-36.914282550281456,0.19917631,-13.473767783546716,0.16526407,18.191652,20.18453,16.89183,3.2926998,1.992878,1.2998219,788.39813,,,0.99268234,0.0,0.0,205.40656960026524,33.251802597780774,1,0.528694555967438,True
661447400493875328,131.0139148731203,0.24785504,20.52712948954893,0.10530146,4.04105789652856,0.26252654,15.392949,-36.5660724313274,0.28377852,-25.261808946797803,0.19342683,19.045973,20.974304,17.766897,3.207407,1.9283314,1.2790756,568.8085,,,1.0148515,0.7446596,2.4964874,205.30405907331163,33.58463427381124,-1,0.0,False
661611335101159168,132.7980490121417,0.06657737,20.194146325090426,0.03466441,3.112246851850518,0.077999346,39.900932,-31.993744269499413,0.08156182,-21.74334063496689,0.058572773,16.888212,18.16309,15.77301,2.3900795,1.2748775,1.115202,1620.3176,,,0.92717326,0.0,0.0,206.36351789545157,35.0485493744523,0,0.9246325559822344,False
661704965389099776,132.52710289812154,0.33398634,20.81422458590464,0.17865258,4.748582188493801,0.463702,10.24059,-38.34943472052146,0.43705896,-6.871452990412436,0.2788395,19.562227,19.723522,19.381638,0.3418846,0.16129494,0.18058968,316.36136,,,1.0037502,0.0,0.0,205.5462850188698,35.01529478222734,-1,0.0,False
661891328313276160,132.3493246636096,0.16190016,20.90910379814872,0.104778804,3.139218812246077,0.19061515,16.468884,-36.01724920249052,0.22502644,-20.485123194452015,0.23994985,18.339025,19.949497,17.133184,2.8163128,1.6104717,1.2058411,575.33704,,,0.9266913,0.13839363,0.14811088,205.37029037489128,34.88963233127632,-1,0.0,False
661216949728995584,129.91860456636402,0.07998948,19.314905983998074,0.052554138,5.563860301374148,0.113201216,49.15018,-37.67690349173104,0.10535869,-12.864504301283723,0.06917489,17.090788,18.721964,15.8491125,2.8728514,1.631176,1.2416754,693.59503,,,1.1293787,0.18284212,0.91486937,206.23929531085955,32.20144148266772,1,0.5160098289200418,True
661221764391246080,130.43937991976665,0.01938576,19.267231512939944,0.009213659,5.586041662198903,0.021736672,256.98697,-36.92193627440725,0.024193492,-12.989507508886692,0.015891612,10.04542,10.299957,9.632183,0.6677742,0.25453758,0.41323662,3779.1038,34.710644,0.19422524,0.93771225,0.13021067,26.567133,206.49601339538685,32.64520022540502,1,0.5597046152341131,True
661224577591160448,130.3266461793529,0.031985156,19.260355822003227,0.01320256,5.317702479108128,0.034949183,152.15527,-34.42608259727351,0.042492446,-11.97623137817043,0.023409521,10.22309,9.75368,9.109921,0.6437588,-0.46940994,1.1131687,870.06433,34.136875,0.89554244,1.3603722,0.19111928,52.259594,206.4594648875361,32.54309885469401,1,0.6355765141899878,True
661239631450927488,130.24261006842625,0.24291448,19.447886208653184,0.1423218,5.092846065541266,0.28485447,17.878765,-36.011330215996686,0.29892242,-11.498898761595369,0.18882187,18.73962,20.503685,17.430128,3.073557,1.7640648,1.3094921,499.25992,,,1.1728247,0.9072174,3.0761662,206.2181777953185,32.53428368487384,1,0.3441522755158749,True
661250214253007616,130.50728554299224,0.0911497,19.64597787547951,0.04509816,3.287985967219754,0.106978916,30.734896,-29.537418528799996,0.10775567,-7.391087544487494,0.0735611,17.576227,18.960016,16.40886,2.551157,1.3837891,1.1673679,1041.8304,,,0.9513771,0.0,0.0,206.1003115383901,32.836955841777915,3,0.8258776967426888,False
661253478428045568,130.48262437131152,0.016894544,19.68962092715769,0.008977684,5.424979880936136,0.019428175,279.2326,-36.4423830196716,0.019219114,-13.23821088386143,0.014916592,10.896363,11.220029,10.4059725,0.8140564,0.32366562,0.49039078,2282.8757,33.637615,0.3340806,1.1775702,0.12098648,22.676483,206.0420193188058,32.830250581002375,1,0.9124389994716404,True
661270177260856448,129.83456680009903,0.03167997,19.51739878166661,0.020274026,3.1184460519804245,0.040021837,77.91862,-26.753513629117325,0.04251041,-18.669743189858966,0.03048006,15.242353,16.0956,14.332988,1.7626123,0.8532467,0.90936565,2918.8882,,,0.9853633,0.0,0.0,205.98235328796463,32.1979284315409,-1,0.0,False
661289105178505344,129.76161234864065,0.015352181,19.724661129898816,0.009393191,5.4098691600477045,0.019482948,277.672,-36.52971761544116,0.020638121,-14.192522950115128,0.013195838,9.186539,9.426195,8.787346,0.63884926,0.23965645,0.3991928,5139.9067,,,0.8448338,0.062411208,4.246515,205.72445839192488,32.205535138714986,1,0.6012272677696073,True
661294052980833792,130.1144647293816,0.017484523,19.655433176448007,0.011254869,5.308374991789239,0.020204637,262.73053,-35.10766274833486,0.020351408,-12.863841686163376,0.014417131,12.855571,13.432824,12.1407995,1.2920246,0.57725334,0.7147713,3285.5696,34.67692,1.2121321,1.0521542,0.08173962,5.933201,205.9376320047096,32.49316526390306,1,0.9143078980952342,True
661294327859643264,130.16846766674814,0.18280236,19.670701294216553,0.111872785,5.037722725279032,0.21096371,23.87957,-35.523903418010406,0.20612758,-12.386822566107757,0.14393914,18.514048,19.32759,17.100231,2.2273598,0.8135433,1.4138165,452.89453,,,0.9190689,0.50933814,1.4239466,205.9415403932208,32.54615935353651,1,0.33262019811061266,True
661295324291154816,130.04016945681187,0.015497844,19.62135923807859,0.010388681,5.22770473896624,0.019066937,274.17642,-35.29377446606719,0.018832402,-12.861897650361172,0.013476171,11.790918,12.1972275,11.22191,0.975317,0.40630913,0.5690079,1886.6443,34.91943,0.8465804,0.8695365,0.06352365,4.7800903,205.9467460082481,32.41571717385663,1,0.5698339840605361,True
661313917207778304,129.81979974631554,0.035785113,19.795115833804815,0.023559136,5.417624420631035,0.053468313,101.32402,-36.021239134582814,0.05184053,-13.678925656927223,0.036800314,15.513301,16.736658,14.411247,2.3254108,1.2233572,1.1020536,1548.6885,45.211246,6.83564,0.9215438,0.0,0.0,205.6687290362935,32.281303988052045,1,0.9690936836777794,True
661326011834490496,130.82665455906502,0.061089937,19.518788278619972,0.025327047,5.297349053812144,0.06934581,76.39033,-35.67292315584173,0.071478255,-12.360090828395844,0.062131923,16.334084,17.771162,15.155579,2.6155834,1.4370785,1.178505,1804.7095,,,1.0075339,0.0,0.0,206.3666541308765,33.075222050500216,1,0.6220440895693273,True
661327248785037184,130.80256869649574,0.10039504,19.57465827196332,0.042132825,5.483958163658697,0.12336752,44.452206,-36.41523606276054,0.12284967,-13.56288177384882,0.090393394,17.378178,19.13548,16.120335,3.0151463,1.7573032,1.257843,1189.691,,,1.0189344,0.14512879,0.61947817,206.29472618350684,33.073271165338916,1,0.7477796084923102,True
661401431460014720,130.2936752998618,0.037156805,19.935129771803503,0.019724144,5.6268481808374045,0.041666277,135.04562,-36.94628290568358,0.04387881,-13.68765897573824,0.028975122,15.697986,17.207613,14.503118,2.7044954,1.5096273,1.1948681,1572.0918,49.227226,3.5958354,1.0746666,0.07054853,0.67307013,205.69501459563585,32.747931153175045,1,0.46123000232510736,True
661470460174102144,132.27778235151166,0.018475275,19.68644943408667,0.010197526,5.395622159996101,0.024389844,221.22414,-36.646437903750595,0.025104089,-11.76300124283394,0.017343273,11.716242,12.114959,11.153337,0.96162224,0.39871693,0.5629053,2113.481,33.36127,0.33890653,1.0992762,0.1251989,23.579899,206.74321119731405,34.41642393894578,1,0.6169158512792773,True
661662737269713408,133.17334549211208,0.07236423,20.72973108817391,0.037937094,3.1882468349769773,0.07982798,39.938965,-21.512545618573,0.08761675,-0.9229365721035796,0.06289905,17.1468,18.468613,16.022131,2.4464817,1.3218136,1.1246681,1393.4169,,,0.99007183,0.0,0.0,205.8875927132291,35.55808735135432,-1,0.0,False
661675033760403328,133.1389401703821,0.25531417,20.96253858913995,0.12348582,5.533629122217852,0.3024652,18.295094,-37.77946765047871,0.34777132,-12.550139267376387,0.217866,18.923443,20.868238,17.590616,3.2776222,1.9447956,1.3328266,433.6259,,,1.0138547,0.66333467,1.6971672,205.60417941031807,35.603954261653946,1,0.6262853422412047,True
661749048932896512,131.4185390967594,0.04367587,20.17374130131812,0.02290543,5.492455908625737,0.052128587,105.36361,-37.54177134390804,0.051755965,-12.533170790979757,0.03811514,16.221773,17.640223,15.050082,2.5901403,1.4184494,1.171691,1685.3417,,,1.0145177,0.0,0.0,205.8577378122398,33.822620578852934,1,0.5974536843681427,True
661767843709723776,131.36754871431282,0.022004005,20.395329715169364,0.010860701,5.573395753190734,0.02482584,224.49979,-37.667810938995714,0.025717815,-13.525409374430868,0.01907906,8.461295,8.590004,8.2139,0.37610435,0.12870884,0.24739552,3251.3843,35.984764,0.64695233,1.0210836,0.13629353,18.574562,205.5871817396252,33.85238136861466,1,0.45512459177838155,True
662081479402902272,127.08975045991178,0.048609354,17.69127292770991,0.031376664,3.0837378527882873,0.058370557,52.830364,-24.067613199530495,0.0580402,-3.8976468592608784,0.041750066,16.339895,17.422453,15.3094,2.1130533,1.0825577,1.0304956,2331.1606,,,0.99046206,0.0,0.0,206.8760455695496,29.114053045005335,3,0.8406760351998227,False
661150154396988032,131.51310018581125,0.050117467,19.52971202662624,0.02391137,5.3889467308714725,0.0597435,90.201385,-35.82187372638268,0.059859384,-12.048756800152422,0.042434048,16.21933,17.68302,15.033779,2.6492405,1.4636898,1.1855507,1890.9249,,,1.0713427,0.16937564,2.624616,206.62225765125856,33.68607469683267,1,0.8571758857024279,True
661166513928414464,131.60788269563415,0.34559575,19.893129718781985,0.17375988,5.254326790765104,0.36967796,14.213254,-36.09490229620602,0.39487144,-12.54087842740063,0.3120997,19.501627,21.213871,18.091352,3.1225185,1.712244,1.4102745,350.37683,,,1.0179542,0.911812,1.6494212,206.24834113361308,33.89456078362891,1,0.5977297102912466,True
661189363156448384,130.01683784689018,0.123843014,18.967628037273343,0.069895186,4.3113920566167945,0.14206837,30.347305,-23.519062002725256,0.13612004,-20.426820867255227,0.09621853,17.707293,19.189425,16.57517,2.614254,1.482132,1.132122,784.287,,,1.0331794,0.10365289,0.16271663,206.6619649321002,32.166114717510574,-1,0.0,False
661211147230556160,130.0887327432804,0.019321894,19.18175854710713,0.012831785,5.410819362687126,0.025164928,215.0143,-36.11059362554273,0.026119461,-12.67398483355408,0.01806206,13.962626,14.7717,13.0039015,1.7677984,0.80907345,0.958725,2949.4233,37.389046,4.008086,0.93476903,0.0,0.0,206.45335118383963,32.30515142631232,1,1.0,True
661212933936844416,130.1141535649122,0.022222815,19.277982340018948,0.01593723,5.215410208938402,0.032053735,162.70836,-35.29748509769786,0.030034134,-11.525581806269514,0.021253409,11.010231,11.337093,10.519734,0.817359,0.32686234,0.49049664,2300.7725,34.10337,0.5997103,1.0717934,0.13030566,18.093458,206.35666876083053,32.361379200926685,1,0.439824088372988,True
661233584139655040,130.50649850325905,0.07538474,19.446069750437,0.036679126,5.245293537592195,0.08341268,62.883648,-35.17241642807174,0.09280425,-12.15109787236825,0.0599877,17.100718,18.73086,15.880397,2.850463,1.6301422,1.2203207,1056.0348,,,1.0224798,0.13865617,0.68001795,206.32307242731468,32.766923456985,1,0.5670802670830336,True
661293812462666240,130.1392620008837,0.013848255,19.63353310842928,0.008588217,5.376964969763738,0.015724488,341.94852,-36.536288692998106,0.01714471,-13.508849248047154,0.011601031,11.963045,12.404102,11.363196,1.040906,0.4410572,0.59984875,2399.4307,35.502216,1.1109952,0.85208446,0.053305842,3.2899113,205.97158781802847,32.507479250059326,1,0.78175018674011,True
661294705815866240,129.99975520163346,0.017946167,19.57785811514889,0.011125271,5.423246933217886,0.021989387,246.6302,-35.942335099444065,0.022374624,-11.611836370176476,0.015248799,12.5628605,13.079146,11.895272,1.1838741,0.5162859,0.66758823,2093.633,33.50209,0.97130525,1.0335531,0.06575902,4.394702,205.97939522686224,32.36490584900074,1,0.8571758857024279,True
661300551269631360,130.1798531089657,0.026893763,19.719261819614488,0.016687065,5.355951886118715,0.031134712,172.0251,-35.94634199085495,0.03201758,-11.854366342627394,0.023887224,6.8043456,6.894305,6.621073,0.27323246,0.08995962,0.18327284,3488.6934,32.97104,0.30062553,1.0026152,0.18567413,34.675346,205.89188589957948,32.57302147865916,1,0.8196308264699597,True
661387756285499136,131.20741923898274,0.29920852,20.17761163417074,0.14784236,5.656625647669239,0.33358696,16.956976,-35.6514375019236,0.3399475,-13.67400311544349,0.24573654,19.36669,21.418236,18.044071,3.3741646,2.051546,1.3226185,391.96686,,,1.0579089,1.1337072,3.14344,205.77263442564117,33.63748523310363,1,0.3913458312701275,True
661416274866976384,130.3853092025721,0.09529504,20.101820842107006,0.050651245,5.462487728995633,0.11162052,48.938023,-35.71387997631195,0.1078171,-13.716337506073092,0.0776216,17.603567,19.327503,16.350557,2.9769459,1.7239361,1.2530098,913.0288,,,0.94521093,0.0,2.0327164e-15,205.54375566553085,32.885914780249834,1,0.8736596260636577,True
661424074528836480,130.4323951523891,0.021224657,20.2268145537126,0.011537848,5.540482086910993,0.024264084,228.34087,-36.25265138715738,0.024599403,-13.771001934678928,0.020184208,10.354437,10.631867,9.913274,0.7185936,0.27743053,0.44116306,2526.9607,33.826576,0.30903536,1.1581074,0.1655694,37.557766,205.42171150081995,32.97007808913456,1,0.6215135300932871,True
661445407628999936,130.8209516359059,0.18092403,20.411282253068624,0.075202614,5.896672246916327,0.19743426,29.866508,-27.841956560525087,0.21287353,-4.01102753737521,0.15562339,18.489809,20.41657,17.187557,3.2290134,1.9267616,1.3022518,699.377,,,1.0591023,0.5842036,2.8539705,205.36187602748657,33.37540643519241,-1,0.0,False
661846763732585344,131.24823353126337,0.33975512,20.85430806903306,0.14172441,5.630615514604723,0.37554416,14.993217,-34.12538995473021,0.36572075,-12.798318263408934,0.27425113,19.133158,21.155552,17.745974,3.4095783,2.0223942,1.3871841,443.0133,,,1.0367056,0.95291585,2.7760708,205.02118879069928,33.900497041579804,1,0.2814752454852715,True
661848314216888192,131.2324926377588,0.04249105,20.930999971862544,0.02025649,3.142462223667403,0.048320133,65.03422,-25.137218077288484,0.052511066,-10.849156677628844,0.04047381,15.970716,16.977642,14.966741,2.0109015,1.0069256,1.0039759,2404.1147,,,0.9527462,0.0,0.0,204.9281348458824,33.912047087566926,3,0.9716886893949007,False
661866451862557312,131.58339534491986,0.11934395,21.00887232842494,0.06197136,5.496921756564901,0.15301876,35.923187,-37.287666328519755,0.15481548,-13.392810456883817,0.10968813,17.933897,19.811373,16.638783,3.1725903,1.8774757,1.2951145,860.67395,,,0.96646005,0.0,0.0,204.9700562894145,34.24704069457982,1,0.6183996362358988,True
660751581432060800,132.70750590506637,0.05249516,19.810095709247324,0.027976397,5.405380801747341,0.058738183,92.024994,-36.131806783530784,0.06108287,-12.692782604808215,0.046949126,16.508348,18.162685,15.271506,2.891179,1.6543369,1.2368422,1289.6383,,,1.0762508,0.17128806,2.031224,206.76948140040352,34.838798951685355,1,1.0,True
660806526949782528,134.1246449904301,0.1871867,19.966863172011347,0.10704292,3.2030699212559663,0.22257188,14.3911705,-22.4309549315223,0.248537,-1.2799236516004886,0.23047863,18.71824,20.141373,17.555487,2.585886,1.423132,1.162754,611.775,,,0.96554804,0.0,0.0,207.14079748399135,36.1461017636978,-1,0.0,False
660925927040648704,130.57580585759592,0.04558524,18.51490436796037,0.021963079,3.070301504164243,0.061924078,49.581707,-24.61635430799711,0.06079147,-25.21584866955071,0.041965757,16.131565,17.229872,15.088596,2.1412754,1.0983067,1.0429688,2082.2688,,,0.99545324,0.0,0.0,207.3853101403763,32.50017380058174,-1,0.0,False
660976676374207616,130.5528226062399,0.10012768,18.683555339569025,0.04249146,5.54375608248035,0.13374995,41.44866,-37.2106013317502,0.1391721,-12.31632116022794,0.09719712,17.411726,19.049911,16.168322,2.88159,1.6381855,1.2434044,1092.4957,,,1.028244,0.13877274,0.49853,207.18920591348004,32.53986148523606,1,0.5817552537249041,True
660990484692472448,130.53866737555234,0.2910261,18.930250604262167,0.13312234,5.3595749510648725,0.3494701,15.336289,-36.73787486151534,0.36703843,-12.47284308569948,0.2523419,19.251184,20.768587,17.86914,2.8994465,1.5174026,1.3820438,446.23343,,,0.9916,0.5412136,0.88067484,206.90978130922187,32.614667646504294,1,0.7999680770966582,True
661018835773136512,130.93620807719864,0.034871407,19.066241702031,0.012135739,5.511220636770757,0.036715277,150.10703,-37.43535134158965,0.03716636,-13.251309884676289,0.024424061,15.191929,16.335667,14.129193,2.2064734,1.1437378,1.0627356,2424.5796,25.10035,3.9528663,0.99698097,0.0,0.0,206.9156629006816,33.014366708142006,1,0.5160098289200418,True
661051679386429952,131.44371541679146,0.028687594,19.04940800880016,0.014662317,5.61794492851575,0.03476525,161.59656,-38.83497911733758,0.0341676,-12.72074997726848,0.024690434,7.993558,8.095498,7.795934,0.29956388,0.101940155,0.19762373,4058.638,33.910336,0.16840972,1.0595508,0.19716015,27.485287,207.1354724944486,33.45774550355147,1,0.2762729110477766,True
661186373859208832,130.08243407865712,0.034319397,18.927227833338616,0.022053065,5.338902763824707,0.041677233,128.10118,-36.43707450702485,0.039733566,-11.14157740360217,0.029892817,15.1055155,16.440018,13.963666,2.4763517,1.3345022,1.1418495,1294.0483,22.88184,7.6285834,1.243116,0.14292213,4.16399,206.73253874314804,32.20986491768544,1,0.5193272707686184,True
661216747867811328,129.9637913744356,0.08818153,19.3055417439038,0.055175435,5.358658362688426,0.11439747,46.842453,-35.915748369486,0.118406154,-11.51862876579058,0.07610213,17.243624,18.852127,16.002338,2.8497887,1.6085033,1.2412853,937.85815,,,1.0549009,0.19140999,0.85098815,206.267319622687,32.23810413252645,1,0.8196308264699597,True
661233579841517056,130.50669437336606,0.08734148,19.4503483811385,0.0399313,6.192103627412029,0.094904214,65.24583,-44.09804802428546,0.1008211,-13.341948514870598,0.06536009,17.312246,19.072985,16.054901,3.0180836,1.7607384,1.2573452,936.679,,,0.98699844,0.0,1.9659707e-15,206.3183781842995,32.76858477428965,-1,0.0,False
660625171954182528,132.93261261931093,0.20809822,18.99290633967352,0.10864223,5.818578027768542,0.23628907,24.62483,-40.388636021540734,0.244555,-12.519834045425489,0.16262893,18.839369,20.915459,17.422716,3.4927425,2.0760899,1.4166527,498.254,,,1.030155,0.7381847,2.7049463,207.79285324226976,34.757086023980065,1,0.1937759542922755,True
660888608068716672,133.56450081991017,0.29250965,20.422180095541695,0.15954736,4.130038377369958,0.32908964,12.549889,-47.666380100332105,0.3588302,-13.95059614974106,0.286489,19.446163,21.014832,18.118923,2.8959084,1.5686684,1.32724,384.17926,,,1.0489843,0.6447474,0.91319525,206.39380109610372,35.80225663881602,-1,0.0,False
660933310088402688,130.7999949707693,0.10825225,18.69580454933872,0.049125493,5.499811565413627,0.12014846,45.775135,-35.53639513765272,0.12547979,-12.352437956596445,0.09290681,18.011091,19.81371,16.731256,3.0824528,1.802618,1.2798347,1041.0288,,,1.0324616,0.0,0.0,207.27431088709656,32.76310202865212,1,0.67577239805289,True
660957400560960256,130.89405035086426,0.07141305,18.753773311356507,0.03400928,5.479595422002624,0.08133315,67.37222,-36.548778026030575,0.08283214,-12.482394253944197,0.062144823,17.301842,19.093067,16.030466,3.062601,1.7912254,1.2713757,748.07,,,1.007554,0.0,0.0,207.24736376988224,32.866939550402975,1,0.6386153210806718,True
660981619879849728,130.37063501159457,0.166181,18.7596378992346,0.082446255,5.172719460583257,0.25668192,20.152254,-36.567240288423406,0.27453583,-12.27254237445171,0.1756488,18.375006,20.313335,17.066534,3.2468014,1.9383297,1.3084717,679.687,,,1.0223576,0.0,0.0,207.0322884434734,32.40556293347068,1,0.46798711608928295,True
661006019590629760,130.29464376810955,0.083056085,19.031537362515873,0.04690395,5.787568069480535,0.10926104,52.970097,-37.930939392945035,0.11393578,-13.095977257269226,0.09013144,16.867666,18.642534,15.573522,3.0690126,1.774868,1.2941446,1407.9813,,,1.1692157,0.38247958,5.6617904,206.700876998654,32.43444063805458,1,0.3127220520859155,True
661052405238360704,131.5091205089146,0.102227375,19.1164516279315,0.052520234,5.212753127442142,0.1208331,43.14011,-35.17885968359124,0.12360714,-12.14176942611714,0.09171733,16.593094,17.863064,15.009408,2.8536558,1.2699699,1.5836859,883.43317,,,1.2980714,0.7309517,30.56472,207.08606550667832,33.53909624435399,1,0.5224303188706202,True
661066664529794688,131.28544028486004,0.11240235,19.15222744488759,0.05626355,5.317241648962194,0.12757505,41.67932,-35.13800845193239,0.14810851,-11.157410848095337,0.10904375,17.632055,19.344318,16.3771,2.9672184,1.7122631,1.2549553,868.21497,,,0.9436916,0.33427483,2.3636558,206.9574349006379,33.353576826396306,1,0.4424867853915642,True
661092674850808064,131.9227623813078,0.085970566,19.432422462149944,0.045600146,3.2503952953043904,0.10239867,31.742554,-21.655413446801035,0.10557662,-27.10905570898848,0.0794029,17.363365,18.696075,16.241571,2.454504,1.3327103,1.1217937,1160.3701,,,0.9870708,0.0,0.0,206.8927047570667,34.01497626817812,-1,0.0,False
661135792026305920,131.0396367448589,0.116614506,19.47776261040282,0.055860206,4.100566853093758,0.14930524,27.46432,-28.43270248324211,0.15522203,-9.025055136919274,0.124176405,17.83112,19.49096,16.590767,2.9001923,1.6598396,1.2403526,940.7166,,,0.97678536,0.329421,2.0658271,206.49572003804212,33.249340816295536,-1,0.0,False
661177298590626176,131.41773960271823,0.47030133,19.864386086872265,0.25272456,6.728988749285976,0.54120094,12.433438,-37.1664881780306,0.58853024,-14.138551976138968,0.41605762,19.569523,21.111404,18.023998,3.0874062,1.5418816,1.5455246,242.64818,,,1.2898288,2.825163,13.411468,206.20738033635135,33.716678904494486,-1,0.0,False
661189156998021248,130.00109418705838,0.10016541,18.935585250452736,0.06666395,3.2023122682004037,0.123465285,25.936945,-28.094426834857146,0.12434553,-25.317610591710885,0.089383684,17.408472,18.911192,16.227964,2.6832275,1.5027199,1.1805077,815.166,,,1.0524977,0.28701258,1.7407929,206.69114823407375,32.14085590475064,0,1.0,False
661190290869387776,129.94035390379582,0.056729686,18.97606212710113,0.033757582,5.318561643364072,0.0673101,79.0158,-35.87988006586653,0.06589745,-11.617264494158093,0.044040885,16.26075,17.742943,15.06809,2.6748524,1.482193,1.1926594,1037.7491,,,1.0394657,0.14150092,1.341275,206.6224567574697,32.10143585629572,1,0.6827961231606549,True
661252997391718272,130.42605956499767,0.020541912,19.660478856559905,0.011366472,5.532514567011723,0.024331683,227.37904,-36.54628981783236,0.023734165,-14.72016756930557,0.0173063,9.475089,9.688435,9.109364,0.57907104,0.21334553,0.36572552,6919.257,50.620457,4.6875706,1.3210536,0.15651414,32.342247,206.0526481031147,32.77019790748929,1,0.43387678371189764,True
661263305313199360,129.672583012386,0.019014457,19.421685261726925,0.012419141,5.421369434601694,0.022008589,246.32971,-35.26350159701525,0.022563254,-12.8175985954096,0.015155594,13.990094,14.839445,13.0872345,1.7522106,0.8493509,0.9028597,2835.224,38.724655,2.9565504,0.98769563,0.0,1.2463744e-15,206.02529191433055,32.02140058926002,1,0.9315258053043194,True
661524473682743680,132.2225687584824,0.06635504,20.075898442368185,0.03528507,3.8799499102228214,0.07491677,51.790134,-49.42873903000414,0.07881631,-2.9989185373916234,0.054199804,16.991407,18.387728,15.823911,2.563817,1.3963203,1.1674967,1430.1616,,,0.97787255,0.0,0.0,206.2776064079658,34.49997267555163,-1,0.0,False
661775265413200640,131.4410320802098,0.043885246,20.49468254501345,0.018667575,5.575401374846803,0.05018634,111.094,-38.30280429588785,0.0531275,-13.98269110329315,0.039745644,15.571946,16.851496,14.454033,2.3974628,1.2795496,1.1179132,1367.408,45.149406,13.665793,0.9888489,0.0,0.0,205.5022861329863,33.95059984938616,1,0.4868530920273622,True
661829588159547392,131.44897188977114,0.08584023,20.712876889541512,0.041541617,5.549215563122042,0.11753243,47.214336,-37.893747824767985,0.12318424,-13.796918984109643,0.08404942,17.200344,18.901968,15.935609,2.9663591,1.7016239,1.2647352,669.98914,,,1.032563,0.20056242,1.2634753,205.2572361354332,34.03049124020595,1,0.48221988393018933,True
661958742120209024,132.53359843445963,0.26938686,21.69087058999331,0.13701355,5.858554091919062,0.31235164,18.756279,-40.190694918349806,0.33640537,-14.859547074598826,0.20943595,19.177164,20.589752,17.784473,2.8052788,1.4125881,1.3926907,370.46033,,,1.0129145,0.6355115,1.1954361,204.5344068293035,35.30547560979016,1,0.19089955402657005,True
661960739281626368,131.82934271762818,0.101204805,21.18387481210475,0.052933037,5.279765099326981,0.109504595,48.215008,-36.33504909674871,0.12734132,-13.474995097445458,0.08583209,17.66501,19.462275,16.39158,3.070694,1.7972641,1.2734299,887.80237,,,1.0360612,0.38289016,2.9699762,204.86100725891825,34.52123052148784,1,0.5320745669953396,True
662319489310380416,126.03331079129522,0.0832515,17.75954045980184,0.059007034,3.806291102767508,0.093297586,40.797314,-25.26008425597164,0.10731876,-11.232261217021067,0.08875246,16.449173,,,,,,885.2307,,,1.0743552,0.23846555,3.3404264,206.37849610192623,28.204841504404044,3,1.0,False
661974788117516800,132.0480247361594,0.19186692,21.443037114268225,0.10591599,5.544276400634885,0.22661321,24.465813,-25.01189426480632,0.26966697,-10.581925851545074,0.22782421,18.447256,20.251951,17.133999,3.1179523,1.8046951,1.3132572,514.0782,,,0.94005483,0.0,0.0,204.64363977926777,34.79818140607537,-1,0.0,False
662160055827615360,126.32904174693384,0.12343317,17.954135841443737,0.08133704,3.596879008689803,0.13874355,25.924656,-21.53790675911479,0.14132468,-12.777926035552008,0.09995731,18.19062,19.799301,16.994104,2.8051968,1.6086807,1.196516,760.496,,,0.9519442,0.0,0.0,206.29159128121657,28.538388535522465,3,0.8710734659814392,False
662305539256269184,127.30216322648371,0.072812796,18.689406463700525,0.046170924,3.7372330927001025,0.08359641,44.70567,-25.449827336999164,0.091903456,-6.060127074704381,0.059866544,16.47036,17.466667,15.136998,2.329669,0.9963074,1.3333616,1428.9656,,,1.3442566,0.4826279,16.613832,205.89455691239257,29.666952042964983,-1,0.0,False
662333503786512640,125.60531010947064,0.10412022,17.9009375042949,0.06455858,3.136113931745404,0.13251422,23.666245,-26.86393413026916,0.1188644,-22.178951928827235,0.079206556,17.606627,18.979383,16.464657,2.5147266,1.372757,1.1419697,1020.1863,,,0.9581664,0.0,0.0,206.05830607324052,27.879050381888604,0,0.9483124199800161,False
662428512760038528,126.10361862992124,0.016534073,18.53135908102021,0.010870728,4.935793436962561,0.02014126,245.0588,-30.24163542283702,0.019397445,-10.833060620238664,0.013234286,9.844191,10.068423,9.468216,0.6002073,0.22423267,0.37597466,5104.82,34.71676,0.8517452,0.8934137,0.08034715,7.727844,205.59090402847485,28.551245209961067,1,0.17459374459353127,True
662442153576108288,125.70436932975178,0.014334358,18.62716091133867,0.010221078,6.530008504117062,0.0157745,413.95978,-49.321952373407285,0.017667836,1.1358770292877078,0.013792796,13.534039,14.370907,12.634429,1.7364779,0.8368683,0.89960957,3849.008,9.209545,1.606607,1.0522339,0.0,0.0,205.33244055867928,28.23391571592823,-1,0.0,False
662727373764112128,128.02213431482917,0.022429066,19.300109373873976,0.01477584,4.037274901469403,0.027175471,148.5632,-28.70916762222409,0.026320111,-7.503746982046611,0.018395461,14.558049,15.379223,13.671377,1.7078457,0.82117367,0.886672,4336.3257,-18.722292,3.032296,1.1122087,0.03865091,0.55857795,205.51702427945972,30.521179503679225,-1,0.0,False
662182909350261632,127.51208160667426,0.11549383,17.95050659721451,0.07767192,5.075173745112459,0.13284764,38.20297,-32.73498057365225,0.13698252,-10.635092533598076,0.10494983,17.912079,19.945938,16.603382,3.342556,2.0338593,1.3086967,769.13544,,,1.0488099,0.31277218,1.0998224,206.76967960560305,29.58337548160689,1,0.29441247552916344,True
662402738659020160,125.40796149236677,0.16045228,18.24721969635273,0.10279386,3.608900767513053,0.20860699,17.3,-31.70308767101285,0.18962073,-12.051761724797917,0.12971175,18.266066,20.210203,16.962671,3.247532,1.9441376,1.3033943,681.68524,,,1.1232861,0.640754,3.5719352,205.615919057882,27.832897450583264,-1,0.0,False
662487096113815552,126.95637974385944,0.07942981,18.575876478053623,0.048671506,4.168537217166654,0.08748046,47.651066,-23.48313249102258,0.09439982,-12.457735504706182,0.06040012,17.260235,18.816278,16.051321,2.7649574,1.5560436,1.2089138,1057.2499,,,0.970908,0.0,0.0,205.87981360653245,29.320418887202873,-1,0.0,False
662635083506980992,128.28201167210227,0.09036408,18.754325251778035,0.066879265,5.2658605105077605,0.12169272,43.271782,-32.903120127782685,0.110742316,-12.052293956933491,0.07388373,17.38208,19.07016,16.151144,2.919016,1.6880798,1.230936,874.04913,,,1.0761235,0.23854809,1.1766579,206.21076666402013,30.556098411347943,1,0.321496545926782,True
662640615424927744,128.43295035801376,0.046029583,18.79741066326668,0.032295328,5.305183977048402,0.057050798,92.99053,-33.75087565626033,0.058422912,-12.250505799604015,0.040525105,16.157934,17.556692,14.996733,2.5599594,1.3987579,1.1612015,1195.119,,,1.0707183,0.092404194,0.64047194,206.2235464665928,30.70495298220092,1,0.4488043921996568,True
662644326276577664,128.50187391718313,0.05678361,18.9266703730957,0.03530291,5.304054231266634,0.065205276,81.34395,-34.299491841261656,0.0648639,-12.346202989274664,0.045704298,16.2668,17.800724,15.071741,2.728983,1.5339241,1.1950588,905.24945,,,1.0415034,0.11280056,0.76693964,206.1101908873762,30.812066669843748,1,0.5415215121911139,True
662768914687563776,129.03722785773323,0.035819326,19.22995147831003,0.024289506,5.492878688358722,0.05025532,109.299446,-35.02278811183794,0.046515457,-13.211240605619796,0.030349396,15.466321,16.701956,14.365361,2.3365946,1.2356348,1.1009598,1397.3497,37.293293,13.048645,0.9385614,0.0,0.0,205.9887040436188,31.39270571483492,1,0.5743334357479057,True
662792790408901504,128.90038186949505,0.17714587,19.53278801973021,0.13531867,5.342041560062559,0.27409303,19.489883,-36.239328249921606,0.23174916,-13.728642305897733,0.1650468,18.52096,20.438505,17.194765,3.24374,1.9175453,1.3261948,503.85605,,,0.9876725,0.0,0.0,205.60344457462875,31.37833948828332,1,0.6263238121914512,True
662849900590743936,128.93763033023686,0.025902651,19.771102437884643,0.018299555,5.594003640596384,0.03327203,168.1293,-35.79780860340085,0.031505708,-13.045347965629814,0.02200926,7.4599524,7.520744,7.320773,0.19997072,0.060791492,0.13917923,2775.4922,25.21256,0.54066193,0.9508404,0.16296224,17.166405,205.35607118447385,31.4944272965261,1,0.513781046756387,True
662859654460073984,128.51463983532872,0.017685296,19.795227462749473,0.0118878735,5.519276440268023,0.019744284,279.53793,-34.89783686978474,0.020776829,-12.868958224725294,0.015493766,12.965888,13.574995,12.226595,1.3484001,0.609107,0.7392931,2585.3945,37.853245,1.4792353,1.0267224,0.09500181,9.284873,205.1672896458361,31.12974439704862,1,0.596585928778778,True
662919066744669568,127.75069376250728,0.13766117,19.40441747700068,0.08331828,5.482435254471599,0.15859716,34.568306,-34.637603105377806,0.15741363,-13.5857949946422,0.10830281,18.130527,20.014545,16.824093,3.1904526,1.884018,1.3064346,909.74786,,,1.0352945,0.2932766,0.99248946,205.29870824357195,30.318628783961746,1,0.6984192125189497,True
663008127186324480,127.35787929284348,0.028040538,19.916148641465114,0.018473366,3.818285025697111,0.030807506,123.940094,-21.912232459120148,0.035031106,-17.338885711498182,0.023847582,15.25399,16.23803,14.269691,1.968338,0.9840393,0.9842987,3101.958,35.378216,8.067704,1.0752721,0.054589856,0.6465631,204.5935484822733,30.15266544995611,-1,0.0,False
663043552076925440,128.10560874449828,0.0135359755,19.937437113003092,0.008501819,5.795240020701131,0.015304093,378.67255,-27.979078566141435,0.016519535,-23.863106572184815,0.010993105,12.65437,13.180355,11.976163,1.2041922,0.52598476,0.6782074,6049.636,-26.00731,0.6701316,1.0053076,0.05357882,3.7271316,204.85542957226392,30.81875766926357,-1,0.0,False
663052962348209664,128.3935429013074,0.18175365,19.95155234371376,0.11094831,5.4488404872695,0.20387791,26.725998,-35.94871411853771,0.22526085,-13.730944364229105,0.16126356,18.443666,20.220276,17.142649,3.0776272,1.7766094,1.3010178,616.62726,,,1.1152501,0.74945056,3.9323509,204.9498304299324,31.077415707520377,1,0.8570756852694413,True
663154740190053504,127.98903964242804,0.26917112,20.705908996032655,0.1685456,5.332435062489506,0.2947087,18.09392,-34.05400001809022,0.32660627,-13.972611559249255,0.24213701,19.180714,20.924162,17.839363,3.0847988,1.7434483,1.3413506,346.32483,,,1.0201391,0.6236907,1.2428333,203.9708814251696,30.98130568977765,1,0.5532019126304225,True
663171232864135808,125.39873205601492,0.016272785,18.62114684354561,0.0107404785,5.383319010862801,0.019695742,273.32397,-28.109348811307648,0.018980572,-8.443243621616048,0.013617782,13.548305,14.29304,12.71004,1.5830002,0.7447357,0.83826447,4273.1494,34.6524,1.4542531,1.170636,0.04789985,1.6490434,205.2187694958329,27.96212883452258,-1,0.0,False
662490871388005888,126.9864247082174,0.14705671,18.73953125630875,0.09397194,3.221779959013584,0.18338203,17.568678,-29.758390596984206,0.17808825,0.4920969457292288,0.12111602,18.358402,19.63809,17.216274,2.4218159,1.2796879,1.142128,759.03577,,,0.96263766,0.0,0.0,205.7166194935004,29.406234648612468,-1,0.0,False
662571341895641984,126.6376539151744,0.09394134,19.145601140790653,0.061864153,3.7281295331921056,0.10491062,35.536243,-29.361230583765405,0.10956327,-14.92130257895952,0.0792332,17.744287,19.262512,16.574404,2.6881084,1.5182247,1.1698837,882.5902,,,1.0013541,0.0,0.0,205.1458468846191,29.244738287278206,-1,0.0,False
662600689408917888,127.92888566233596,0.08315427,18.48508886319569,0.05225333,5.413811298222986,0.096829824,55.910576,-34.62621053773833,0.1033896,-12.238043301336416,0.07068044,17.295572,18.987175,16.036137,2.9510384,1.6916027,1.2594357,945.6823,,,0.99023265,0.0,0.0,206.36208850540015,30.146925690024055,1,0.6431014946540078,True
662663872670474240,127.56034987049806,0.14333662,18.608001834244774,0.09654438,6.669516303528268,0.17145824,38.89878,-37.81735021997419,0.16291274,-23.965025493871924,0.11841913,18.312786,20.334904,16.990837,3.3440666,2.0221176,1.321949,692.26404,,,0.9786739,0.0,0.0,206.0838406792361,29.86563163395064,-1,0.0,False
662744210035689728,128.9151367795911,0.04688712,19.12671164647883,0.03147326,5.238681858603601,0.053887524,97.21512,-34.774312078414766,0.059615158,-12.487013329892791,0.040791295,16.031834,17.505941,14.844846,2.6610956,1.4741077,1.1869879,1001.067,,,0.99378645,0.0,0.0,206.0540368982757,31.24834142863729,1,0.48541126056836476,True
663082653459050752,128.34771597498406,0.17030783,20.300873506931516,0.107367806,5.186624950740303,0.19179167,27.043015,-34.751764377057576,0.19474642,-13.414972700451102,0.14529206,18.42792,20.423206,17.101946,3.3212605,1.995287,1.3259735,677.23157,,,1.0759072,0.70308477,4.066818,204.5496124040104,31.15792501691903,1,0.4619479856468637,True
663094851166236032,127.71862889687236,0.1291297,20.016075348413636,0.08522952,4.910945339182574,0.16463031,29.830141,-25.575453671902583,0.14781602,-13.29182392121436,0.111872934,18.11403,20.034815,16.816763,3.218052,1.920784,1.2972679,829.2828,,,1.0258875,0.19516645,0.42921036,204.62238286394867,30.505272945200005,-1,0.0,False
661406546764571392,130.58777065969178,0.08314777,20.05573544511897,0.037335347,5.395712819730531,0.107301846,50.28537,-37.64222975869049,0.11274746,-13.656582182113748,0.081083715,17.180061,18.831038,15.951637,2.8794003,1.6509762,1.2284241,1225.4543,,,1.0234109,0.026896894,0.02380903,205.67280324894625,33.04889083646549,1,0.4989900468677629,True
661528184534528896,132.54257413928565,0.019172523,20.148545862371225,0.010330155,5.498519465740644,0.02208055,249.02095,-38.428463250267285,0.023573948,-13.360470529644148,0.018086923,14.272574,15.205616,13.315793,1.889823,0.9330416,0.9567814,3866.9316,30.555672,2.4594576,1.0580955,0.0,0.0,206.31763748461984,34.80736254647855,1,0.41373065779196,True
661782412237714816,131.4742400500555,0.1855597,20.692462995304663,0.08039841,4.527738927218395,0.20919986,21.643126,-50.90229789738905,0.23793751,-3.783659498685677,0.16483377,18.244925,17.344568,15.938595,1.4059734,-0.9003563,2.3063297,102.373245,,,1.0244782,0.36216995,1.2530441,205.28996263237053,34.04598180609678,-1,0.0,False
661844946962537344,131.13844140980893,0.10218829,20.807566400813855,0.043049674,3.1193527473084863,0.111148946,28.06462,-29.08907810365264,0.106106006,-17.828969716946197,0.07529549,17.487415,18.730173,16.37536,2.3548126,1.2427578,1.1120548,1251.1014,,,0.9591391,0.0,0.0,205.0332167676068,33.78818092250487,-1,0.0,False
661851612751722880,131.178043596043,0.07373573,20.962985259375092,0.032960612,5.377096767181708,0.086630166,62.069565,-36.45817019713947,0.09119246,-13.351861654669218,0.06636319,16.799574,18.571943,15.531218,3.0407257,1.7723694,1.2683563,1213.0881,,,1.051828,0.17790087,1.5820771,204.8714953854984,33.87465162976004,1,0.8334707762142739,True
661923798266094976,132.54499953980283,0.05849286,21.10114570565491,0.027955156,3.405303225516951,0.06997031,48.667835,-34.9119162158637,0.07393466,-12.402222515888749,0.04465854,16.346272,17.517282,15.274341,2.2429419,1.171011,1.0719309,1928.3907,,,1.0398842,0.13559341,1.3796719,205.2217680437593,35.12511073624689,-1,0.0,False
662037494640427776,126.56067169796216,0.22812913,17.21996340310772,0.1397155,4.292814813113865,0.26058602,16.473696,-22.1520990634382,0.30375808,-14.494101240568714,0.1976854,18.92674,20.702423,17.662191,3.0402317,1.7756824,1.2645493,554.3911,,,1.0490643,0.55267584,1.4559765,207.1605311170385,28.470072949681615,-1,0.0,False
662090477359206656,126.73244819976868,0.35517785,17.703814501896314,0.21392846,5.3777718630953,0.42238346,12.731966,-29.216641231931774,0.38456306,-23.99017806227568,0.275025,19.609474,21.301573,18.269764,3.0318089,1.6920986,1.3397102,390.59314,,,1.0429782,0.7829812,1.2386657,206.71861165692744,28.802525479743192,-1,0.0,False
662227439571084032,127.3356050415117,0.06502941,18.179332631380433,0.04153463,5.6734477486955734,0.074156545,76.50636,-35.649392485424315,0.07843579,-13.312020301263932,0.051619228,16.962389,18.676102,15.706816,2.969286,1.7137127,1.2555733,705.74493,,,0.94801843,0.0,0.0,206.45427147559008,29.51111753385492,1,0.3746755741189086,True
662373502817227776,126.173309324783,0.0154046705,18.288287096964375,0.009980152,3.4877275563609427,0.017854096,195.34608,-31.86588512022344,0.01675386,-14.573729170180195,0.012026297,9.827051,10.117806,9.371547,0.7462597,0.29075527,0.45550442,6321.4717,46.18277,0.17305003,1.0771006,0.095744826,13.407218,205.8759415211219,28.523806356082705,-1,0.0,False
662493658823760256,126.90955963615414,0.02679819,18.75118457710232,0.017133601,3.23116342064748,0.03088768,104.6101,-42.76734383725699,0.031201106,1.1709898409454935,0.022342738,15.227322,15.983001,14.237129,1.7458715,0.75567913,0.9901924,2766.6492,85.041664,5.2125807,1.042756,0.0,0.0,205.673952801315,29.342583781229504,-1,0.0,False
662625978176332160,127.97595986818712,0.10448322,18.76001648116847,0.06788197,5.244676955179784,0.11713807,44.77346,-34.44309370312753,0.12223083,-11.98356021357391,0.089069225,17.614841,19.37466,16.36448,3.0101814,1.759819,1.2503624,964.0376,,,1.059528,0.17631884,0.5151937,206.08394732451575,30.28766675035821,1,0.5415215121911139,True
662633228081183872,128.20700625332148,0.014795257,18.70169915305256,0.0093129,5.363839977932667,0.017094404,313.77756,-34.07593006649068,0.0180144,-12.169697796853594,0.01154387,12.377144,13.008809,11.621056,1.3877535,0.6316652,0.75608826,3730.5234,36.71347,3.6622362,1.0235454,0.047863234,2.548815,206.23817282941988,30.470905155620567,1,0.557061447705224,True
662633743477189632,128.231758456435,0.018482463,18.732774222364338,0.012745927,5.412420476144746,0.024793733,218.29793,-34.96426262542338,0.0211216,-12.90533702133894,0.01410787,12.749789,13.316886,12.043404,1.2734823,0.5670967,0.7063856,3434.0828,34.080994,0.8341181,1.1221844,0.08849326,6.897916,206.21429099190203,30.50394614714563,1,0.8770455052995161,True
662645284052268416,128.14669301786182,0.13969213,18.735964613481016,0.09540987,5.432527971974162,0.17053276,31.856213,-34.39454290837509,0.16782415,-12.078333757858651,0.11366175,18.041286,19.912554,16.750668,3.1618862,1.8712673,1.2906189,571.2432,,,1.0337542,0.38654903,1.4761201,206.17727191899667,30.429907265132613,1,0.5310265596149568,True
662741564335762560,128.66524228668737,0.061456215,19.136831631390542,0.043402817,5.532285817590831,0.07215425,76.67304,-36.67429335021728,0.07104035,-13.394619505670892,0.055435464,16.612774,18.21238,15.390169,2.8222103,1.5996056,1.2226048,772.2539,,,1.018337,0.11812695,0.66683286,205.9452504794821,31.031149740488814,1,0.8650934543110023,True
662787468946178176,128.85109721631838,0.22846203,19.428885973898858,0.15324861,5.4513542977168585,0.28031757,19.447065,-34.78879163785792,0.27906403,-13.94520691776298,0.20543279,19.045105,20.710928,17.710657,3.0002708,1.665823,1.3344479,412.14355,,,0.94414824,0.45456102,0.61055017,205.69827139472372,31.298372823275887,1,0.6529894632944331,True
662794787570424448,128.99928724148953,0.014682742,19.52547071817775,0.010131321,5.66387297810981,0.017834011,317.5883,-36.86471418677225,0.01731033,-14.39858937851936,0.012265258,12.834803,13.437584,12.100826,1.3367577,0.6027813,0.73397636,3816.9912,36.752243,1.4182097,1.0416163,0.060285944,3.6855464,205.64973752268384,31.463086502291297,1,0.37835721583269216,True
662799838451954688,128.96344346836668,0.30920926,19.648133201474483,0.21614379,5.337939384688291,0.41803378,12.769157,-43.99663021014021,0.4315462,1.9297216527196852,0.25930396,19.370195,21.217972,18.081408,3.1365643,1.8477764,1.2887878,308.6218,,,0.9758374,0.0,0.0,205.5011577344428,31.474339305755,-1,0.0,False
662916730282382976,127.55570369515746,0.03483609,19.385275971061088,0.02151106,3.4302894804050927,0.04010526,85.53216,-34.190579181207426,0.04411664,0.3954877950945822,0.030567179,15.635432,16.60235,14.655303,1.9470472,0.966918,0.98012924,2580.8186,,,1.0031908,0.0,1.9032585e-15,205.2439921900128,30.13985583045952,-1,0.0,False
663069150081902592,128.13906999592294,0.017437223,20.08004418225842,0.011313,5.508006333367591,0.018670479,295.0115,-34.797560963745184,0.020297637,-13.485308026387884,0.015197816,12.852614,13.448745,12.122559,1.3261862,0.5961304,0.7300558,3779.0288,35.48649,0.7568285,1.0974668,0.09868743,11.949091,204.7124082354723,30.89782502547654,1,0.6436860292814085,True
663308328220598528,126.09381686155156,0.18058558,19.17092425890431,0.10659645,3.398279026325141,0.23074032,14.727721,-22.96350327705394,0.21724333,-3.471094600118727,0.14342295,18.434679,19.971432,17.269987,2.7014446,1.5367527,1.1646919,610.58435,,,0.9553701,0.0,0.0,204.90775568947575,28.77442865916166,-1,0.0,False
663314719131890176,125.65913571817669,0.062191013,19.086117791845112,0.046562646,3.850738029278223,0.07073066,54.442276,-30.32418876080652,0.08165126,-7.979294824465754,0.06027813,16.78688,17.963915,15.697114,2.2668009,1.1770344,1.0897665,1485.9937,,,1.0904251,0.21011384,1.8897631,204.82915716794312,28.36080375864827,3,0.8465883590599914,False
662859104704260224,128.60034189799742,0.016071267,19.79335951418467,0.010467794,5.3729889465843295,0.01923677,279.30826,-34.077721444285956,0.019537156,-12.547486087225588,0.014543513,12.856821,13.437426,12.141679,1.2957468,0.58060455,0.71514225,3648.426,36.219627,1.6606046,1.0394298,0.0795161,6.785787,205.2021955638812,31.204670709660903,1,0.7214433396085617,True
662896041422613504,126.99503533032676,0.16362946,19.1317222484246,0.10508996,7.452169353922188,0.19015174,39.190647,-34.93507546000476,0.1866024,1.2112334527756663,0.12702666,18.375957,20.440378,17.05288,3.3874989,2.0644207,1.3230782,703.7319,,,1.0657699,0.61537975,3.336147,205.2996378557933,29.5549535069487,-1,0.0,False
662930091923625216,127.4944010752022,0.2167024,19.482988959492964,0.13967723,5.461208686442121,0.2413406,22.628635,-33.46007588401363,0.27600926,-13.050197295360492,0.19961898,18.867395,20.714287,17.563992,3.1502953,1.8468914,1.3034039,580.0594,,,1.0142866,0.7400216,3.0513804,205.11466149179248,30.120415344817797,1,0.3335319219491221,True
663140171661012480,127.87430358666997,0.017137537,20.41036400821083,0.011126114,5.434233003065411,0.01941475,279.90228,-34.44830979797944,0.020550614,-13.359666222305432,0.015391094,13.990405,15.010764,12.98056,2.0302038,1.020359,1.0098448,909.1928,55.29411,5.333926,1.0798485,0.0,0.0,204.2513792242947,30.77898279461509,1,0.650554073294098,True
663199407849657344,125.66555796415275,0.046882067,18.730469334872232,0.034620676,7.634533807824842,0.05232794,145.89786,-29.603097726296298,0.058192067,-17.543566387120514,0.04753366,16.411049,17.902884,15.226221,2.6766624,1.4918346,1.1848278,1621.1667,,,1.0206414,0.0,0.0,205.2080359161417,28.237369815104746,-1,0.0,False
663368835719700736,125.58802433836786,0.08521861,19.29145463273165,0.06004495,4.223046670638395,0.09743333,43.342937,-27.93733509975926,0.10148935,-5.245421408937156,0.07340892,17.39865,18.864946,16.220604,2.6443424,1.4662971,1.1780453,954.1466,,,1.046327,0.25514287,1.4609272,204.58398009605773,28.372248421095332,-1,0.0,False
663415668043036544,125.92153639167954,0.01375833,19.76628247978177,0.009185458,3.1841630040186653,0.015573041,204.46635,-30.636735355774995,0.016516207,-5.667365566513788,0.011069443,13.195151,13.586935,12.633828,0.9531069,0.3917837,0.56132317,7406.187,63.191357,2.1449213,0.9942585,0.0,0.0,204.20696380378183,28.835606631533164,-1,0.0,False
663691125769300224,125.14911633349284,0.1804007,20.358597858351736,0.118301794,3.5367860938881,0.22566736,15.6725645,-29.16683863427668,0.20654957,-18.98774208236776,0.14456317,18.523726,20.307207,17.264671,3.0425358,1.7834816,1.2590542,436.56894,,,1.0743365,0.6503077,2.4797564,203.2835805902151,28.366547170997254,-1,0.0,False
663729578613090560,126.8841705733448,0.029899016,19.77390025021632,0.018330498,3.460594527339938,0.03263556,106.037544,-23.92886507445458,0.032973193,-21.930966294619765,0.023371652,15.24708,16.139824,14.313015,1.8268089,0.89274406,0.93406487,2790.722,55.18521,5.4072065,1.032046,0.0,0.0,204.56642645596887,29.685524390287057,-1,0.0,False
663805754152866688,126.35411555105568,0.028846018,20.221548839225395,0.021176403,5.265900709302501,0.036632888,143.7479,-32.72679343041739,0.033360366,-11.974371523100814,0.025179652,15.41893,16.674824,14.300885,2.3739386,1.2558937,1.1180449,2093.5923,41.026455,10.805495,1.0866117,0.061494,0.6744035,203.8835331941604,29.37658672907533,1,0.2761993370054012,True
663634917534280832,125.22909962727476,0.10131557,20.082898502600617,0.0728405,3.5239806404411356,0.13519245,26.0664,-45.32849067466332,0.12698033,-9.893257556753678,0.08621261,17.61494,18.985954,16.451021,2.534933,1.3710136,1.1639194,912.23926,,,1.0037661,0.0,0.0,203.6067857126531,28.339324971964004,-1,0.0,False
663792182056335744,126.26370067205616,0.022861017,19.974565463049508,0.01636146,4.008536068714912,0.026754577,149.82619,-46.3230163056575,0.028451784,-3.0191636621155373,0.0209243,14.759342,15.554509,13.889559,1.6649504,0.79516697,0.8697834,3995.0376,63.512753,5.4144187,1.1056086,0.057894826,1.0055373,204.1144457611293,29.210289979855094,-1,0.0,False
663883132283474560,127.10258232357155,0.16484971,20.46491748922166,0.11124606,5.502054016582347,0.1886236,29.169489,-35.67015826735499,0.20118578,-13.775128413620369,0.14930768,18.603447,20.44767,17.32751,3.1201591,1.844223,1.2759361,543.56744,,,1.0181574,0.0,0.0,203.90224741704623,30.11919105766824,1,0.6656710935121606,True
664002940394103808,125.9416357252355,0.20680556,20.26582397313874,0.13134636,4.598908475572566,0.22041783,20.864504,-26.166320979464626,0.25103432,-26.929399405032974,0.17964034,18.84764,18.887663,18.788748,0.0989151,0.040023804,0.058891296,502.03983,,,1.0173273,0.45976356,0.9037196,203.68057565022053,29.02968034215454,-1,0.0,False
664247753530481920,126.52490949415372,0.10147791,21.499239449814528,0.07425145,4.145133373604027,0.11968374,34.634056,-50.90493919117755,0.119205184,-27.739961843932157,0.09099816,17.791286,19.336683,16.581074,2.7556095,1.5453968,1.2102127,850.24335,,,1.0366687,0.29649463,1.2869494,202.56628217927351,29.966546665359605,-1,0.0,False
664258340626365440,126.76426859030568,0.061509334,21.719923557320623,0.041283023,3.165516999596982,0.07626868,41.50481,-25.14228674778082,0.07121469,-14.868885823954544,0.05228777,17.02099,18.372307,15.874595,2.4977121,1.3513165,1.1463957,1322.0728,,,0.94724923,0.0,4.2135146e-15,202.4128775374808,30.250470067338213,-1,0.0,False
664297064051880832,129.62330333868272,0.015812548,19.862426175316944,0.009934072,5.44645424729031,0.019332929,281.71902,-35.556511260377995,0.019002404,-12.403461294150135,0.014106371,13.512722,14.242854,12.684726,1.5581284,0.7301321,0.82799625,3265.6584,34.991856,2.3156226,1.0304598,0.0,0.0,205.51855484253448,32.13112865397049,1,0.7874323211912252,True
663348735272819840,126.068928062322,0.028076926,19.34861563523321,0.018562108,3.102963437713106,0.031802543,97.569664,-23.08279755728344,0.032806285,-13.705115048769102,0.022316875,15.072767,15.943836,14.169132,1.774704,0.87106895,0.903635,3057.268,20.477516,4.2272205,1.1209483,0.07512454,1.291298,204.70888931157663,28.816312759009374,-1,0.0,False
663614164252411264,125.49200066745186,0.069864064,19.889010821944275,0.047171418,3.2745091685227212,0.08426413,38.86006,-27.707449610058276,0.07705755,-7.91525025248607,0.054759566,16.960098,18.315386,15.806304,2.5090818,1.3552876,1.1537943,1351.6252,,,1.0352877,0.20001867,1.4448854,203.91258927802255,28.50150459527377,3,0.8774139521702768,False
663781564897655296,126.87756714612568,0.021120569,20.21822244571137,0.013226926,5.395011206068317,0.02408307,224.01675,-34.1637652103384,0.026051242,-13.653085005928377,0.016785976,13.531776,14.271741,12.697612,1.5741291,0.7399645,0.8341646,2833.7905,35.77528,1.9120693,1.0341808,0.10784132,8.694825,204.0846318582145,29.83561979136392,1,0.5943319415552228,True
664123100696115456,125.67867733709087,0.028714377,20.963665600285996,0.019819701,5.170226172355473,0.033641946,153.68393,-22.40633822329617,0.034919713,-10.388017746118862,0.026105383,15.286067,16.374033,14.246814,2.1272192,1.087966,1.0392532,1844.3768,43.896717,4.197259,1.0228214,0.03758802,0.2658323,202.834349979196,29.04210137346026,-1,0.0,False
664189410694576512,127.02780823464882,0.13598344,21.367587210339156,0.08873929,3.0741051267066983,0.16395366,18.749842,-21.811048657262937,0.14475659,-22.628271181163537,0.105252534,18.18909,19.791422,16.964558,2.8268642,1.6023312,1.2245331,726.67957,,,0.99738324,0.0,0.0,202.89280965165509,30.362487522273117,-1,0.0,False
664300603104864256,129.1939437828148,0.0248309,19.762162780206957,0.01661777,6.688697187278314,0.029235987,228.78302,-24.307826520996382,0.030069547,-22.100523111105876,0.020726966,11.209188,11.597959,10.6582985,0.9396601,0.3887701,0.55088997,2106.8171,34.76704,0.447378,1.2343295,0.18769683,44.7967,205.46441275773608,31.71747124035074,-1,0.0,False
664323280532234240,129.76477889913798,0.02823119,19.99969080932882,0.018749721,5.238281455512287,0.03412116,153.52003,-34.317264454483876,0.031243846,-13.034532644633057,0.024125325,8.28062,8.375589,8.086355,0.28923416,0.09496975,0.19426441,3312.996,34.458347,0.47621983,1.0099013,0.17926092,20.021048,205.4204653000629,32.30330351091746,1,0.5658127029891844,True
664481743348692352,130.31777967726438,0.20049123,20.815164849721462,0.12331902,5.401847608103495,0.27464807,19.668251,-37.13208669678773,0.28508165,-13.987323832341684,0.23154935,18.715912,20.696598,17.384882,3.311716,1.9806862,1.3310299,510.85117,,,1.0031335,0.73652405,2.5483117,204.71798642093293,33.06754599459586,1,0.6801527152514943,True
664505898245002496,129.86346430460586,0.2360472,20.73299766559595,0.14345856,5.598322893634294,0.2907036,19.25784,-35.19984641563861,0.26784834,-14.37629617754747,0.18226373,18.833044,20.847761,17.492964,3.3547974,2.014717,1.3400803,363.36118,,,0.9584457,0.47868437,0.8808182,204.64044562419664,32.6398251372912,1,0.3767372225034703,True
664678006173827328,128.82082219434787,0.18059903,20.969641569056343,0.11661183,5.217713061830482,0.2178625,23.94957,-35.796500938868675,0.2287256,-14.266479516378611,0.1489144,18.56045,20.507395,17.22949,3.2779045,1.9469452,1.3309593,629.61475,,,1.0256368,0.44799766,1.2047316,203.98924037948336,31.802049900023572,1,0.47185401275269084,True
664711133258737024,129.3134302261886,0.044075534,20.966376329473466,0.02989672,3.5292998611348025,0.054318286,64.974434,-31.955828500266513,0.04949461,-17.554370380891704,0.03818568,15.843326,16.939108,14.800741,2.1383667,1.0957823,1.0425844,1952.3546,,,1.1418422,0.14007348,1.9619812,204.17531435048792,32.234147744216756,-1,0.0,False
664718898558140928,129.51640405007743,0.14777125,21.108664288943302,0.06569844,3.5634731432594617,0.08091639,44.03895,-30.109818459132477,0.18473607,-1.2073845601421074,0.092359625,16.41219,,,,,,677.69714,,,0.9562144,0.1397363,0.89113104,204.09165721284887,32.46028961438274,-1,0.0,False
664764322132132352,129.5698062597801,0.1134504,21.49780114747741,0.07161557,3.623270582240997,0.12880984,28.128834,-45.39606977265389,0.13428451,-12.320958707225364,0.08596207,17.82971,,,,,,526.7165,,,0.966543,0.0,0.0,203.6757337243303,32.63631355556245,-1,0.0,False
664769059480885632,129.80221629642054,0.12956369,21.59911221510882,0.078950115,5.1547457243670864,0.16045962,32.124878,-35.30647886612694,0.17556547,-14.184109851215226,0.105235085,17.999487,19.812405,16.712864,3.0995407,1.8129177,1.286623,684.34424,,,1.0151564,0.0,0.0,203.64650646758088,32.87377427284643,1,0.34481260097673266,True
664915539340377728,130.4121703202637,0.0402168,21.139379489334285,0.020317025,5.2691021174081385,0.045215644,116.53272,-25.334658665053293,0.051845893,-16.372364898419963,0.037248865,15.725424,16.921679,14.605354,2.3163242,1.1962547,1.1200695,1768.0663,,,1.0965518,0.1482133,2.9294348,204.38780869125017,33.25856298135432,-1,0.0,False
664922956749165696,130.4304157543378,0.12727119,21.361645412801433,0.06661132,5.187394521950429,0.14545496,35.663235,-36.07425949280458,0.15392154,-14.57966653501043,0.1119324,18.00533,19.84688,16.719883,3.126997,1.8415508,1.2854462,815.70544,,,1.0706607,0.36467123,1.6132443,204.1434696275653,33.34794131225487,1,0.3276580849724566,True
664937765796420480,130.1278794079106,0.07392231,21.392486083829645,0.053301007,5.0136614943292095,0.09136787,54.873356,-27.872261569356237,0.08781705,-14.182238277916053,0.06714304,16.820124,18.20266,15.635897,2.566763,1.3825359,1.184227,1167.4103,,,1.0444732,0.11026675,0.42363802,203.9978664600256,33.092047651438186,-1,0.0,False
664293387559886464,129.5591074225973,0.025480896,19.789787131806097,0.016759733,5.212063348531818,0.029526532,176.52135,-35.22363271266845,0.027249623,-13.454063001214504,0.021256858,14.026043,14.990613,13.048858,1.9417553,0.96457005,0.97718525,2063.722,34.269604,3.1456394,1.3361266,0.097735986,4.1549926,205.57432941891688,32.04933232320824,1,0.5808649751664664,True
664322421538783104,129.65758187707638,0.0298499,19.989687983753804,0.018046897,5.445897125851683,0.035132036,155.01228,-36.96699139792071,0.03789299,-13.638055874981726,0.026325366,8.114049,8.202514,7.9297013,0.27281237,0.08846474,0.18434763,2913.8064,35.74668,0.6133229,0.98166233,0.18011862,24.626087,205.3905765944492,32.205278896047965,1,0.7069822566795649,True
664325857512593920,129.923772791556,0.027702453,20.02814802933215,0.020116722,5.339347826735232,0.031754248,168.14594,-34.50185511451257,0.031465065,-12.797745500629055,0.025196414,14.953092,16.021042,13.926872,2.0941696,1.0679502,1.0262194,2806.7925,34.961533,11.09966,1.1044132,0.06719671,0.9921217,205.4496136989923,32.4533763283444,1,0.6792830318515914,True
664329946321463168,129.8433513584519,0.047826804,20.081817880286383,0.035285767,5.338421285239193,0.058262542,91.62699,-34.15547206126769,0.05947673,-13.24690185178564,0.045837484,16.07299,17.436157,14.92068,2.5154772,1.3631668,1.1523104,1219.2673,,,1.0671407,0.15479769,1.9145545,205.35917656438147,32.400837138627175,1,0.6601534743157451,True
664407427531262464,129.24938083595504,0.025790075,20.40645391692788,0.014464651,5.4214377953778,0.031496547,172.128,-35.57706747452856,0.030724952,-13.579526778234076,0.018840102,14.238442,15.152647,13.293867,1.8587799,0.9142046,0.9445753,2645.4482,33.20164,3.228097,0.9935462,0.0,0.0,204.77340766098868,31.98825007889427,1,0.9320460473674809,True
664437320503310336,130.27198291857522,0.022371508,20.47341848914591,0.013213917,5.273090040318188,0.025245579,208.87181,-35.99724601651121,0.028494496,-13.41958974208729,0.019237977,14.401893,15.333899,13.445855,1.8880434,0.9320059,0.9560375,2695.2102,38.434395,4.3883805,1.1424754,0.06133645,1.4242282,205.0844993834241,32.91223635521954,1,0.5969020691261923,True
664451609857973376,130.14545196580983,0.14587605,20.60100462214941,0.08961724,5.751927959920193,0.16318819,35.247208,-37.35167502434722,0.16374893,-14.033887159084342,0.11342268,18.034233,20.049593,16.732939,3.3166542,2.0153599,1.3012943,602.6875,,,1.036021,0.2866231,0.7426777,204.89386411576413,32.84378470989542,1,0.3497785650793162,True
664453778817920256,129.96351510233762,0.028454369,20.58047825372572,0.018444372,5.4924030592027755,0.033635005,163.29425,-35.77065017088425,0.034791775,-13.600629124213237,0.022356099,15.087264,16.269127,13.999619,2.2695084,1.1818628,1.0876455,1253.5605,-27.708294,8.658193,1.019977,0.0,0.0,204.8484906507842,32.676535503030934,1,0.7280964246014318,True
664539094048241536,130.36534789479552,0.06293021,21.061299038824753,0.032822866,5.439807111663735,0.08796559,61.840168,-37.2674532394374,0.09097643,-14.092281593287112,0.06804832,16.648813,18.281984,15.414792,2.8671923,1.6331711,1.2340212,851.65,,,1.0754277,0.11118176,0.636629,204.4585576602738,33.19146526369944,1,0.5736395040308465,True
664548744838658176,129.9711176075421,0.17849179,21.08163061257775,0.11433596,3.4506645014333857,0.21438232,16.095844,-24.594436646451896,0.20909932,-13.255117757388469,0.14639443,18.613066,20.187569,17.42769,2.7598782,1.574503,1.1853752,452.20782,,,0.9683852,0.0,0.0,204.28985787147272,32.85126933005681,3,0.9978505621286092,False
664593309419200000,128.58700865305295,0.14507003,20.528961395763275,0.09124336,5.235235600163444,0.16363421,31.993528,-34.49593117099764,0.15980753,-13.37542719313032,0.11865433,18.19407,19.973291,16.906496,3.0667953,1.7792206,1.2875748,764.36176,,,1.0201652,0.31354827,0.98308563,204.3889274234388,31.446833269590872,1,0.6136268971861568,True
664615303948458624,128.85559545273827,0.020114953,20.61522114831096,0.013827035,3.700111377422596,0.022301057,165.91641,-32.4260519574547,0.020712249,-24.01706721197867,0.015964758,13.977752,14.613139,13.214797,1.3983421,0.6353874,0.7629547,5411.1943,56.345,1.8605783,1.1090726,0.05384881,1.4729173,204.39439129458324,31.71263544136844,0,0.9259757602848059,False
664639454547865472,128.30920986660396,0.10028566,20.60584923004838,0.062418483,5.408379446956782,0.13061853,41.405914,-34.519514779417925,0.12524636,-14.041223365614332,0.086115636,17.746546,19.525105,16.46607,3.0590343,1.7785587,1.2804756,992.821,,,1.0140016,0.120137766,0.2952084,204.20026344243416,31.228674864019137,1,0.674047745090084,True
664642516861165312,128.5202151996,0.04480438,20.67977787582772,0.029322833,5.463899057975227,0.05269811,103.683014,-34.604346915215004,0.053037502,-13.787105232449012,0.036109958,16.10665,17.627129,14.906089,2.7210398,1.5204792,1.2005606,1917.5338,,,1.065655,0.10863452,1.2300959,204.1977582069793,31.439507792310607,1,0.6619516937536699,True
664683130072400384,128.74827111177757,0.018879885,21.096928368834647,0.012401261,5.490877896890874,0.022186676,247.48538,-36.07137497095299,0.02145778,-14.936495206708615,0.016955817,11.012841,11.339876,10.512713,0.82716274,0.32703495,0.5001278,2548.6992,35.474873,0.2942256,0.99633765,0.12297853,24.469517,203.821412089102,31.781102442418497,1,0.37662306720603717,True
664310601788795392,129.50458816759976,0.080175176,19.97855766325493,0.051522408,5.426715001940491,0.094075225,57.68485,-35.12982204946128,0.0973601,-12.740325688248705,0.064111866,16.869097,18.670206,15.600125,3.0700808,1.8011093,1.2689714,1050.627,,,1.049926,0.1773862,1.0533749,205.34441294416055,32.0664663490498,1,0.9887895551107911,True
664316614743007360,129.71245961992716,0.047343057,19.850487844163876,0.028299602,5.620268343958038,0.060415402,93.02708,-36.79031135531623,0.055180945,-13.974898742168364,0.04152981,16.130512,17.689651,14.919412,2.7702398,1.5591393,1.2111006,1776.8015,,,0.97971994,0.0,0.0,205.56602424656032,32.205691913762706,1,0.5181716011825731,True
664322593337475328,129.63365969307367,0.03664713,19.998824759802172,0.021681497,3.2875233335684735,0.04380926,75.04175,-32.8951500934008,0.04680693,-21.523640420879133,0.03142135,15.543842,16.45707,14.478571,1.9784985,0.9132271,1.0652714,2413.491,,,1.0303386,0.0,0.0,205.37129313204272,32.187318888260485,0,0.9993733696241046,False
664363584505245824,129.26825422890744,0.044639427,20.10356192035575,0.028993662,5.402091868986207,0.051053237,105.81291,-34.833933990172625,0.054086454,-13.504960169597537,0.035863735,15.602681,16.69399,14.443296,2.2506943,1.0913095,1.1593847,1137.6738,,,1.3480207,0.19996378,4.8321295,205.11589343787875,31.90108667209469,1,0.689233890945989,True
664367020479085568,129.18740692437433,0.112240806,20.145999511295926,0.073402464,5.293853643135855,0.1281053,41.324238,-34.831979145149575,0.12739034,-13.243139509569897,0.09581649,17.72848,19.533287,16.450668,3.0826187,1.8048077,1.277811,861.153,,,1.029736,0.035228208,0.016987594,205.0382204052312,31.844407632899735,1,0.6310514462620189,True
664385059341602560,129.07251472849214,0.042838994,20.34144598200539,0.021794243,5.48823891007088,0.051797736,105.95519,-34.50627594344463,0.04520058,-13.270706484068157,0.029936558,7.4582815,7.505546,7.3411694,0.16437674,0.047264576,0.11711216,2578.4238,32.376423,1.0927359,1.1467216,0.23958173,38.55937,204.77861979004535,31.810214805749315,1,0.5492256555083347,True
664406087499336448,129.16432486690644,0.29031152,20.37619274550941,0.11394451,4.72709549929718,0.29629534,15.953999,-36.26105149893623,0.2178414,-13.937385491407053,0.16436677,18.360132,,,,,,395.30508,,,0.94402486,0.47553527,1.5213716,204.7748396606805,31.90298294909036,1,0.15396047935688845,True
664441615470632064,130.0054268882674,0.15164928,20.372870543639436,0.105343424,5.3229542906691725,0.17486306,30.440702,-34.992569058784774,0.18702197,-12.853656225114364,0.13257553,18.312014,20.120934,17.006851,3.1140823,1.8089199,1.3051624,465.34766,,,0.9180007,0.0,0.0,205.0963052437503,32.64314218502063,1,0.9887895551107911,True
664455118847781760,130.0932196802115,0.018217899,20.640804527499636,0.012131671,5.523035536895915,0.02209326,249.98734,-36.71100400061045,0.021281354,-13.439813170875162,0.0154174315,14.190178,15.099974,13.250424,1.8495493,0.90979576,0.93975353,2487.1125,26.978859,4.33232,1.0115954,0.0,0.0,204.82966463415315,32.81117259997932,1,0.7833317258901951,True
664505799461806848,129.85051656006362,0.05575211,20.71496482439572,0.03709146,3.654526286835414,0.0645254,56.637016,-22.93584229225138,0.06532416,-15.341188007255417,0.04458765,16.619528,17.88604,15.505456,2.3805838,1.2665119,1.1140718,1326.5266,,,1.0386722,0.06906057,0.24086031,204.65576744978569,32.62235126024759,-1,0.0,False
664518856162322304,129.72801220890256,0.1676376,20.787970209722253,0.10847195,5.360473429391708,0.19783649,27.095474,-35.873060747219746,0.18462642,-13.92448591388963,0.13281107,18.27377,20.131268,16.955965,3.1753025,1.8574982,1.3178043,493.9142,,,1.0107797,0.3461607,0.78240216,204.52842775349285,32.539046688759214,1,0.6496619970413425,True
664715836246507520,129.6492977666936,0.46175516,21.072288607345097,0.3154201,5.56482051972481,0.53630996,10.376127,-34.38821005396423,0.53616315,-13.743962125069608,0.3826607,19.904793,21.367529,18.502098,2.8654308,1.4627361,1.4026947,216.71634,,,1.0404816,1.4386182,1.7000012,204.1813909520016,32.56503292854021,1,0.3844525933970438,True
664733501448384896,129.45465221235375,0.15347563,21.24978040223632,0.108894385,4.64462324023457,0.17887554,25.965672,-39.53564451967141,0.19109212,-24.110818675968066,0.13151368,18.27003,20.090631,16.98929,3.1013412,1.8206024,1.2807388,573.3872,,,1.0197682,0.33359337,0.70542306,203.91123782840648,32.45300525399024,-1,0.0,False
664759580489791872,129.5655905829993,0.022993274,21.385604835116112,0.016120981,5.379694910954799,0.027335461,196.80278,-35.52438435495718,0.027390776,-14.407353801697102,0.019492107,14.78216,15.824203,13.7686615,2.055541,1.0420427,1.0134983,2498.1316,38.255444,3.0825944,0.9723737,0.0,0.0,203.79992172753433,32.59555276415865,1,0.6145761501350869,True
662003860752394880,132.318666423843,0.033827048,21.58671130134203,0.016226435,7.49525148519289,0.037471984,200.02281,-31.800886803374496,0.041755147,-6.631667227783217,0.025952213,15.2418585,16.74553,14.03461,2.7109194,1.5036707,1.2072487,762.4197,2.4813116,3.8114567,1.0798633,0.09093776,1.74344,204.57678900717085,35.08284664268836,-1,0.0,False
662052376704495872,126.27758352852244,0.071880974,17.267759520371687,0.047422197,5.989681896067216,0.08006106,74.81392,-41.75901319939827,0.08441493,-20.3697800154616,0.06238817,16.989565,18.48985,15.794663,2.6951857,1.5002842,1.1949015,1376.8617,,,1.0304985,0.10412388,0.439619,206.99496729521596,28.2373667484987,-1,0.0,False
662152977721471488,126.44789565855064,0.21513544,17.80507156233356,0.14108811,4.956266064336839,0.2467526,20.085972,-29.240769274706615,0.2516842,-10.428352261805909,0.1676479,19.117405,19.019423,19.350452,-0.3310299,-0.09798241,-0.23304749,439.34995,,,1.0376824,0.49460766,0.87210387,206.49691349827407,28.588340153960058,1,0.1598375949012682,True
662172635788515840,127.40059978658836,0.31189093,17.706085342917355,0.18345197,4.350515020246782,0.3292429,13.213696,-31.096355674556747,0.39638183,-6.43783134691282,0.23420797,19.200434,20.87765,17.867796,3.0098534,1.6772156,1.3326378,350.62885,,,1.0538026,0.79866546,1.380838,206.98581377734695,29.39466774586376,-1,0.0,False
662376148518972672,126.29234648704788,0.20119679,18.393088150208463,0.13076648,3.9797116432742,0.26181737,15.2003355,-49.78681014484462,0.22416447,-24.788890854942423,0.16333792,18.801798,20.53856,17.550152,2.988409,1.736763,1.251646,532.4949,,,0.99998695,0.0,0.0,205.81203511809133,28.667339004827085,-1,0.0,False
662431566479341952,126.0267855146179,0.31769556,18.531743751227083,0.1983747,5.381291829687007,0.36015356,14.941659,-30.8154274589306,0.37797529,-12.133103903651753,0.24733995,19.483793,21.264103,18.167742,3.0963612,1.7803097,1.3160515,354.42953,,,1.0425617,0.91855675,1.6773323,205.56021909382275,28.48356797361714,1,0.14573177419599703,True
662701741399303040,128.07856037253478,0.05897191,19.052359023909336,0.045098532,5.255110695596715,0.07565867,69.45814,-37.135733331159194,0.07200072,-10.710423970218375,0.05403643,16.56739,18.054043,15.363574,2.6904688,1.4866524,1.2038164,1468.4337,,,1.1503222,0.2760471,3.9596565,205.8077764060283,30.48293336033582,1,0.27277687568491366,True
662811653905586176,128.32325281529782,0.014122547,19.430633792831543,0.009430322,5.377738635196953,0.015841655,339.46823,-34.23860922968453,0.016334595,-12.899675064069108,0.011601205,13.348411,14.041425,12.545275,1.49615,0.69301414,0.8031359,3104.5198,35.081387,1.5315386,0.9333692,0.0,0.0,205.49181220266303,30.833059387351316,1,0.7214433396085617,True
662985724636932480,127.2606614265758,0.071444236,19.636742217374916,0.047776874,3.610969966670833,0.08363785,43.173878,-32.08390186801904,0.08094207,-1.7058177694024717,0.062428024,17.099731,18.296059,16.020863,2.275196,1.1963272,1.0788689,1321.4833,,,0.97353595,0.0,0.0,204.8585621146814,29.968742462677763,-1,0.0,False
663017640536967424,128.03035442608257,0.16033901,19.606676061838893,0.10740429,5.042850692221473,0.19688791,25.6128,-40.68603916631713,0.17925428,-10.59676244142471,0.13282853,18.573065,20.633497,17.24713,3.3863678,2.0604324,1.3259354,587.2368,,,1.0244138,0.19664963,0.2372941,205.18703745635105,30.636648845633744,-1,0.0,False
664922102051593472,130.39922524054538,0.08029453,21.293561170721027,0.04269524,5.7201768975955,0.104290895,54.848286,-37.51074103993928,0.104167365,-14.725059772859058,0.0742316,17.31911,18.987011,16.056095,2.9309158,1.6679001,1.2630157,1086.7231,,,0.99324685,0.0,0.0,204.20896641593137,33.29809710037458,1,0.3249001137661742,True
664922411288014080,130.38857411840158,0.29928723,21.321907605051475,0.16536485,5.197802812089844,0.35302308,14.723691,-34.49475102509108,0.36215627,-13.80425468922732,0.25788158,19.365585,21.035765,18.015951,3.0198135,1.6701794,1.3496342,385.88684,,,1.0773673,1.0841222,2.5290883,204.1730341890934,33.29806481467247,1,0.4155430441761131,True
664991817960938112,131.5380950496187,0.072168484,21.607965763824847,0.03811128,5.835613090996827,0.080279745,72.69097,-40.69951818936046,0.08271144,-15.276007844307152,0.058888193,17.22616,18.98957,15.960722,3.0288486,1.7634106,1.2654381,1005.21704,,,1.0254908,0.0,0.0,204.26766635995168,34.40264599600436,1,0.16907639111981018,True
665133513225342592,130.04616065013695,0.27133107,21.643205218554137,0.20703167,4.919564555307342,0.3473257,14.1641245,-33.020184376866595,0.36959642,-12.539433028147128,0.2614299,19.134327,21.193392,17.78977,3.4036217,2.0590649,1.3445568,366.76562,,,0.9934093,0.0,0.0,203.68538039239536,33.10248892964524,1,0.2542240963636067,True
665293771341862912,130.77049826512052,0.12809546,22.423246513941297,0.049561255,4.341870968965598,0.16212304,26.781332,-50.1978839906678,0.14362064,1.2630871906698686,0.10098273,17.577612,19.053417,16.37042,2.6829967,1.4758053,1.2071915,906.60864,,,1.1173043,0.40854082,3.6793892,203.05852877267284,33.98924963086928,-1,0.0,False
665309233224172800,131.106324929593,0.07036128,22.599692408193732,0.029523527,5.482008419713215,0.07543818,72.668884,-36.92988280761584,0.07515046,-15.258111866122396,0.05360905,16.744991,18.338436,15.526756,2.8116798,1.5934448,1.218235,1085.3641,,,1.0634578,0.15954936,1.3770347,202.97435877757317,34.33929252423985,1,0.28052635523308217,True
665527756864222208,128.064301367747,0.13806087,21.774468417674456,0.08914815,3.9301064944061608,0.1684854,23.326094,-23.767234274011106,0.16266908,-12.302512975281102,0.11188056,18.202637,19.67705,17.012955,2.664095,1.4744129,1.189682,767.9317,,,0.8996637,0.0,0.0,202.82217006937825,31.40698307663844,3,0.8731427973884681,False
665546452857933184,128.01678900590525,0.0146664465,21.970885985239587,0.009850606,4.5031977976547735,0.01560373,288.5975,-39.72420117550931,0.01579235,-20.49848923319489,0.012069478,11.9691105,12.360072,11.415146,0.94492626,0.39096165,0.5539646,5030.233,28.750534,0.54809976,0.9456015,0.07086941,6.989897,202.5878653265164,31.43029569271673,-1,0.0,False
665578476134615936,128.58982337423592,0.31323567,21.816220086727625,0.19609796,6.290367935382465,0.38328955,16.411531,-29.915477063199276,0.3987415,-6.064800246002234,0.27380723,19.441841,21.332542,18.07962,3.252922,1.8907013,1.3622208,345.36438,,,1.0377297,1.1136762,3.4072967,202.96527121008424,31.88132725726765,-1,0.0,False
665736049894216064,127.84036054688356,0.015939943,22.047560471206683,0.010367147,6.336175134807667,0.018089008,350.27765,-30.557935566255455,0.018191062,-5.718712524435968,0.013251164,10.469379,10.753774,10.019723,0.73405075,0.28439426,0.4496565,5764.327,33.645615,0.278016,0.94029,0.08703454,9.900172,202.4399455053618,31.30113703943294,-1,0.0,False
665034458396215936,131.84991856227802,0.04459586,22.030638856965663,0.023996213,3.180838936524117,0.054020178,58.882423,-23.778680530333784,0.056830306,-19.016508224800063,0.042525463,16.165928,17.242592,15.138197,2.104395,1.076664,1.027731,2254.0613,,,0.96019125,0.0,0.0,203.89393360026867,34.812320741712725,2,0.9807001113525446,False
665045724094267136,131.6579483249725,0.13849667,22.12498762591586,0.071587265,3.4036486269696216,0.16300784,20.880276,-22.20840114873291,0.16807738,-11.694158026085695,0.14425692,18.200977,19.595701,17.033525,2.5621758,1.3947239,1.1674519,862.50745,,,0.98184854,0.0,0.0,203.71631609561717,34.67359025561762,3,0.9720943352619561,False
665174366954856192,130.5526207591655,0.022493204,21.996853387942046,0.011142738,6.982040753639293,0.02636283,264.84412,-29.03901940476615,0.026629256,-10.238700617463312,0.019001039,11.544661,11.994461,10.929347,1.065114,0.4498005,0.61531353,2249.257,36.766937,0.2698515,1.3977437,0.17545159,53.3813,203.4674132265508,33.66195721318503,-1,0.0,False
665187359232101248,130.43373807600207,0.14334084,22.071335259655513,0.07604613,4.68325992302559,0.1763306,26.559542,-32.73607770778993,0.16921826,-9.42639020447546,0.11720455,18.24435,19.931858,16.951565,2.9802933,1.6875076,1.2927856,705.86615,,,0.99281055,0.43122464,1.7619528,203.3401577574265,33.58156760407678,1,0.15595728286308136,True
665490339108666368,127.87428968922882,0.345399,21.444048441242032,0.23062426,5.2097114659237125,0.46090835,11.30314,-35.97180720081425,0.42464244,-13.880768389064222,0.29659054,19.373817,20.99392,18.033955,2.9599648,1.6201019,1.3398628,327.3068,,,1.1233231,1.5255775,4.865265,203.11776874638696,31.130310479743205,1,0.41616762264609075,True
665539821428441216,127.9948759327077,0.12742749,21.80123822284646,0.08409059,3.3299041521802693,0.1608305,20.704432,-38.682576336810186,0.15042174,-13.285336615294618,0.104211316,18.068428,19.896626,16.811209,3.0854168,1.8281975,1.2572193,740.53076,,,1.0071846,0.0,0.0,202.7675615963414,31.355031049156935,-1,0.0,False
665645164090103552,128.34128572876543,0.17951603,22.092842675636543,0.118612275,3.226575944757285,0.20464253,15.766888,-25.982994443599516,0.2057972,-13.124586980777586,0.15624551,18.536598,20.481237,17.254189,3.2270489,1.9446392,1.2824097,583.4411,,,1.0839549,0.689814,3.1083283,202.5686835782725,31.754467427905897,3,0.8457013137682525,False
666136375206486656,129.9014340939689,0.11479371,23.075936009394432,0.063563086,6.506187072001601,0.12350305,52.680374,-22.645621759345445,0.12642355,-24.8620220784988,0.09161407,17.516676,19.2862,16.248043,3.0381565,1.7695236,1.2686329,1071.5497,,,1.0071878,0.16584215,0.63097507,202.0105913511015,33.43386938831039,-1,0.0,False
666268243585175296,128.79260209919954,0.24515894,23.094958724381588,0.16455844,7.532047754102002,0.27152267,27.740034,-34.350753409229895,0.29735097,-12.64203869494958,0.22376227,18.822973,21.065296,17.379736,3.6855602,2.242323,1.4432373,410.36002,,,1.1353396,1.0664359,4.9558177,201.6068632770087,32.471543449322354,-1,0.0,False
665009822463773824,131.36660808357604,0.06666661,21.800739068930397,0.03056402,3.2824709330657784,0.07802564,42.069134,-36.11334081200634,0.08563227,-17.965781823209518,0.055165134,16.86102,18.284193,15.681513,2.6026802,1.4231739,1.1795063,1593.422,,,1.020057,0.0,0.0,203.98439584342896,34.31397180177931,-1,0.0,False
665127745086124800,130.20205180280715,0.025749577,21.497011212882192,0.015218919,3.0797693585735115,0.029357957,104.904076,-31.745697053094993,0.03192548,-17.602743483863375,0.025051853,15.010846,15.815242,14.132477,1.682765,0.8043957,0.87836933,3671.0444,-2.39627,6.894036,0.9288673,0.0,0.0,203.90706002033585,33.19159916337264,-1,0.0,False
665356129970723072,130.25414816746235,0.19747297,22.641797179921426,0.11446387,5.839171742431699,0.21729341,26.872292,-36.72400969946499,0.22934565,-15.23398282645653,0.16491678,18.641651,20.506943,17.320183,3.18676,1.8652916,1.3214684,521.6494,,,0.9900606,0.15048465,0.106606446,202.62747767218255,33.60595069818459,1,0.19465256213712284,True
665384652848647680,131.02121225095263,0.29514787,23.034081492036588,0.10798709,4.161982944703604,0.30739242,13.539641,-21.374833358904965,0.33577907,-25.070991739776662,0.22023329,19.147446,20.94548,17.520254,3.4252262,1.7980347,1.6271915,488.13446,,,0.95487046,0.0,0.0,202.44467290356903,34.40009740031342,-1,0.0,False
665492679867436416,127.77712063627465,0.015464135,21.39800496604328,0.0096008275,3.516896333774511,0.018058755,194.74744,-28.613174667731464,0.017983256,-1.8600372059426529,0.01319174,10.380819,10.627517,9.972632,0.65488434,0.24669743,0.4081869,6136.5977,70.39091,0.27514502,0.8052096,0.06141573,4.5867825,203.13298560698215,31.02964972326271,-1,0.0,False
666066212620818688,128.8607580010408,0.09662517,22.7880121811844,0.06354304,3.451869140021029,0.11205818,30.804258,-41.031242108179846,0.11325623,-6.703312723393682,0.08619006,17.590635,19.191217,16.382174,2.809044,1.6005821,1.2084618,873.63806,,,1.0303496,0.21637742,0.9192957,201.97540373969815,32.433565296538966,-1,0.0,False
661246022364851072,130.23439312909014,0.025488634,19.580279849536424,0.013585109,5.452030494514453,0.029891325,182.39508,-35.63581811263532,0.028575793,-13.807738346533355,0.01918202,6.743771,6.817877,6.5779777,0.23989916,0.07410574,0.16579342,3605.8083,35.970585,0.39100298,0.93672234,0.17220433,31.236208,206.06771195306104,32.57305578696034,1,0.8777959494177224,True
661265229458645120,129.88213490680172,0.065812185,19.404825686006387,0.039649196,5.370187065512385,0.08203536,65.46185,-34.95135390037345,0.076963186,-12.372133495785508,0.056520626,16.5115,18.045,15.3061695,2.7388306,1.5335007,1.2053299,858.3596,,,1.018451,0.12107418,0.7409445,206.12551998314723,32.20067089714769,1,0.8283133831131687,True
661270486498500352,129.9017236590819,0.023090567,19.485460838988978,0.013728971,5.409887366076698,0.029826581,181.37805,-35.53518832869521,0.029358894,-13.661964496525794,0.019744981,14.428582,15.373278,13.465227,1.9080505,0.9446955,0.96335506,3236.7266,21.016804,5.527921,1.0438462,0.0,0.0,206.0438220630115,32.24612875427314,1,0.9133728940059623,True
661288628440350080,129.77528360460042,0.02403231,19.676756881213873,0.013598871,5.300880621877432,0.031057296,170.68068,-35.37339778864664,0.029851902,-13.035400985478631,0.019847374,7.3830824,7.5041075,7.1392407,0.36486673,0.121025085,0.24384165,3530.817,,,0.8289123,0.103439525,7.0023394,205.7828331907392,32.20099030856648,1,0.7601417684219125,True
661295672186702336,130.04811888256984,0.04065612,19.653216153876183,0.03029407,5.245999499926786,0.05094173,102.98039,-35.27730808405259,0.05218573,-13.218000843694009,0.0385707,15.909716,17.541637,14.67869,2.8629475,1.6319218,1.2310257,1250.8907,,,1.0235559,0.0,0.0,205.91442582834463,32.43379056912253,1,0.6351858560512641,True
661300993647979776,130.23604719215413,0.0139814755,19.73472008766892,0.0079183355,5.304798177155926,0.015666086,338.61667,-35.39150794865745,0.016242044,-11.996459120684708,0.01091528,11.970447,12.402983,11.376409,1.0265741,0.43253613,0.594038,2670.9524,34.290012,0.6531869,0.9183293,0.070706554,6.731542,205.89637254209097,32.6280003248732,1,0.625366339483479,True
661303471847393664,130.163973790632,0.16078347,19.715030714394658,0.10082392,5.524581416016811,0.17731434,31.156992,-36.282341416704725,0.18753637,-12.128088900663538,0.12897532,18.271326,,,,,,468.35092,,,1.0965933,0.6007507,2.7233803,205.89046215751543,32.55753230818282,1,0.7431112978376164,True
661311752544249088,130.00243373349105,0.02019518,19.806498992839305,0.013201014,5.427925886976582,0.024722448,219.55457,-35.841103186399394,0.023688076,-12.208603860379291,0.016580718,10.165247,10.423574,9.754804,0.6687708,0.25832748,0.4104433,1835.1636,34.52244,0.64652425,1.0943191,0.10054307,10.547672,205.7263893426949,32.446486064102025,1,0.9727069148195103,True
661319620924311296,130.21594129335583,0.041955635,19.941671240573648,0.025099602,5.412026565536228,0.047637526,113.608475,-36.492009815479776,0.049761094,-13.617270826879436,0.032921128,15.951167,17.28395,14.808514,2.4754372,1.3327837,1.1426535,1382.867,,,1.0703454,0.10693042,1.1559974,205.6578798532072,32.68154971859839,1,0.8334707762142739,True
661401122222444288,130.35751078400327,0.01698938,19.943513385163197,0.008299366,5.36952400178561,0.01907521,281.49225,-35.54739665380464,0.021835022,-12.495077171731136,0.013808184,10.579792,10.874394,10.12277,0.7516241,0.2946024,0.4570217,2837.4717,34.579754,0.23572972,0.99535125,0.091329,10.46971,205.71015389155585,32.80717067816975,1,0.9764653719184401,True
661422837576998784,130.46644679390428,0.025370196,20.16693162419858,0.010706619,5.391887906804149,0.026675472,202.12904,-36.30997474807312,0.031441264,-12.315671887280132,0.018982071,11.817413,12.239061,11.23056,1.008501,0.42164803,0.586853,1565.0455,35.130787,0.4726668,1.2655534,0.15438391,34.831,205.5017990133412,32.979736967663605,1,0.7912015411443123,True
661459774295767936,130.90334359982657,0.043987393,20.540055607584804,0.019849768,5.221473604915508,0.04923307,106.05622,-36.062505120116946,0.051538114,-13.735022858210652,0.03851248,16.327873,17.85561,15.125347,2.7302628,1.5277367,1.2025261,1753.3557,,,1.0201722,0.0,0.0,205.24772360914335,33.491446324392605,1,0.4554308843919125,True
661467054263768064,132.2240967311762,0.18568918,19.547262237455165,0.097384185,3.1393131036665114,0.21765925,14.423063,-21.55049301106822,0.22098541,-26.1951609720917,0.16856998,18.665773,20.24923,17.426441,2.8227882,1.583456,1.2393322,582.0687,,,1.021646,0.0,0.0,206.88062943234084,34.321216329098775,-1,0.0,False
661472002065839488,132.04453049543952,0.18919592,19.625836358915475,0.11147842,4.214780552254525,0.23033373,18.298582,-28.784657908688008,0.23936084,-7.086404359685955,0.17726094,18.817108,20.61661,17.506062,3.110548,1.7995014,1.3110466,460.55444,,,0.9469924,0.0,0.0,206.72108523927088,34.18928890909903,-1,0.0,False
661572538661017472,132.2495264727294,0.24208061,20.190491181547777,0.13431872,5.5392659056385956,0.29120907,19.021612,-23.68614578856601,0.29126984,-27.294870943829174,0.2084672,19.170815,21.079689,17.859869,3.21982,1.9088745,1.3109455,437.34622,,,1.0028634,0.6720134,1.473104,206.15701882443892,34.56244869409253,-1,0.0,False
661633703290819328,132.8630604383283,0.020751735,20.471204579316073,0.011876564,3.852429439418219,0.024810798,155.2723,-45.4235524993652,0.024616634,1.2934838404285134,0.019114124,12.9679575,13.435302,12.342149,1.093153,0.46734428,0.6258087,5719.661,14.178865,1.0828665,1.3324205,0.15657835,27.160044,206.06910246153544,35.19851566611451,-1,0.0,False
662043580611443328,126.63855451332202,0.036703847,17.26080076483811,0.023009656,6.445990090607184,0.039821528,161.872,-36.85685209127412,0.04542747,-7.640372918222252,0.029070796,15.865914,17.378143,14.722091,2.6560526,1.512229,1.1438236,1917.7471,,,1.0496185,0.08013082,0.87133795,207.14916713836655,28.554339688227117,-1,0.0,False
662227022957355520,127.52483649778544,0.18041116,18.27946977244749,0.116367176,5.24487306269498,0.22009535,23.830004,-33.8977232189749,0.20664078,-11.25247945929372,0.15050772,18.394169,20.2935,17.077911,3.2155895,1.899332,1.3162575,547.1005,,,1.016238,0.5202641,1.8771641,206.42249753308704,29.71500172558459,1,0.37494666684484396,True
662230703746218496,127.36047349268748,0.053294186,18.29204895847347,0.03376131,4.363919595599407,0.062527224,69.79231,-23.894843077583328,0.064558946,0.585052659895026,0.043892507,16.651058,17.987371,15.49796,2.4894114,1.3363132,1.1530981,1651.7946,,,1.0149087,0.0,0.0,206.3435674642246,29.57426023805578,-1,0.0,False
662390781470004480,125.72790908668752,0.18690525,18.15092241037438,0.12294489,4.53810051453093,0.2315088,19.60228,-32.14732422211776,0.21966147,-11.08348881086511,0.15219802,18.72758,20.362112,17.445219,2.916893,1.6345329,1.2823601,525.5645,,,0.9933719,0.0,0.0,205.8441935900983,28.079874092003188,-1,0.0,False
662550146233484032,126.1831871436396,0.016209638,18.964925168453977,0.011648296,3.4562570104634265,0.019350015,178.61778,-21.97454890679416,0.018564865,-1.6475932861220048,0.013752992,14.051905,14.639361,13.3176155,1.3217459,0.5874567,0.73428917,4511.118,64.238434,2.6612172,1.0710865,0.020980058,0.23198946,205.16171755207807,28.7789314830645,-1,0.0,False
662625668938685184,128.03298951112086,0.05017998,18.740719156381488,0.033755515,5.0378196648789695,0.056027275,89.917274,-31.639467804075196,0.059445396,-11.548489477159432,0.042128544,16.255978,17.686165,15.086585,2.5995798,1.4301872,1.1693926,1118.7272,,,1.0804209,0.15969126,1.7626419,206.12728492390872,30.33112831217438,1,0.20244680991012426,True
662661364410221696,128.27379971471188,0.21810922,19.041083403708495,0.16811939,4.94878331554484,0.26852414,18.429565,-34.165608839133164,0.26960436,-12.731342891246245,0.20649295,18.801249,20.668793,17.495703,3.17309,1.8675442,1.3055458,441.89938,,,1.0750546,0.88939,3.0001051,205.8963892004828,30.6513511894274,1,0.27955323371967505,True
662750940247738624,128.4941832311198,0.10901667,19.073967243256604,0.076862276,3.2602840330666347,0.12649132,25.774763,-26.26290984835234,0.12370252,-19.54704371133436,0.09021538,17.692915,19.026628,16.550762,2.4758663,1.3337135,1.1421528,904.0935,,,1.0602295,0.26887417,1.0064254,205.94687517902136,30.85772414613487,-1,0.0,False
662784307850315648,129.2064407427044,0.05252542,19.556508957416447,0.032794427,5.439785744080683,0.058572568,92.87259,-32.909988271227576,0.062421843,-13.29194233003168,0.047438025,14.3624525,,,,,,912.58575,55.795433,7.419626,1.0948474,0.22722948,15.589673,205.69576268749665,31.65683106601894,1,0.2450062612009042,True
662796814795084160,129.12992667096032,0.0597695,19.59254871780587,0.04404041,5.358554842555556,0.07287744,73.52831,-35.43459206587183,0.07021693,-12.4475785044,0.053059753,16.807508,18.37097,15.587606,2.7833633,1.5634613,1.219902,1379.4966,,,0.9512658,0.0,0.0,205.62652177421188,31.60187337474912,1,1.0,True
662986858508296064,127.22982855648117,0.09400747,19.69329930593937,0.05558883,6.669453354265625,0.103058696,64.715096,-28.796719515389853,0.10475669,-19.878454584975316,0.079341166,17.235476,18.970858,15.978353,2.992505,1.7353821,1.257123,1160.9664,,,0.95720136,0.0,0.0,204.78565150403116,29.961535306505343,-1,0.0,False
663012864533820928,127.32943788368163,0.113971196,20.025994497711977,0.06885278,3.584992561084393,0.12754577,28.107498,-34.22402237984808,0.13655727,-8.173341868584325,0.09286094,17.77258,19.173267,16.608093,2.565174,1.4006882,1.1644859,917.8258,,,1.053532,0.24069014,0.93835646,204.4637190913792,30.166066143668857,-1,0.0,False
663063068408290944,128.39126864527657,0.046614848,20.07371387173827,0.028802054,5.27812881167754,0.053623,98.43032,-34.34576323842584,0.056899555,-13.6597419284371,0.038154602,16.155617,17.57202,14.987048,2.5849714,1.4164028,1.1685686,1416.4592,,,1.0225506,0.0,0.0,204.8151669946624,31.117806736048863,1,0.5366583051142098,True
663218168266716928,125.4789503136044,0.03232208,18.934509516209506,0.02295373,3.139096449209751,0.036942717,84.97199,-28.93352128219,0.041653253,-23.359817890689264,0.029123865,15.578337,16.469118,14.642363,1.8267555,0.8907814,0.9359741,2754.0642,,,1.0039985,0.0,0.0,204.9194921702833,28.1470862343647,0,1.0,False
663616741232771072,125.608274498521,0.0151592735,20.002966192746246,0.010113683,6.212773811379932,0.018477516,336.23425,-31.829623024470195,0.016830046,-17.568135142391256,0.012485443,13.073384,13.806786,12.243643,1.5631428,0.7334013,0.8297415,4784.874,-5.599869,0.94099605,0.9655813,0.0,0.0,203.8354146988628,28.644118064766374,-1,0.0,False
663668177760959488,124.76757235248184,0.032237284,20.099459374668516,0.022585241,4.442045678718446,0.039563295,112.27694,-43.49940820226223,0.038883276,-14.660342834064956,0.027910959,15.68288,16.723383,14.674144,2.0492392,1.0405025,1.0087366,2434.0166,,,0.98092383,0.0,0.0,203.41473900496257,27.93999055656297,-1,0.0,False
663753076377059584,126.57068739319324,0.30139148,20.08205154545053,0.19023274,4.251643283550727,0.35678518,11.916535,-32.284993571898504,0.33704865,0.6545514468893645,0.23831952,19.254934,20.744574,17.994694,2.7498798,1.4896393,1.2602406,327.91547,,,1.0320448,1.0047209,2.6814444,204.11541535382267,29.518087480181165,-1,0.0,False
663765548961708032,127.11206341474778,0.07656725,20.10470928806244,0.0512488,6.798231347625611,0.08752304,77.673615,-37.58247290080181,0.09678698,-8.603405406184162,0.07326062,17.261255,18.978842,16.010153,2.968689,1.7175865,1.2511024,1111.2847,,,0.9780406,0.0,0.0,204.2960310117521,30.00226155382685,-1,0.0,False
663854854218961280,126.47362997742972,0.25517312,20.576069599781142,0.14821951,3.5231581656726836,0.28833404,12.219015,-24.15661903508899,0.28280386,-12.29484149897316,0.19577727,18.852234,20.168543,17.611536,2.5570068,1.316309,1.2406979,488.61447,,,1.0512333,0.74765927,2.2523012,203.54664856529217,29.605161236019015,3,1.0,False
664136221820954752,125.77495297756714,0.18831971,21.18903656724088,0.14548382,3.095765103711003,0.24099758,12.845627,-25.35965368481547,0.22236522,-27.692342183295857,0.16775529,18.665817,19.840296,17.363287,2.4770088,1.1744785,1.3025303,355.10962,,,1.0196551,0.614969,1.8455302,202.62761875402276,29.204112859379386,-1,0.0,False
664145056569128320,126.48866039555088,0.07185857,20.882981815126584,0.04721737,5.319346074723605,0.08634187,61.607956,-31.632159256544412,0.08718604,-12.114628636184367,0.05984184,16.84332,18.555565,15.578285,2.9772797,1.712244,1.2650356,695.00775,,,1.1708415,0.2882307,3.2164004,203.2207872729782,29.724398158269732,1,0.1967125038899552,True
664305104230586240,129.11285200948245,0.024818065,19.865122305461306,0.0149212275,5.410372043190329,0.028651984,188.83063,-35.3832076415038,0.027959635,-14.127966239378594,0.019480957,14.564816,15.73361,13.491456,2.2421541,1.1687937,1.0733604,2776.2332,35.36943,3.6420896,1.0832361,0.0,0.0,205.31979763604764,31.681666432888463,1,0.6743427999961189,True
664327438061177344,129.97926069030385,0.017194089,20.06496967775872,0.01279765,5.366873706132506,0.020006875,268.25146,-36.25951229250904,0.019677721,-12.682310321314796,0.015247227,9.994544,10.23674,9.601538,0.6352024,0.24219608,0.39300632,3539.9854,34.438183,0.26903465,0.7752136,0.11940592,14.675337,205.42981394336263,32.514971898558926,1,0.8365133187912442,True
664387808120781440,129.3424440526408,0.019230744,20.17695170685676,0.013311204,5.2831184052118205,0.023142321,228.28818,-35.25285651259832,0.023352267,-13.30232309279604,0.016309585,11.253187,11.601088,10.746064,0.8550234,0.3479004,0.507123,1333.3062,36.317375,0.50748163,0.8296148,0.10581942,12.296934,205.06288386596032,31.9917197797363,1,0.6697356692771497,True
664403506224429184,129.50548192868104,0.14927281,20.5414642508361,0.10893438,5.536461822226508,0.19919808,27.793749,-36.490532477196275,0.1870513,-13.326004002724206,0.13277258,18.16506,20.221825,16.83385,3.3879738,2.0567646,1.3312092,683.19476,,,1.0581293,0.5484537,2.443217,204.71990647722023,32.259797560030805,1,0.8104963109501916,True
664445532480726912,129.8284893408816,0.031047767,20.464427976963123,0.022252353,4.567662105844085,0.03744719,121.97609,-27.752369505834743,0.036726035,-13.684042828902752,0.027256478,15.563645,16.719994,14.489637,2.2303562,1.1563482,1.074008,2252.6997,,,0.981902,0.0,0.0,204.92728916427671,32.518257968079936,1,0.13656323818213262,True
664459031561436544,130.42511341699503,0.1310189,20.568858527518056,0.06300881,5.438041055461933,0.15309712,35.520203,-36.73309138526925,0.17346859,-12.87972341058654,0.11681752,17.912872,19.774748,16.614414,3.1603336,1.8618755,1.2984581,805.8349,,,1.0584561,0.36966857,1.6937723,205.03508629277505,33.07944467410913,1,0.8062579574334955,True
664461028722837888,130.50566335705605,0.1930301,20.62731486783172,0.080262944,3.8591850476672183,0.23527683,16.402742,-42.51833185358633,0.25460216,-23.637784567440264,0.1769751,18.28891,20.088099,17.06882,3.0192776,1.7991886,1.220089,619.88495,,,1.0260311,0.2758459,0.5878454,204.99964303323813,33.17011600203654,-1,0.0,False
664497209527231872,129.69193929856917,0.012944518,20.57671445699999,0.009074182,5.363167163798387,0.015363152,349.0929,-35.54971250830077,0.015366532,-13.445145550322325,0.010959133,12.168027,12.629104,11.550658,1.0784454,0.46107674,0.6173687,2060.135,34.48441,0.7722113,0.939541,0.05284814,3.1034253,204.75068789696985,32.43599406398543,1,0.7785316556439558,True
664293387559886592,129.55787467191536,0.03557846,19.78966556255444,0.024633007,5.441360525277384,0.04377576,124.300766,-34.56135362092111,0.041926835,-14.42251385577902,0.030696,15.141225,16.274857,14.069112,2.2057447,1.1336317,1.072113,1634.5492,35.936523,5.443221,1.1612933,0.124116346,2.8033407,205.57398981177408,32.04820210338285,1,0.49393630338952693,True
664340426041558272,129.5517512804151,0.13652542,20.133983919437576,0.086485334,5.446645293919243,0.17242932,31.587698,-34.907467429926825,0.18300916,-12.35232340978112,0.11676808,18.076519,19.903023,16.774597,3.1284256,1.8265038,1.3019218,584.49084,,,0.99929124,0.0,2.4691203e-15,205.1900983230055,32.161528124191236,1,0.7521039495579326,True
664354994570694400,129.0356312190195,0.10846277,19.95699045839632,0.07104412,5.310837275155385,0.12071827,43.993652,-35.93362345260472,0.12803304,-13.40886657322735,0.08955796,17.289604,19.18355,15.981726,3.2018242,1.8939457,1.3078785,707.75275,,,1.125481,0.36778218,2.759195,205.18899667635685,31.64538019563782,1,0.6659876845160965,True
664380695654828416,129.1755516952827,0.09489451,20.27298436058931,0.059763834,5.497833905657148,0.11501914,47.799294,-36.594324353347474,0.11609578,-13.354432455280184,0.078585394,17.478037,19.217525,16.221731,2.9957943,1.7394886,1.2563057,815.7571,,,0.9590128,0.0,0.0,204.89329880438495,31.877553552532845,1,0.8785181338888631,True
664403991557398784,129.56223520281122,0.026380891,20.567758963921634,0.018172465,5.387575434249819,0.032066654,168.01176,-35.06662432952215,0.03190217,-14.058534953393169,0.022867173,11.246682,11.609264,10.726621,0.8826437,0.3625822,0.5200615,1313.735,36.71808,0.42950547,1.335041,0.18147796,38.302887,204.7119623354212,32.318705939642605,1,0.6448939826050534,True
664429005446645376,130.15768902165536,0.01977793,20.33824129672534,0.012639288,5.367459292475292,0.022814192,235.26843,-35.796284161822285,0.023964288,-13.11767261971575,0.016073423,14.372905,15.306706,13.41542,1.8912868,0.93380165,0.9574852,3978.5486,37.402924,3.6924245,0.96040446,0.0,0.0,205.1926496605389,32.76563836886761,1,0.8999608457049293,True
664508616960346752,129.8421389661424,0.09942604,20.799484280553056,0.06225973,5.162071966536414,0.11395929,45.29751,-34.75183425692806,0.11062524,-13.807465140833948,0.07539098,17.379652,19.106516,16.102955,3.003561,1.7268639,1.2766972,980.293,,,1.0277646,0.22251183,1.0063926,204.5581236466877,32.64340180779288,1,0.3817747733757311,True
664537032463944960,130.31004798837,0.119847946,20.996154443063578,0.061822437,5.312429124510618,0.15397973,34.500835,-35.68084176374063,0.15119849,-13.249471825674595,0.10870758,17.714586,19.453737,16.445469,3.0082684,1.739151,1.2691174,872.9767,,,0.9921679,0.0,0.0,204.51145499836517,33.12113037496091,1,0.7648464583868332,True
664703539756597376,129.3540475880795,0.015080044,20.79089158752152,0.01148557,3.058565678606138,0.017796563,171.86272,-28.22011601785006,0.017731622,-16.78853187702935,0.013402422,12.821743,13.164358,12.313128,0.85122967,0.34261513,0.50861454,4134.1016,72.22687,2.1450052,0.96446604,0.066202424,4.2242785,204.38574654494897,32.2108408668539,-1,0.0,False
664871829458275328,130.74935560933633,0.013698686,21.157624701223977,0.00630469,4.529952955219099,0.015474971,292.72772,-22.05579639019873,0.01635293,-12.239181623738322,0.011774885,12.310387,12.706133,11.747963,0.95816994,0.39574623,0.5624237,5593.989,76.96838,0.8110202,1.0608413,0.07514246,9.492854,204.4916994567268,33.56139419957539,3,0.8177189577162122,False
664874990554538624,130.68669305895938,0.30773067,21.18449622449321,0.14411835,5.456463536690655,0.35497424,15.371435,-21.25596072945496,0.35404202,-10.567946163864324,0.2434101,19.412485,21.035446,18.050735,2.9847107,1.622961,1.3617496,406.98294,,,1.0828681,1.0630374,2.8394196,204.43813582900904,33.51509909073453,-1,0.0,False
664909835625851392,131.22426802110374,0.050241694,21.61843679454088,0.024104211,5.641156553280708,0.06642402,84.92646,-38.82604309153542,0.06764447,-14.591267621381306,0.046817187,15.479057,16.720182,14.360661,2.3595219,1.2411251,1.1183968,1611.7251,31.367031,6.9720755,1.0172217,0.29755798,17.42659,204.14145011263585,34.12996558122597,1,0.32123812705201465,True
664914164952043008,131.1356420772674,0.05083675,21.68301353652532,0.021655295,5.304433261797709,0.06347809,83.56321,-37.103283991017385,0.05987994,-14.32264941070989,0.043067597,16.18938,17.703165,14.985874,2.7172909,1.5137844,1.2035065,784.8953,,,0.97249633,0.0,0.0,204.0354604937348,34.07293083653803,1,0.41298026838388063,True
665177802928722304,130.61435583243193,0.16134115,22.15061157422263,0.0787454,4.18479536032816,0.20885655,20.036695,-41.88032669479864,0.21060055,-17.558825627917187,0.1430157,18.424583,20.009953,17.199024,2.8109283,1.5853691,1.2255592,538.2969,,,0.99982995,0.0,0.0,203.3144198220412,33.76548816265281,-1,0.0,False
665187359232551296,130.43321762877557,0.14027746,22.071587969203826,0.074216016,4.152809410355579,0.1738095,23.89288,-33.55924344130402,0.16485707,-9.105172263374287,0.11342389,18.228937,20.006645,16.935785,3.07086,1.777708,1.2931519,688.54565,,,1.003227,0.41962013,1.667197,203.3396844441221,33.581192110587615,-1,0.0,False
665248446550953728,130.24464229362977,0.2488014,22.48048222055023,0.15607797,5.6551613961857194,0.29913875,18.90481,-36.02249900106389,0.27656204,-14.908803203457651,0.20363554,19.177279,20.780857,17.849886,2.9309711,1.6035786,1.3273926,347.84305,,,0.9762977,0.0,0.0,202.8077819537624,33.546508764184566,1,0.2779975721474288,True
665315482399889152,131.27232431670785,0.20538089,22.68245331526853,0.08951716,5.614079291327704,0.2191365,25.619097,-40.170167982347834,0.20211242,-15.52434261826468,0.15173107,18.572445,20.496872,17.205708,3.2911644,1.924427,1.3667374,606.31805,,,0.9543903,0.36121505,0.8756698,202.93722294443725,34.51070805514152,1,0.1676153736608426,True
664513049366544256,129.5992554295025,0.020169156,20.72794966530677,0.012353167,5.333773541288619,0.022183022,240.44395,-35.78062994162313,0.023537152,-13.246329756393326,0.016228797,14.241891,15.155042,13.296468,1.8585739,0.9131508,0.9454231,3011.8022,33.18439,2.909635,1.0330329,0.0,0.0,204.547349635996,32.4054672443538,1,0.7559802812790263,True
664516000007445632,129.45485880828332,0.23542096,20.78516973773091,0.17270882,5.732130878017663,0.2936319,19.521484,-37.43774394463894,0.29124105,-14.190613967965929,0.21787302,18.837168,20.855011,17.500343,3.3546677,2.0178432,1.3368244,409.77133,,,1.0336746,0.9073894,2.8489542,204.42969210995568,32.29764131615474,1,0.38826498455469804,True
664536242189969536,130.26139123936068,0.047802653,20.936150850017253,0.027896332,3.1035773886519795,0.066942066,46.36214,-31.05477668541092,0.067434974,-21.911757968570992,0.05036276,15.957486,17.00841,14.937717,2.070692,1.0509233,1.0197687,2092.0703,,,1.1086261,0.12112137,1.4048511,204.5609163271843,33.0583007515216,0,0.9139688707717553,False
664593966550851456,128.63266432108713,0.07051263,20.581281717955065,0.045820255,3.561488228610175,0.07886195,45.161045,-28.061497503226715,0.07857537,-9.243635845690855,0.058151443,16.990967,18.25656,15.8785515,2.378008,1.2655926,1.1124153,1371.3906,,,1.0592895,0.12345309,0.593268,204.34838123400968,31.504877217769025,-1,0.0,False
664670176450527744,128.76557979015683,0.036829114,20.83119825212023,0.02514789,5.391239092220017,0.042103875,128.04614,-31.771850576079327,0.042620532,-8.051719408795176,0.030327572,15.636432,16.81003,14.565594,2.2444363,1.1735983,1.070838,2148.221,,,1.0016358,0.024937319,0.09369214,204.12199760979493,31.70672486684662,-1,0.0,False
664699687169107584,128.60364305433373,0.18874608,21.229527161506265,0.1234547,3.141236669258832,0.21092156,14.892915,-27.410813960296863,0.21832633,-22.71744156010833,0.16227365,18.641113,20.112474,17.39837,2.7141037,1.4713612,1.2427425,523.3177,,,0.96367437,0.0,0.0,203.62132709834287,31.69852851380331,0,0.9460967552969822,False
664847644498666880,130.8405451814464,0.07176868,20.919384069219923,0.027940182,3.1670191741507936,0.0773926,40.92147,-32.506433520269724,0.08657168,-9.747175706717185,0.055547547,16.813812,18.022205,15.720803,2.301402,1.2083931,1.093009,1329.3647,,,1.1054754,0.2325369,3.0451124,204.7952960349549,33.5628204040709,-1,0.0,False
664864824367801344,130.6641033877934,0.049768854,21.045970342900553,0.024041472,7.8723838916298945,0.054289084,145.00859,-47.98076860757292,0.057696633,-19.683667179437748,0.041304927,15.647571,16.545864,13.98319,2.5626745,0.8982935,1.664381,569.9938,33.942,8.258652,1.0146438,0.34676686,20.867693,204.5865290279791,33.449411252317184,-1,0.0,False
664876747197002112,130.6913374126618,0.016209174,21.271118361248213,0.007500238,5.402768263101351,0.018872458,286.27792,-36.54233940999366,0.020621968,-13.318359043992857,0.013815249,13.813163,14.62827,12.919028,1.7092419,0.81510735,0.8941345,1332.1683,31.740273,5.092322,1.0315031,0.0,0.0,204.3417318536289,33.54772256964197,1,0.9124389994716404,True
664923064123308672,130.6084575375965,0.07901262,21.23078429170602,0.06357317,5.645423853149972,0.09155939,61.658604,-36.388019521298645,0.100807205,-13.975055242963426,0.07411276,16.636402,,,,,,434.05255,,,1.0693914,0.46615574,9.870005,204.35690082929543,33.46150471960824,1,0.43408955630080553,True
665195188956482432,130.43142347366418,0.20225242,22.27026151713851,0.09909008,5.979605729151848,0.21669567,27.594486,-37.06237861680293,0.23347975,-14.870355302695124,0.16836637,18.682823,20.673107,17.343458,3.329649,1.990284,1.339365,494.13605,,,1.0043373,0.24489093,0.29847696,203.1130595078717,33.64326833971421,1,0.161426809847169,True
665264114591620352,130.08554752855528,0.205306,22.546119828813296,0.13982105,3.196067623813854,0.23954847,13.34205,-22.770846367188277,0.24116002,-8.399279035410068,0.19089638,18.713411,20.272696,17.503197,2.7694988,1.5592842,1.2102146,471.0792,,,1.0933863,0.6838042,2.166838,202.677182540252,33.427998143839304,3,0.9748996282959816,False
665464333083356928,128.0443291879651,0.014790606,21.341490451928973,0.010132759,5.301244340851106,0.018091667,293.0213,-32.41461116234967,0.017182842,-13.85618127550174,0.013108346,13.726357,14.530008,12.843364,1.6866446,0.80365086,0.8829937,3515.4812,35.67406,1.5233201,1.0464498,0.0,0.0,203.29277072595332,31.24507812214848,1,0.2595236684202872,True
665687465225152000,128.64278078906506,0.10953961,22.60044071206596,0.07408284,3.077556734143306,0.1270154,24.229794,-32.542196041445074,0.12420918,-23.975490969743927,0.08833874,17.891163,19.334875,16.718897,2.6159782,1.4437122,1.172266,867.4068,,,0.9823508,0.23240618,0.75313526,202.10942148047351,32.18297694891781,-1,0.0,False
665747663485733632,127.35664588356506,0.01820401,22.09279019742497,0.012401456,4.656778969899302,0.022279575,209.01561,-25.075938065449648,0.022304215,-4.651112040089981,0.01701593,14.318478,15.112944,13.446619,1.6663246,0.794466,0.8718586,4290.7637,-5.538625,2.3313277,0.97136265,0.0,0.0,202.21729826135032,30.892916480806573,-1,0.0,False
665753745159395712,127.7057237632806,0.053901512,22.19600960385716,0.035880268,3.2600172787377097,0.06367074,51.201183,-40.315381294184455,0.05939815,-6.432331298530958,0.043074436,16.616198,17.652483,15.619177,2.0333061,1.0362854,0.9970207,1846.4794,,,0.9577103,0.0,0.0,202.2279314278875,31.232199099475704,-1,0.0,False
665861806536314368,127.87143287455432,0.08284265,22.542364709991407,0.08004969,3.2333477598774736,0.08815767,36.676872,-38.73415919975223,0.14446579,-9.713678060636608,0.15189357,16.325148,,,,,,747.00885,,,1.1209323,0.29412872,4.8901415,201.90317854206864,31.490162138509167,-1,0.0,False
665930075040605696,127.70554263241134,0.50324667,22.883564199153437,0.29907525,5.5844796761898285,0.5518432,10.119684,-38.15957376092315,0.6274187,-17.553823172148988,0.40803874,19.81652,21.420492,18.395437,3.025055,1.6039715,1.4210835,242.92975,,,1.0701994,1.5226287,2.0087056,201.4666012807753,31.4556848067847,-1,0.0,False
665953615757141376,127.74025253468608,0.035153233,22.91726789633176,0.022039326,3.3812635941145768,0.039582495,85.42321,-30.40537723370676,0.041537855,-27.762845212495883,0.027486298,15.49871,16.373268,14.577109,1.7961588,0.87455845,0.92160034,2821.3381,,,1.0409611,0.0,1.2119057e-15,201.44124817754292,31.496803544997043,-1,0.0,False
665974712637834240,129.29241316422096,0.034077656,22.17618297613212,0.022262145,4.841875557410956,0.03965916,122.08719,-25.064800513611864,0.03889869,-23.604149139046747,0.029621784,15.456046,16.63292,14.374066,2.258853,1.1768732,1.0819798,2715.5527,36.703197,7.7646356,1.1077985,0.10414708,2.0560732,202.8145718900216,32.614614527873506,-1,0.0,False
666127888351163136,130.24077353789875,0.17057417,23.12131019234288,0.097357415,5.93310890822008,0.24669899,24.049994,-38.05093183407078,0.225317,-16.318599130177816,0.16824582,18.370258,20.265352,17.067774,3.1975784,1.8950939,1.3024845,694.8355,,,1.0330089,0.51423097,2.2476683,202.07568293868084,33.7445892940179,1,0.15962842096755253,True
666346347566820480,128.15221589399286,0.045968935,23.390716635014044,0.030414307,6.866028706236756,0.053245783,128.94972,-37.3301331059,0.053868216,-7.179465265885635,0.03707784,16.32265,17.79415,15.1355505,2.658599,1.4714985,1.1871004,1359.8763,,,1.1269389,0.10749337,0.847253,201.0553692450187,32.00666749801584,-1,0.0,False
665873076530541440,128.50250505188652,0.05001947,22.53330691231115,0.033229068,3.534412131872888,0.059088483,59.815586,-30.22367116181394,0.06260185,-7.9545308237392,0.04326809,16.371908,17.544825,15.295269,2.2495556,1.1729164,1.0766392,1852.496,,,1.0438412,0.0019225907,0.00026512454,202.1351845226637,32.03871987686031,-1,0.0,False
665982546658153088,129.63574196531553,0.08024762,22.37428006285509,0.051225074,3.997316298729837,0.09626423,41.52442,-42.19993137876415,0.09887843,-1.9040594851959227,0.071141995,17.242523,18.620583,16.08016,2.5404224,1.3780594,1.162363,1157.2379,,,0.96794116,0.0,0.0,202.71327258985812,32.97920951646884,-1,0.0,False
666285565189776512,128.63159243218672,0.013516225,23.236208998213577,0.009944922,5.96054864682376,0.016389847,363.67325,-38.167640847557486,0.016164718,-17.19317014160541,0.012351748,9.7120075,9.949515,9.31806,0.6314554,0.23750782,0.3939476,5988.228,34.0925,0.17883568,0.90901303,0.07666745,7.3446865,201.39271169890895,32.37569350574917,-1,0.0,False
666343049032001664,128.18787288828227,0.015031735,23.341324423679737,0.009738514,3.1849631569914627,0.017209047,185.07492,-26.040430974565076,0.017473936,-10.79890882447422,0.012029764,13.712795,14.18752,13.075917,1.1116028,0.47472477,0.636878,3498.635,17.14691,4.329567,1.036642,0.0,2.2092822e-15,201.1228287671076,32.02213333502965,3,1.0,False
676281431560568960,126.30098206282968,0.014456659,21.82585065271023,0.010627315,6.651876565196026,0.016666664,399.11267,-39.69699617357618,0.018680634,-20.406679747218295,0.013232,8.885808,9.162392,8.437239,0.72515297,0.27658367,0.4485693,5011.944,17.317701,0.17932406,0.9945633,0.08654072,9.385647,202.13050422825623,29.88087262047616,-1,0.0,False
663261285443176576,125.22613625677,0.30507323,18.91153635625712,0.1983828,5.04057532414537,0.3711964,13.579268,-21.99522031615072,0.37998968,-13.87983262141236,0.23909165,19.126234,20.470081,17.858295,2.611786,1.3438473,1.2679386,303.74203,,,1.0724027,1.2599703,4.741204,204.8452329470572,27.915949191551743,-1,0.0,False
663293343078175104,125.0568732346066,0.20675318,19.353783513326224,0.1314285,3.3189422574781986,0.23633736,14.04324,-21.564151086506534,0.2439996,-18.317461704438895,0.16116098,18.924706,20.69337,17.72173,2.9716415,1.7686653,1.2029762,490.2725,,,0.98647845,0.0,0.0,204.31315626046177,27.92716692913901,-1,0.0,False
663356019537334656,126.0688812835784,0.11862433,19.554970261640538,0.073374584,3.3290885482103816,0.13504963,24.650854,-26.75841673081895,0.13635573,0.0877860567131216,0.09706423,17.906141,19.346956,16.776016,2.57094,1.440815,1.130125,722.3175,,,1.0347179,0.0,0.0,204.48884273470983,28.890052006825343,-1,0.0,False
663365227947196032,126.2074531186802,0.027213454,19.708565936749338,0.018686237,5.820972283937983,0.029797163,195.35324,-30.73421907708034,0.035290692,-23.250098304607775,0.026044928,15.020391,16.23564,13.919681,2.315959,1.2152481,1.1007109,1843.4592,24.120064,4.427624,1.0358593,0.05242426,0.6269094,204.3778511532965,29.066683528699883,-1,0.0,False
663586916979906944,125.35911351914532,0.074076004,19.70530623565769,0.05472553,4.491385859845845,0.08567625,52.422764,-28.130930142920025,0.086170174,-11.39502843428421,0.06838403,17.315638,18.965998,16.09318,2.872818,1.6503601,1.2224579,882.14044,,,1.0527934,0.0,0.0,204.0570991804869,28.31922767201817,1,0.13601265161551054,True
663818669117914368,126.27988092133458,0.20581838,20.284650407596157,0.1498059,3.2192488812800093,0.2749081,11.710273,-27.994237054637143,0.23282726,-9.739875605294497,0.15382393,18.879093,20.655024,17.653645,3.001379,1.7759304,1.2254486,451.55533,,,0.93887717,0.0,0.0,203.78774258642036,29.333441932778435,3,0.8774139521702768,False
663981126257232768,127.36637592857568,0.03011058,21.1439241807227,0.020205926,5.245639307090017,0.035841934,146.3548,-33.973488466974985,0.035647415,-14.176443353515952,0.024485745,15.070245,16.183403,14.022675,2.1607285,1.1131582,1.0475702,2436.7378,41.7348,5.610995,1.1142317,0.07949271,1.3131862,203.2610078544515,30.58358554220477,1,0.3726675470399836,True
664160999487755776,126.52240966174772,0.021965286,21.0821632665673,0.013995328,3.755306025638998,0.024971545,150.3834,-24.69891021007063,0.024240322,0.6109818542141624,0.017913163,14.061597,14.74748,13.262445,1.485035,0.6858835,0.7991514,4429.016,-8.611695,3.8967278,1.2034519,0.10496787,5.413416,203.01771543230447,29.822360778483468,-1,0.0,False
664254595414894848,126.7531550912311,0.16369712,21.56627109665579,0.11204597,4.854763808147262,0.19932419,24.35612,-31.43764773120876,0.18698357,-12.839332244575084,0.13045254,18.424385,20.204008,17.116634,3.0873737,1.779623,1.3077507,628.72766,,,1.0396343,0.56355834,2.130058,202.57629550060864,30.189024005533177,1,0.15895602089522137,True
664320497393421952,129.81036568416374,0.026374757,20.021925664837376,0.01857895,5.428314771416809,0.03223642,168.39076,-36.40285615899853,0.034603193,-13.487761564489126,0.029125866,15.05092,16.171892,13.992845,2.1790476,1.1209726,1.058075,1543.8162,30.052149,7.7602625,1.0366408,0.0,0.0,205.413185109676,32.35117154703751,1,0.8785181338888631,True
664397360128008960,129.555642016292,0.03479739,20.395643412736785,0.023387194,4.766524014080196,0.04347805,109.630585,-23.426823662987044,0.043101,-23.842311844648695,0.031167533,15.385932,16.473568,14.356066,2.1175022,1.087636,1.0298662,2762.4053,30.415611,9.759198,1.0740262,0.05502982,0.44610345,204.9009617695369,32.25441742783845,-1,0.0,False
664496797210379136,129.6029752832606,0.051971134,20.54143837392981,0.035246618,6.978486966555299,0.063514136,109.87297,-46.353871584546,0.06737834,-17.262898040888224,0.050242152,16.402502,18.188429,15.118077,3.0703516,1.7859268,1.2844248,451.0563,,,0.9772452,0.0,0.0,204.75657229447268,32.34567097441191,-1,0.0,False
664496797210379264,129.60386569356808,0.06427681,20.54063913663052,0.04430871,6.839140720689784,0.07783824,87.8635,-46.20781866039651,0.08258177,-17.24393714973171,0.06317211,16.796013,18.375317,15.560731,2.8145857,1.5793037,1.235282,1071.6798,,,0.9556006,0.0588088,0.13167493,204.75779693088353,32.34618437082593,-1,0.0,False
664510949126187136,129.51909214092075,0.07714715,20.659720019657858,0.05090667,5.5484096406649295,0.093585074,59.287334,-35.41030180040849,0.09302473,-13.96535680238938,0.065233186,16.958553,18.59062,15.723049,2.8675709,1.6320667,1.2355042,809.6315,,,0.928931,0.0,0.0,204.59339758944137,32.31184044888366,1,0.4803414981088089,True
664516107383262208,129.4574839047116,0.120862395,20.7945943846041,0.087862134,5.294754862906698,0.15604319,33.931343,-36.134197877770426,0.15257506,-14.244450920737806,0.11197005,17.897324,19.797922,16.59078,3.2071419,1.9005985,1.3065434,565.4446,,,0.93486834,0.35279378,1.3887728,204.4201728916057,32.30312817597159,1,0.46982118650006427,True
664742946079427712,129.64832540275953,0.1791709,21.177212842455457,0.11203816,5.36219890864308,0.20464237,26.20278,-35.28882387616412,0.19891107,-14.469738690577865,0.13578875,18.532223,20.54868,17.210531,3.338148,2.0164566,1.3216915,503.5769,,,1.0090445,0.11049985,0.064692006,204.06362727083385,32.599140130873344,1,0.6215667579348322,True
664845308036464256,130.72092219552022,0.018027637,20.819176382854263,0.00785923,5.4555664701909725,0.020575615,265.1472,-37.42050341541639,0.021764794,-14.063904575178526,0.015239957,8.77069,8.923352,8.487356,0.43599606,0.15266228,0.28333378,5531.4263,33.04872,0.44124243,0.9026179,0.09246474,12.834123,204.86398644387003,33.42406240587059,1,0.5815231100482775,True
664858016845022208,130.89411527869552,0.36746404,21.07835247421276,0.15188597,5.003443873014158,0.41193423,12.14622,-36.861765382543865,0.41676626,-12.56923402953737,0.3248625,19.538418,21.2985,18.153639,3.1448612,1.7600822,1.384779,405.47836,,,1.0610356,1.2042425,3.3887885,204.63509148942296,33.662679456512116,1,0.2950921834896249,True
664916570133718272,130.51350767216675,0.13670315,21.172575343054724,0.07106217,5.429402709782422,0.16297328,33.31468,-36.309127627395966,0.16914907,-13.235002882056785,0.12377833,18.12212,20.08352,16.830679,3.252842,1.961401,1.291441,712.5591,,,1.0898566,0.41692737,1.884016,204.38772675242217,33.358730836885165,1,0.8113186451729076,True
666423416460418048,129.32820985892792,0.07143201,23.78776113500048,0.049799815,5.531176540935993,0.08579852,64.46704,-43.200055244546995,0.08148035,-19.48689968974483,0.058678266,17.192497,18.78852,15.962822,2.8256989,1.5960236,1.2296753,1128.196,,,1.0048952,0.0,0.0,201.0058960821396,33.15444138254002,-1,0.0,False
666506012974466944,129.38085087793954,0.12987876,24.25454427498459,0.09314408,3.731971244303904,0.15315227,24.367716,-31.11433162047459,0.16151628,-9.5357779404478,0.12324355,18.245703,19.94437,17.01445,2.9299202,1.6986675,1.2312527,632.40045,,,1.0730634,0.34647125,1.0915561,200.49181511951892,33.342490469993386,-1,0.0,False
676377978125235328,125.95883112202912,0.3718718,22.46012624053159,0.28289574,6.416359996573329,0.4281225,14.987206,-34.9019838621568,0.43048355,0.9396015720045658,0.3284106,19.886204,21.199116,18.456953,2.7421627,1.312912,1.4292507,251.32214,,,1.0327251,1.033465,1.113359,201.31925198402791,29.794095507657868,-1,0.0,False
678010443654576128,126.9768637533242,0.15870562,23.258795973986164,0.11948076,4.904904880244782,0.20137094,24.357561,-27.911701128798057,0.18336903,-10.913519535598098,0.1366023,18.442,20.122337,17.1969,2.925438,1.6803379,1.2451,606.8434,,,1.0395068,0.47338423,1.4700924,200.79924761267475,30.94150806591017,-1,0.0,False
676354961400512128,125.71071556944348,0.0136453705,22.172990086765328,0.009235642,4.406778898826464,0.0148304375,297.14423,-22.331429733575742,0.016230842,-13.725561933467368,0.011097357,12.360835,12.772751,11.786664,0.98608685,0.41191578,0.57417107,4460.9893,4.9802146,0.9492462,1.093314,0.070539236,6.7929583,201.54260494789727,29.481933475884148,-1,0.0,False
677825317680628608,126.61673580866704,0.08562878,22.56361226568447,0.055375982,3.1367623686849297,0.10084683,31.104225,-36.771497430938176,0.095641434,-9.79886288039829,0.06588619,17.408743,18.767214,16.240837,2.5263767,1.3584709,1.1679058,1004.7808,,,0.9620994,0.0,0.0,201.4383733177786,30.401939940073714,-1,0.0,False
677976049556026112,127.64071315529353,0.17858532,23.274902424095657,0.11801841,3.602033527248711,0.1996589,18.040936,-45.68604259013835,0.2114707,-21.49114046376887,0.16055076,18.612383,20.017626,17.442385,2.575241,1.4052429,1.1699982,541.07715,,,0.9347305,0.0,0.0,201.00944761640716,31.52450575316936,-1,0.0,False
678119814998973056,126.47446273262942,0.022894649,23.27897999749023,0.016974375,3.0297885026956703,0.026443865,114.57434,-21.76970230357238,0.028960675,-9.152420930067729,0.02174633,10.390499,10.521386,10.144883,0.376503,0.13088703,0.24561596,2408.3647,67.868286,0.40898693,0.8804495,0.1957255,45.946636,200.60422813760096,30.511020872383057,3,0.8861195380337431,False
684621669633010176,134.7210280954604,0.18615608,19.992003897584276,0.14826004,6.599854939126841,0.21555185,30.61841,-46.94679798649295,0.25735658,-15.08952691384156,0.19713135,18.35703,20.081352,17.048557,3.032795,1.7243214,1.3084736,436.51904,,,0.8902249,0.4218182,1.1996756,207.34448799652031,36.68267596306497,-1,0.0,False
684675378200250368,134.79530287907065,0.28946665,20.414468414572383,0.22510062,4.087565184289876,0.3332289,12.26654,-22.2159180685539,0.36011693,-1.0225260357903505,0.31720987,19.144485,20.777313,17.777561,2.999752,1.6328278,1.3669243,349.30817,,,1.1834999,1.5568302,5.475174,206.8756742997922,36.88849659457649,-1,0.0,False
684781476776379008,135.0644480715067,0.20752844,20.729273633273408,0.14333406,3.2047727668456565,0.25372964,12.63066,-32.54801317592265,0.24835932,-12.871321921219238,0.16688426,18.835064,20.224796,17.611296,2.6135006,1.3897324,1.2237682,439.98853,,,0.9849478,0.0,0.0,206.6060765628557,37.22954066844374,-1,0.0,False
684940910258196352,134.31101861914144,0.017345592,20.92966545646904,0.008509166,4.662244212985926,0.019316223,241.36418,-29.83372486370036,0.02146628,-27.42062099539267,0.015572865,13.870168,14.555624,13.071869,1.4837551,0.6854563,0.79829884,7052.1855,45.693993,2.7035503,1.0646253,0.0,0.0,206.08320463893125,36.628426747231565,-1,0.0,False
684983305879380736,135.14789515678683,0.052649178,21.065503424117793,0.04012196,3.116055415582672,0.066450424,46.892933,-31.70356909414583,0.06699123,-14.422526258158634,0.051165704,16.496376,17.747042,15.377813,2.3692284,1.2506657,1.1185627,1236.5042,,,0.9945121,0.0,0.0,206.2375266030431,37.41182017286183,-1,0.0,False
684988219321943936,134.81367687172974,0.095076874,20.978176352177123,0.06486382,5.63709252813864,0.108969085,51.731117,-41.24778976740231,0.10680218,-13.123308850650885,0.08255576,17.614504,19.421656,16.33922,3.0824356,1.8071518,1.2752838,788.34436,,,0.9732647,0.0,0.0,206.21542378670108,37.08833265876405,1,0.16649088437066223,True
685099068133982336,134.73638593982045,0.020907635,21.77191897977236,0.012575549,3.3273085122631834,0.025084468,132.64418,-26.13192996837636,0.026098616,-13.709475054706552,0.018425334,11.5481205,11.918892,11.013864,0.90502834,0.3707714,0.53425694,4643.296,14.537831,0.39144006,1.0372761,0.14498068,26.886152,205.24209447035508,37.27226822443464,-1,0.0,False
685692112921971584,133.35414344694524,0.12489914,20.99805921234194,0.060282778,3.5518258975685737,0.13671508,25.979767,-26.588875983374244,0.1550404,-22.42050269531668,0.098587535,17.717594,19.277864,16.509296,2.768568,1.5602703,1.2082977,830.8215,,,1.0587131,0.42352542,2.9762037,205.64344274159777,35.80549948127996,0,0.9172003086518148,False
685708158920145408,133.5790318996874,0.22254926,21.359802943579652,0.11808942,4.163030201886322,0.25579098,16.275126,-29.542792956413603,0.2701653,-18.381581482249587,0.18386887,18.809036,20.544167,17.538467,3.0056992,1.7351303,1.2705688,439.86682,,,0.9862782,0.0,4.1184398e-15,205.30416874677948,36.12081464526921,-1,0.0,False
685775027266717952,133.17828028358517,0.19774996,21.526865020212885,0.11207183,6.569491330427305,0.22096021,29.731558,-32.68969251709578,0.23523672,-17.52795682029767,0.17758279,18.522625,20.559046,17.051794,3.5072517,2.0364208,1.4708309,540.56726,,,0.9792293,0.48570716,1.3661162,204.96100786560783,35.820954429496545,-1,0.0,False
685852194943561728,134.7724462422116,0.3141291,21.878296168025013,0.1931432,4.225327751792609,0.3982084,10.610845,-39.11453826939538,0.42172316,-18.200331427763444,0.2884596,18.983393,20.982925,17.561043,3.4218826,1.9995327,1.4223499,292.13956,,,1.2318423,1.5189621,6.5102777,205.12819735252305,37.33729915927772,-1,0.0,False
665477900883144320,127.67639366443008,0.27539396,21.127716021618113,0.17297372,3.288093481538382,0.28105617,11.699061,-40.51813571421605,0.38345483,-21.62346563390998,0.30742767,19.25719,20.854506,17.971594,2.8829117,1.5973148,1.2855968,399.99484,,,1.0146348,0.10520371,0.029770996,203.39275496009736,30.850135735571403,-1,0.0,False
665576586348996224,128.76354595070543,0.031824633,21.837715997921087,0.021158662,3.2586335009219667,0.041030828,79.41915,-42.32906382387905,0.0362236,-19.38276836281042,0.02804273,15.439165,16.352566,14.488642,1.863924,0.91340065,0.9505234,3214.733,,,1.0220482,0.0,0.0,203.00389655913057,32.04068768235445,-1,0.0,False
665810301288657920,127.47331152808172,0.016403673,22.442241092883915,0.012362056,4.571884382303092,0.021741938,210.27954,-28.56060310304209,0.02025219,-12.743893305518055,0.013562481,9.767525,10.0053005,9.372761,0.63253975,0.2377758,0.39476395,5930.0977,31.388271,0.21070182,0.96253216,0.08992346,9.25341,201.8736914747689,31.109776040733635,1,0.13911352446519437,True
678409467592864768,128.12116558873078,0.02938004,23.92764493041583,0.020570943,3.145775517533576,0.03313615,94.934845,-27.609016436126467,0.033047825,-16.81336865603399,0.025262503,15.43419,16.374931,14.466062,1.9088697,0.94074154,0.9681282,2188.203,,,1.0075412,0.0,0.0,200.44302174247937,32.14767624836345,-1,0.0,False
684584084375568384,135.35419200757568,0.012823516,19.8985533173134,0.008477421,6.619250183402293,0.014703058,450.1955,-48.14571178219944,0.015155924,-15.013198135908247,0.011387854,12.467454,13.063532,11.737793,1.3257389,0.5960779,0.729661,2658.546,30.424383,0.95008254,1.0379852,0.05749721,4.1227717,207.7034752648758,37.2124592519836,-1,0.0,False
685906345891415936,133.68542563848484,0.2484785,21.987504760589633,0.123065606,3.2524782149933036,0.2778429,11.706177,-27.713196802572348,0.29201522,-10.178284002063066,0.19766809,18.9918,20.521694,17.756483,2.765211,1.5298939,1.2353172,451.5442,,,1.0105306,0.0,0.0,204.60465671802316,36.41355942158539,3,0.9608974239205587,False
686080691499453568,132.82920195748514,0.100557216,22.33419457185134,0.05431812,4.140657316119191,0.115060166,35.98689,-23.598209426590955,0.11716474,-10.270930570778775,0.09091577,17.622442,19.174494,16.410896,2.7635975,1.5520515,1.211546,997.2177,,,1.0504769,0.0,2.1273114e-15,203.89054049185629,35.76857630770294,3,0.84579907190319,False
686099039599861760,133.6341145090555,0.14793476,22.203271611338685,0.07818518,3.523431518843657,0.16929248,20.812687,-33.6901895792009,0.18607028,-17.21643801602169,0.13509014,18.174154,19.473701,17.023275,2.450426,1.2995472,1.1508789,793.60596,,,0.9942682,0.0,0.0,204.33145488046208,36.43571819000337,-1,0.0,False
686138312780788224,133.9359248288013,0.07530934,22.58116524528348,0.03210786,3.2474714168063534,0.079059675,41.076206,-21.61854797440611,0.09436731,-12.7905912056927,0.05517476,16.377392,,,,,,668.59625,,,1.1636748,0.30616444,6.7378073,203.99067712949687,36.8176594442523,3,0.834300379027675,False
686144016497351552,134.01779246646333,0.015012901,22.64268298107223,0.006749921,4.0603858614457025,0.016367601,248.07458,-32.02417595078872,0.017852927,-12.978674638762811,0.011811933,12.740329,13.1994915,12.124608,1.0748835,0.4591627,0.61572075,3033.9675,42.217262,1.2089561,1.0023955,0.056585163,4.316395,203.9462709961076,36.90839912268015,-1,0.0,False
689086477115590400,132.5770359541926,0.014848185,22.39555771962099,0.008203764,6.612125101342896,0.018380912,359.7278,-24.411514664438975,0.019287772,-1.5346181613519538,0.014055447,12.22786,12.756301,11.5473995,1.2089014,0.5284405,0.68046093,4233.0107,34.63236,0.5616893,1.1226411,0.08014512,9.0218315,203.7293217323705,35.56611186765634,-1,0.0,False
689340090641453440,131.4715330284632,0.020090416,22.912004863801528,0.010120822,5.563376280081206,0.024613397,226.03041,-32.294875428973285,0.026095599,-14.518883949714729,0.019112326,14.099232,14.996654,13.16488,1.8317738,0.89742184,0.9343519,4704.005,46.150814,2.407614,1.1332945,0.06275692,2.1740017,202.7414303324425,34.756609143568824,1,0.16504113532358988,True
689359194655976576,131.53959956418936,0.054139122,23.061991285661247,0.027699685,4.6172278533129525,0.06622884,69.71628,-21.2752287751339,0.068820015,-17.38581446091981,0.04956226,16.464088,17.831575,15.308819,2.5227566,1.367487,1.1552696,1089.3627,,,1.0287514,0.0,0.0,202.59118617946456,34.862463152774026,-1,0.0,False
685067044857843968,134.67286254880275,0.062977515,21.47167318192627,0.03925636,3.596111998693642,0.07368501,48.80385,-30.03602171715935,0.07374859,-12.955337335528784,0.055993613,17.093872,18.524248,15.918108,2.6061401,1.430376,1.1757641,1448.1641,,,0.9779771,0.0,0.0,205.57649279340305,37.121660743822645,-1,0.0,False
686143879058396032,134.05509890674284,0.046435464,22.632360378264735,0.021414574,6.512572811261027,0.053189166,122.44172,-41.56545427670069,0.05721391,-21.82830671622429,0.035919834,16.238182,17.549492,15.102327,2.4471645,1.3113098,1.1358547,2138.4468,,,0.98182786,0.0,0.0,203.9716893632965,36.9380507071516,-1,0.0,False
689130526300802176,132.04451988366455,0.07848619,22.575797098246564,0.04148376,4.042835172860045,0.08908944,45.379513,-36.04798760514244,0.09814228,-7.643595453875266,0.069610745,17.324638,18.696669,16.16729,2.529379,1.3720303,1.1573486,1136.2981,,,0.97700065,0.0,0.0,203.33141846076796,35.154674149989845,-1,0.0,False
685074500921058176,134.67596525591978,0.25737053,21.650236427288643,0.13953263,3.728186323202861,0.30533528,12.210139,-46.02765361547225,0.32502505,-3.8065517347676328,0.216846,19.023546,20.487455,17.800814,2.6866417,1.4639091,1.2227325,441.9092,,,1.0262334,0.58625734,1.10998,205.3650640991631,37.18077795155048,-1,0.0,False
685766025015273856,133.01425767448904,0.013683362,21.360229441330493,0.007213511,6.685245897232318,0.015230125,438.94885,-29.135568349882533,0.017091984,-9.747367720794037,0.012322592,12.297141,12.836434,11.60934,1.2270947,0.5392933,0.68780136,2624.6865,2.2311854,0.49942484,0.99222165,0.055440243,4.1401463,205.0950449921944,35.6228799974868,-1,0.0,False
685892224038801536,133.87564537276205,0.09970426,21.951443248654464,0.049474813,3.334135014156447,0.10932802,30.49662,-31.880965758356066,0.12520567,-3.285659660669937,0.08585103,17.683659,19.105927,16.537643,2.568283,1.4222679,1.1460152,963.86957,,,0.9945938,0.0,0.0,204.7159765027195,36.569797747720365,-1,0.0,False
686171950964571136,133.12877472620616,0.052452806,22.532995468423938,0.027102232,3.7589607045813778,0.0686525,54.753437,-39.27526598437207,0.07109088,-24.407488282897223,0.04483424,16.416737,17.547722,15.358002,2.1897202,1.1309853,1.0587349,1893.3516,,,0.99406356,0.0,0.0,203.76314538039577,36.09346925021371,-1,0.0,False
690202859375608832,130.579108800388,0.2508377,23.777704796282272,0.12789851,4.100097042391327,0.3132793,13.087672,-31.782170006582916,0.28472525,-14.286988494771006,0.22579084,19.21932,21.241468,17.94043,3.3010387,2.0221481,1.2788906,523.416,,,1.0454582,0.45887238,0.7264677,201.43712744821343,34.24148441792904,-1,0.0,False
666407714060055808,129.5464308669897,0.013716098,23.68105164263945,0.010226775,7.249714752580814,0.015496405,467.83206,-22.229938615757675,0.01634538,-7.324043099418981,0.0120979035,9.402965,9.647242,8.994407,0.6528349,0.244277,0.4085579,6801.793,16.199009,0.33299756,0.897375,0.069627605,5.935821,201.20071346367575,33.31172592987478,-1,0.0,False
675719959072364672,124.91369989558896,0.05384285,20.63552141283326,0.04222316,3.087766239275398,0.06868492,44.955517,-22.068888230870876,0.06441143,-14.652628594924394,0.049734842,16.703121,17.913334,15.606355,2.3069792,1.2102127,1.0967665,1298.3468,,,0.97014546,0.0,0.0,202.9010516654534,28.25746799112501,-1,0.0,False
677840367246095616,127.02848754316264,0.01485382,22.638864354955597,0.0100982925,6.627286125709402,0.018419554,359.7962,-41.03793025160586,0.019024426,-23.899501088661772,0.013980825,13.440247,14.259835,12.55276,1.7070751,0.81958866,0.88748646,4366.8105,26.730728,1.5063633,1.0973696,0.0,0.0,201.5004725166756,30.78574219266251,-1,0.0,False
677845727365213312,126.69417693820228,0.050461937,22.57504965676223,0.03273456,5.456992027185546,0.05744798,94.99015,-33.693654573928285,0.06425688,-16.145925119109247,0.04145122,16.384785,17.87378,15.196367,2.677412,1.4889946,1.1884174,1370.4684,,,1.0283635,0.033731032,0.07487337,201.45309162990563,30.47323870019289,1,0.1454958173216346,True
677858887144987648,126.76706780235264,0.0726209,22.80875364839024,0.04807086,3.319561124072228,0.07815374,42.474762,-29.474602208419196,0.08892651,-23.83110028168306,0.06307256,17.103252,18.413267,15.97869,2.434577,1.3100147,1.1245623,1240.9132,,,1.0347723,0.05927993,0.111028485,201.2222103344818,30.613240168961273,0,1.0,False
677882664083898752,126.1849361957845,0.04197006,22.66964230084978,0.031795017,3.5856670184730786,0.050713524,70.70436,-35.872449601505274,0.04909046,-14.360612254083756,0.037266903,16.199652,17.30302,15.151125,2.1518955,1.1033688,1.0485268,1733.2725,,,0.9868827,0.0,2.3323137e-15,201.1707241234883,30.06040919919167,-1,0.0,False
678420462709105792,128.38256149546237,0.07169161,24.173111008148155,0.048926733,4.618109643727171,0.08354458,55.27719,-42.59510529464234,0.09299872,-21.989752765277743,0.06469895,16.929878,18.188234,15.795703,2.3925314,1.2583561,1.1341753,1337.7162,,,1.0552412,0.18101534,1.2363752,200.253949555256,32.45048214118235,-1,0.0,False
684831989887709696,134.33182358498686,0.09367859,20.242112879344067,0.050372344,3.4957923867047747,0.11331969,30.848942,-30.45705456822761,0.115846574,-24.256341698173685,0.07624573,17.679445,19.174543,16.504227,2.6703167,1.4950981,1.1752186,1014.6996,,,1.0772475,0.17666277,0.6365094,206.8994309395858,36.42134454714264,0,0.9668071455296668,False
685792688172260608,133.69044198751482,0.095641024,21.699351511019096,0.043328695,6.066015973426567,0.11073994,54.77713,-42.10256859417553,0.114796825,-15.862295453391951,0.07456592,17.278046,18.978674,16.014214,2.9644604,1.7006283,1.2638321,1148.5472,,,1.0666679,0.23151687,1.5470089,204.94613827840635,36.32724302858935,-1,0.0,False
686133811655064704,133.9742954714931,0.10984312,22.49356070431965,0.05054841,6.209573892817437,0.13384391,46.394142,-43.41185440484952,0.13400096,-16.055290903525034,0.0880203,17.677467,19.513859,16.392704,3.1211548,1.8363914,1.2847633,958.8792,,,1.005914,0.17173484,0.54525787,204.10841107117875,36.824589414099435,-1,0.0,False
689113866123523456,132.5005643988759,0.016137421,22.77032858768871,0.008435043,3.534606170080617,0.018468259,191.38817,-23.080355505954586,0.019718349,-3.1098970251740026,0.015798498,10.0905695,10.281795,9.751429,0.53036594,0.19122505,0.3391409,6897.2886,5.397983,1.7964914,0.8767588,0.08464721,9.653896,203.26422387013423,35.61501599527465,-1,0.0,False
689214192263132544,132.70574575635243,0.014297314,22.990002169163848,0.007566141,5.1060766861622335,0.01710081,298.58685,-35.54238565678632,0.017248021,0.2322452910582211,0.011876199,13.0864725,13.671985,12.360167,1.3118181,0.58551216,0.72630596,5616.2427,46.605267,1.4176503,0.90492976,0.0,0.0,203.0778553904562,35.86221653199184,-1,0.0,False
689249930686434816,132.96251511412393,0.33898968,23.317925632084204,0.16126455,5.565059238078887,0.36868364,15.094402,-32.35773311457758,0.40518355,-11.131961962895168,0.2523939,19.340218,20.981909,17.977083,3.0048256,1.6416912,1.3631344,336.21777,,,1.0495616,0.823513,1.5429165,202.77956795905737,36.186364322883094,1,0.16239727002075893,True
665956669477973888,127.68903904369589,0.098300606,22.93060303234432,0.06564684,4.114310656780118,0.11367231,36.194485,-33.95781290074442,0.1135974,-17.255697104667256,0.08775315,17.68271,19.2633,16.487053,2.776247,1.5805893,1.1956577,930.1785,,,0.9776382,0.0,0.0,201.40865708690873,31.456428610275076,-1,0.0,False
666002578385539840,129.25139726054613,0.015083071,22.546331460036313,0.009418591,5.413083623336783,0.016926263,319.80383,-35.703604254720645,0.01736054,-14.531584423479869,0.013124559,12.438365,12.9458,11.780321,1.1654787,0.50743484,0.65804386,4070.5085,33.594986,0.6067179,0.9519966,0.051521737,3.4510875,202.38383115580655,32.69788220040428,1,0.5521441053350175,True
666026419751609344,129.63933907768,0.10275597,22.676305328099577,0.0658685,5.690573304879689,0.11957847,47.588608,-37.42877738350677,0.11357713,-15.685272525347614,0.08164651,17.797615,19.526304,16.537897,2.9884071,1.7286892,1.259718,1081.9011,,,1.00303,0.0,0.0,202.3731362494628,33.078754938884614,1,0.20776325340582305,True
666165374825632000,130.25462168373784,0.04744867,23.296874637240137,0.020995596,5.447312693109073,0.05831435,93.4129,-24.66498026309563,0.0451913,-24.127701313502243,0.04416366,15.756835,17.01337,14.6465025,2.366868,1.2565355,1.1103325,2575.643,,,1.009371,0.0,0.0,201.8796235544795,33.81112852312773,-1,0.0,False
666418709176266112,129.36584807927576,0.05768692,23.683503529696264,0.039669957,3.6935801743924026,0.068472944,53.942184,-33.83363921092675,0.065493554,-17.6144565077314,0.048136253,16.831781,18.177015,15.67457,2.5024452,1.3452339,1.1572113,1336.9196,,,0.93530405,0.0,0.0,201.1370494222761,33.15513952862134,-1,0.0,False
609579421217877376,131.2352713971854,0.16753247,15.00928171658084,0.08141741,3.1572973411065317,0.19388588,16.284307,-34.39463397865187,0.20891766,-15.579344436954536,0.15302715,18.364655,20.10161,17.109154,2.9924564,1.7369556,1.2555008,644.3592,,,0.98987615,0.0,0.0,211.5048702460102,31.77787963629956,-1,0.0,False
609590274599033344,131.01499451355895,0.19270638,15.088105020887957,0.09866255,4.220358068225232,0.24187852,17.448254,-33.66010051695255,0.23906463,-9.21363709851548,0.1711508,18.682343,20.413809,17.39663,3.0171795,1.7314663,1.2857132,584.98706,,,1.0015647,0.0,0.0,211.32228847716576,31.61256103858036,-1,0.0,False
609612711508756864,130.4423134884918,0.123331405,15.041600008433326,0.057892244,3.333801905856116,0.14300726,23.312117,-45.413177393393944,0.1555775,0.7908432303673677,0.11135315,18.026411,19.603996,16.8029,2.801096,1.5775852,1.2235107,919.46985,,,1.0347731,0.31130725,1.2984219,211.1205880264124,31.08502030025308,-1,0.0,False
609835229470198144,132.72367255388357,0.013953353,15.38425223450662,0.007046597,5.415386325651035,0.016547218,327.26868,-38.08438047058594,0.017427996,-13.298821326219551,0.011364542,10.461052,10.771523,9.9850235,0.7865,0.31047153,0.47602844,7500.6772,24.434017,0.24934211,0.9432255,0.07540111,8.509187,211.75439030553903,33.24737934121901,1,0.3958479188707643,True
610073819197377152,131.80532491271092,0.22817624,16.04062931922462,0.12909554,4.211555116492402,0.30285716,13.906077,-23.141013393597845,0.31865522,-10.224864515674078,0.24408005,18.893665,20.68651,17.629705,3.0568047,1.7928448,1.2639599,500.27747,,,0.9683746,0.59098923,1.4786358,210.6287760209897,32.681285046240234,-1,0.0,False
611422542007614720,133.66825079666637,0.13888255,16.346606525872367,0.06547796,3.943450019458067,0.15934719,24.747534,-39.49681886580333,0.1779786,-14.400561073846015,0.12406654,18.183092,19.817148,16.93705,2.8800983,1.6340561,1.2460423,802.70087,,,1.0295732,0.0,1.778094e-15,211.09845608426815,34.453580631788824,-1,0.0,False
611440031120164480,133.10723744409515,0.0803028,16.205327194675757,0.039982032,5.631574687973291,0.105653636,53.30223,-22.781052132845463,0.10728843,-11.925313429279646,0.069242805,17.213078,18.66664,15.937056,2.7295837,1.4535618,1.276022,877.7761,,,1.0556581,0.1299936,0.5313854,211.01199109313723,33.90144226155552,-1,0.0,False
677972785380841984,127.60746474559002,0.13819629,23.162110134488714,0.095964685,3.3872501176987377,0.16730888,20.245487,-34.75973176571715,0.17799613,-23.883055346573183,0.13790062,18.195822,19.685558,16.997671,2.6878872,1.4897366,1.1981506,670.1125,,,1.0532137,0.3302422,0.97938883,201.12337489964997,31.45955842045402,-1,0.0,False
685979429054822016,132.79356139752304,0.2763267,21.78484538436398,0.14167286,5.766653567135466,0.3018057,19.107172,-39.15597735402474,0.3800509,-13.428922820305672,0.30117705,19.14235,21.06708,17.774996,3.2920837,1.9247303,1.3673534,404.25235,,,0.9149659,0.4554963,0.58103085,204.51955993215128,35.564311062314054,1,0.30818634092049535,True
611842211851640192,133.79071965878535,0.013836773,17.56930198728777,0.006400094,4.429384180203423,0.016161172,274.07568,-31.404581720221543,0.018355174,-16.40960550427308,0.013199073,12.683664,13.144027,12.0652485,1.0787783,0.46036243,0.61841583,5555.631,24.506233,1.3011158,0.97064584,0.048255116,3.1614068,209.76796285962175,35.01321410481688,-1,0.0,False
656303683237508736,125.7480389499248,0.030176302,17.509313601051318,0.01932066,6.191653919496119,0.036464557,169.79922,-44.38884969923879,0.03208442,-10.109922990856235,0.024466503,15.25676,16.432922,14.179083,2.2538395,1.1761627,1.0776768,2791.0735,21.521418,5.1871357,1.1024215,0.08217623,1.4318277,206.5267186539315,27.859287789455205,-1,0.0,False
656379446460361088,125.26724336421364,0.01652384,17.92121887191057,0.011913105,4.032041916435687,0.020026172,201.33862,-25.169876274842572,0.020115113,-11.551308971411732,0.014648815,12.878774,13.369943,12.235723,1.1342201,0.49116898,0.64305115,2572.0496,46.29755,1.0778847,1.1851381,0.11649625,14.707837,205.90202474494467,27.587921093839537,3,0.8831719504761546,False
657684734264611968,129.92996853077722,0.01286322,15.326946635014584,0.0085831275,3.1262507563819,0.015063152,207.54294,-33.3920377787702,0.01564842,-4.298982224975709,0.0114219105,12.007283,12.358035,11.495905,0.86213017,0.35075188,0.5113783,5282.2188,61.130035,1.3826222,0.87855524,0.040258512,2.126643,210.59035053349663,30.740111969586614,-1,0.0,False
657747990542414592,129.95433471822872,0.3285163,15.682311622999466,0.22447345,5.512216165135534,0.43750802,12.59912,-34.47180493794141,0.45841435,-9.262733588903478,0.30448166,19.28626,20.915556,17.950281,2.9652748,1.6292953,1.3359795,266.48065,,,0.97022146,0.6715662,1.0817448,210.21907716752472,30.898775244047684,1,0.14708849247629552,True
657862820788347392,128.96014038804856,0.21860889,15.704433304181263,0.14871521,3.67294939817068,0.27275425,13.466148,-33.19536819004932,0.26443613,-8.876144602245782,0.18925314,19.158257,20.770224,17.929296,2.8409271,1.6119671,1.22896,432.60583,,,0.94346046,0.0,0.0,209.7687108454716,30.023619828881426,-1,0.0,False
657994143708820736,129.9940982824247,0.13546659,16.296178962915047,0.09428274,5.307627079533351,0.15942311,33.292706,-36.15490054534557,0.14903589,-9.948106843793964,0.11571866,18.22177,20.222809,16.928389,3.2944202,2.0010395,1.2933807,530.14545,,,0.95170784,0.0,2.320623e-15,209.57375302642257,31.16809882619045,1,0.2292267178737816,True
658211267190807680,130.99384629575522,0.020736707,16.76248869461489,0.009796013,3.035113235880569,0.023949016,126.73228,-22.30606863409593,0.027251204,-16.55140878034921,0.020878335,13.650113,14.165514,12.976033,1.1894808,0.5154009,0.6740799,6236.1694,5.835509,1.6200035,1.334995,0.09384277,6.41753,209.48910092147224,32.231509642437786,2,1.0,False
658302110047850496,131.21187502005327,0.15544328,16.75537558448557,0.079490066,5.1138539657307245,0.18598703,27.495756,-33.731916943830825,0.17382008,-9.521843453559336,0.12756683,18.388159,20.217613,17.090723,3.1268902,1.8294544,1.2974358,747.85376,,,1.0020324,0.0,0.0,209.58906158345863,32.422559372343606,1,0.19637973926950728,True
658451574905218816,130.003964609139,0.14190581,16.92662174410948,0.08961888,3.00844179607214,0.16868351,17.83483,-24.3781584370643,0.18309066,-9.19560499182672,0.13663393,18.08747,19.570934,16.930311,2.640623,1.4834652,1.1571579,632.7301,,,1.0360104,0.20946848,0.37106484,208.8941413067659,31.413601168417873,3,0.8423039606966432,False
658628905514597376,131.04967788916198,0.016469914,17.902133857081196,0.0075874403,5.31650205198934,0.019197967,276.93048,-35.775659645124264,0.01956483,-11.39931433571357,0.014075437,9.819591,10.052826,9.432242,0.62058353,0.23323536,0.38734818,6262.107,34.179264,0.3360836,1.0765786,0.09788358,14.85259,208.2561206944034,32.699988777554715,1,0.651583972819074,True
658741747192099328,127.54397257615464,0.043239042,16.288455806468534,0.03185615,4.5468554507362136,0.05257394,86.48496,-28.298603620727775,0.05196115,-6.120103386544253,0.03777969,15.837946,16.75929,14.472614,2.2866764,0.92134476,1.3653316,1046.4198,,,0.99704576,0.24840343,6.676567,208.54991037428405,28.989587989038416,-1,0.0,False
659016350219691776,127.17333670399674,0.24200748,17.008104989409148,0.16268726,4.80686984268637,0.30693778,15.66073,-34.17957356803585,0.2626338,-9.75547611733305,0.19153237,18.909481,,,,,,354.8001,,,0.94126916,0.5265772,0.83584005,207.6349825100584,28.933270815867814,1,0.15269155566938383,True
659364448730632448,130.25720848830318,0.09829189,17.81426851122608,0.05622877,5.102149144866173,0.1147484,44.463795,-35.14933503795577,0.11413632,-11.404158227006343,0.088979274,17.527008,19.26234,16.27962,2.9827213,1.7353325,1.2473888,1072.6167,,,1.0821552,0.37125108,2.742791,208.0289321369292,31.96526515519056,1,0.30897285317443524,True
659416705596732032,130.4262573796014,0.20338354,18.213287067348816,0.09691714,5.05593120846834,0.23115924,21.87207,-37.42726968556099,0.23906967,-11.624433797521691,0.17126669,18.588787,20.561338,17.286379,3.2749596,1.9725513,1.3024082,560.8208,,,1.0135304,0.25570154,0.36043194,207.65849866020923,32.259570604179856,1,0.2440259131595599,True
659514360269333120,128.50510299348448,0.020858457,17.81108239843464,0.012451844,4.9219868570930565,0.025056405,196.43626,-27.50356478134229,0.023629481,-13.41130577245486,0.016384467,8.966203,9.187294,8.586229,0.6010647,0.22109127,0.3799734,4692.2095,15.518231,14.911645,1.0886332,0.1087502,13.19627,207.31991817798817,30.41131950925957,-1,0.0,False
659550884671134336,128.94659363229448,0.06709147,18.141584220630204,0.04881913,5.4722602320303775,0.07608798,71.920166,-36.85837493515656,0.07445653,-12.385547132351114,0.055003546,16.525005,18.078415,15.295356,2.7830591,1.5534096,1.2296495,471.48428,,,1.1773494,0.26197395,3.176064,207.14033874236884,30.922905732472692,1,0.6403353684188906,True
659561604909477632,129.09743818527716,0.028432988,18.40578964248189,0.018264776,5.279177539194327,0.03356264,157.29326,-34.46869428228296,0.031914335,-11.872407000766284,0.023732591,15.156292,16.288668,14.102225,2.1864424,1.1323757,1.0540667,2149.4263,37.76758,5.2972574,1.0169986,0.0,0.0,206.9133386013208,31.152014955186345,1,0.6190782403002235,True
659574111854224896,128.30794996457533,0.035693917,18.130218301322852,0.023476275,3.5809536060103904,0.040939473,87.46946,-46.580150927506565,0.045337055,-20.90517581303552,0.029554984,15.499012,16.437008,14.536422,1.9005861,0.9379959,0.9625902,2645.8916,,,0.99525225,0.0,0.0,206.8961165443607,30.353412349915633,-1,0.0,False
659674197475355392,129.8305486363007,0.26003712,18.639544611506107,0.17512222,4.818472425062382,0.3108515,15.500882,-37.99670914331888,0.29569298,-13.311738533718296,0.21643192,19.025984,21.007944,17.692951,3.314993,1.9819603,1.3330326,423.12192,,,1.0673293,0.95841944,2.7180145,206.9498326382374,31.88473806065724,1,0.15396047935688845,True
659742367196651392,129.38410920094157,0.03737073,18.883925463190145,0.026415534,5.319872697713145,0.04511184,117.926315,-34.19913430785426,0.04644972,-12.648659041921125,0.03122209,15.454876,16.68656,14.357552,2.329008,1.2316837,1.0973244,1667.0345,46.09068,6.5393143,1.012157,0.070768304,0.69546455,206.50433046211677,31.57678034738851,1,0.6981968499529614,True
659862939815527936,131.89357326128152,0.06073735,17.630635676893203,0.035153653,6.5745770977085645,0.06895945,95.33976,-36.69811697535282,0.07951057,-21.186416388131043,0.06723181,16.37857,17.82086,15.20361,2.6172495,1.4422894,1.1749601,1555.8984,,,1.0559243,0.31970027,7.720508,208.9056455161162,33.35037234848738,-1,0.0,False
660220963992284032,132.0605044897164,0.015732894,18.559173257633383,0.008639744,4.212132749039027,0.018558295,226.96765,-22.967968673283103,0.019874213,-17.020220615966284,0.015000867,11.702161,12.0168705,11.22089,0.79598045,0.31470966,0.4812708,4533.2715,32.59399,0.41061464,1.0222654,0.107088685,18.692066,207.93354673379136,33.831674739139245,-1,0.0,False
660298621296880256,131.92399653650926,0.051151782,18.94125340216846,0.028023716,5.468461668341258,0.05693299,96.05084,-38.79703293505938,0.06164402,-12.814209119418514,0.046667304,16.33651,17.866945,15.119685,2.74726,1.5304356,1.2168245,1206.2887,,,1.1639647,0.22647843,4.06854,207.44821043491368,33.84524735598984,1,0.3265491587602126,True
660302538307005312,131.77167982015231,0.1728115,19.036023539420604,0.08142929,5.225513698902182,0.19813414,26.373615,-36.96414290130062,0.22803727,-11.697437367145543,0.14700559,18.479053,20.399586,17.151787,3.247799,1.9205322,1.3272667,636.68744,,,1.0351962,0.21678603,0.3228176,207.28073188222172,33.74349240303708,1,0.3716671424868774,True
660317068180478336,132.49723155494135,0.05656243,19.16688666831672,0.03201975,5.310222309810746,0.06916936,76.77131,-37.0404661931912,0.073390186,-12.07229916937252,0.054190863,16.84558,18.554712,15.599005,2.9557076,1.7091331,1.2465744,1240.0616,,,0.9788137,0.0,0.0,207.42095511647912,34.43174397568612,1,0.5840736666728497,True
660369363702444544,133.67816810692065,0.13452634,18.661855053519716,0.07054365,4.289094480622158,0.15616633,27.464912,-45.96386539023737,0.16494955,-10.318402552894032,0.13221766,18.154442,19.751604,16.923777,2.8278275,1.5971622,1.2306652,794.43646,,,1.044349,0.03738319,0.015150948,208.4727230936472,35.302642698156404,-1,0.0,False
660437434639844864,133.21992794515373,0.18337844,18.889498409459744,0.10118595,6.069181301577019,0.2075886,29.236584,-35.49576568035415,0.22125882,-4.3454084663306345,0.16185616,18.702244,20.546783,17.401802,3.1449814,1.8445396,1.3004417,577.85443,,,1.026545,0.68932474,2.7079494,208.02640119172293,34.97577806561715,-1,0.0,False
660444134788875136,133.22827867957378,0.012957001,19.05675925141866,0.007052678,4.357132109874161,0.015275342,285.23956,-25.451807343616338,0.016175637,-23.33238700705374,0.012529287,10.702263,11.011463,10.227631,0.78383255,0.3092003,0.47463226,8448.992,61.57587,0.2664299,0.93947923,0.061819505,5.6275487,207.83830150709696,35.0413692567896,-1,0.0,False
660663934035623424,133.22382289916305,0.06327043,19.35906114732955,0.033779923,3.288181682665488,0.07297075,45.06164,-21.34737446686301,0.073808216,-2.530690698756521,0.059393514,16.90784,18.287317,15.759573,2.5277443,1.3794765,1.1482677,1684.9835,,,1.0098463,0.0,0.0,207.48980015034616,35.14182080804124,-1,0.0,False
660950593036567296,131.33755057078673,0.18136872,18.825694190925827,0.08216174,5.649636637345139,0.23320438,24.226118,-37.62401941490525,0.23873185,-12.305358899806004,0.15701911,18.395987,20.253073,17.108719,3.1443539,1.8570862,1.2872677,640.4128,,,1.0260016,0.2214251,0.38357636,207.34404768307667,33.285144500647775,1,0.388569877810334,True
660974065034105344,130.4385807648212,0.02093716,18.582884547148616,0.009656686,4.01692524019984,0.028522864,140.83176,-24.9332321403773,0.031051481,-17.545807452951088,0.02258765,14.149342,14.861328,13.332912,1.5284157,0.71198654,0.81642914,5696.268,83.764084,2.3090715,1.0160731,0.0,0.0,207.25506820580884,32.40287260816776,-1,0.0,False
660981349298550272,130.3985437308422,0.051099073,18.74299626142348,0.022477932,5.390217030998223,0.069077715,78.0312,-36.278669481798296,0.07278589,-11.944347017691022,0.054273132,15.955235,17.365757,14.786623,2.579134,1.4105225,1.1686115,1270.6888,,,1.0484705,0.10399037,1.0991521,207.06182753562567,32.4243650695395,1,0.8552062577622017,True
661017216569202432,130.8159386450233,0.078349106,19.109137287318912,0.033611402,5.18247370067193,0.08802853,58.87266,-36.16622253144149,0.093765065,-12.729491041354098,0.06302768,17.237532,18.945919,15.992115,2.953804,1.7083874,1.2454166,1191.6376,,,1.0119792,0.09233719,0.31564265,206.82027410869657,32.92296965497252,1,0.4663530908264331,True
661079652509975936,131.8306371496051,0.06865271,19.214404467544263,0.037532307,5.554425817136493,0.075397335,73.668724,-37.72324994101439,0.08174728,-11.766879909380783,0.061205316,17.080803,18.76598,15.819705,2.9462748,1.6851768,1.2610979,741.63684,,,0.9584676,0.0,0.0,207.10290658340807,33.85789073939085,1,0.46254996688005795,True
661179158312129024,131.59935198275886,0.053504158,19.967786507347387,0.027527735,5.3251300268979715,0.058389746,91.199745,-37.154723948455874,0.068422474,-13.29524609289144,0.052842166,16.39047,17.910862,15.181045,2.7298174,1.5203915,1.2094259,954.0371,,,0.96977615,0.0,0.0,206.16048045362888,33.91245689446899,1,0.5274869659616758,True
661239390935360512,130.2800171497586,0.013853763,19.446861707718575,0.0072169737,5.51018254205024,0.018202841,302.71002,-38.01966977200048,0.01885464,-12.074203057123215,0.01126734,12.170433,12.638067,11.545835,1.0922327,0.4676342,0.6245985,3549.2764,35.69028,0.6720754,0.9614813,0.058226533,4.5579534,206.23389263573696,32.56699093564664,1,0.5052245833329788,True
661259040408504064,129.8153709353128,0.15756601,19.333992596762094,0.10340692,5.535455592394356,0.18802677,29.43972,-34.64266453944191,0.17821425,-12.52150623870912,0.13970514,18.26104,20.049427,16.952328,3.0970993,1.7883873,1.308712,588.1654,,,0.99618715,0.192932,0.2689644,206.177868256992,32.11688263716328,1,0.40557464460952214,True
661260212933886464,129.71238077868193,0.12949644,19.30913644862786,0.08330589,5.439219468547732,0.15166913,35.8624,-35.726403917536416,0.14335564,-12.846544230392816,0.10249433,17.89679,,,,,,471.88513,,,0.9781863,0.3839807,1.7685579,206.16513655304976,32.01714699520452,1,1.0,True
661268940310277888,129.85390844632494,0.0205033,19.459287719606724,0.012176811,5.3890364338391805,0.028133871,191.54976,-35.01254366746589,0.02649862,-12.781415134378763,0.018115424,10.330844,10.630808,9.86649,0.7643175,0.29996395,0.46435356,2322.1353,32.240353,6.187296,0.97615886,0.10541076,12.12491,206.05422701644665,32.19474997577783,1,0.9887895551107911,True
661269043386545536,129.86892844592822,0.021760445,19.473594513562976,0.013306789,5.4193228558734745,0.028739156,188.56932,-35.755698562002465,0.027282815,-12.47731493810403,0.018016871,11.37276,11.831926,10.759586,1.07234,0.45916653,0.6131735,2002.0309,35.58327,2.9603837,0.977609,0.13191935,20.8617,206.04422173997804,32.213013494178234,1,0.9727069148195103,True
661278767195471360,129.47854139696375,0.07966027,19.485970131324056,0.043297395,5.385875331216452,0.08866064,60.747086,-35.2339639762643,0.08276574,-12.351150781281714,0.055066254,16.681013,18.273724,15.461262,2.8124619,1.5927105,1.2197514,879.13916,,,1.0392988,0.067369275,0.17225538,205.87892089493397,31.872463306166875,1,1.0,True
661283573261540608,129.74290899200307,0.017352695,19.6137197523348,0.00967914,4.615614241747847,0.02162366,213.45203,-27.92440100133996,0.022298407,-13.951847566339003,0.014134046,13.366011,13.989724,12.615616,1.3741083,0.6237135,0.7503948,5230.262,31.567846,1.7749076,0.9072543,0.0,0.0,205.84015366810465,32.15049854099557,-1,0.0,False
661290758744228224,130.07523317524996,0.026240671,19.53193603950714,0.019056825,5.410258093181366,0.030780256,175.7704,-36.250804768067944,0.031061633,-12.118188328434927,0.02313894,7.51539,7.576736,7.378975,0.19776106,0.061346054,0.136415,2862.5107,33.128746,0.23324512,0.89385337,0.16928194,18.086523,206.0596727487391,32.41562406432141,1,0.9301935183153911,True
661306907821119488,130.23194415156385,0.01307032,19.864490046438004,0.0075953,3.508145782824239,0.014579582,240.62045,-27.618853323119225,0.016053049,-4.154644263116561,0.010639558,12.389651,12.770959,11.845551,0.92540836,0.3813076,0.54410076,3830.9375,37.801933,1.6522046,0.933992,0.052362178,3.4288967,205.75012670575563,32.66913550861668,-1,0.0,False
661313367453547904,129.77115070811422,0.08875716,19.757297960112172,0.058256775,5.352428111742943,0.11968196,44.722095,-37.01336349142027,0.117340624,-12.67201649157008,0.08258979,17.064358,18.716148,15.820868,2.8952808,1.6517906,1.2434902,801.1275,,,1.0041564,0.4277122,5.6061935,205.6919491767379,32.22526507146929,1,0.6537805089040738,True
661313569312788096,129.7788232049725,0.1630045,19.7855175503413,0.115078285,5.340546129880075,0.2171972,24.588467,-34.99211673783128,0.21548168,-12.015953803137744,0.14811222,18.489721,20.450928,17.166388,3.2845402,1.9612064,1.3233337,385.6202,,,0.95378083,0.0,0.0,205.66360557781223,32.24180776916863,1,0.6936445452173591,True
661317250102374528,130.13186156025472,0.018243004,19.850226601844778,0.011295317,5.418012762356368,0.020465555,264.73813,-34.85522313131463,0.021853132,-12.301051320429094,0.0143762,11.427479,11.80335,10.892189,0.9111614,0.37587166,0.53528976,1688.7891,34.961674,0.38708574,1.0186185,0.1248035,20.7358,205.72752827076584,32.57585113720853,1,0.7605887399687861,True
661319552204833024,130.23705952593772,0.019792458,19.934796232239023,0.0110569075,5.405469813822776,0.021550376,250.8295,-35.793764522902265,0.022705387,-13.137845381527685,0.015493811,8.654234,8.7974825,8.390786,0.40669632,0.14324856,0.26344776,4468.459,35.18615,0.3935867,0.88735795,0.10026561,9.932114,205.67365558709977,32.69783179831301,1,0.9690936836777794,True
661322060465742336,130.04755306468903,0.0363008,19.971074389320258,0.02494077,5.378440904619187,0.04169239,129.00294,-35.154365209678474,0.042232867,-13.462606199818818,0.03188663,6.5987887,6.592861,6.5722966,0.020564556,-0.0059275627,0.026492119,3448.6663,33.193996,0.15139236,0.9875936,0.27317953,68.62856,205.56053748489344,32.54301105233439,1,0.7575101013937962,True
661325393360354688,130.0631680411406,0.065210715,20.087152329300128,0.04517459,5.525359351104553,0.08079709,68.38562,-36.0201383899316,0.0784099,-13.362356363318398,0.057332467,16.74929,18.566378,15.463206,3.1031713,1.8170872,1.2860842,1217.1233,,,1.0780414,0.25717792,2.9008307,205.43712778323535,32.5966108500889,1,0.6725613867498562,True
661353224747228544,130.71767943361036,0.049497653,19.862701529671103,0.023608845,5.442199621075023,0.058040634,93.76534,-37.18566666681237,0.066819504,-11.046057104435,0.06383502,15.8287115,17.255033,14.654721,2.6003122,1.426322,1.1739902,1756.0426,,,1.2756537,0.23522736,7.740932,205.93913137179896,33.09751602938004,1,0.38025286338178726,True
661363803250481536,131.26339148617518,0.113436505,19.95716840088617,0.050469298,3.449489160143949,0.12102454,28.502394,-27.048327787689672,0.1421023,-12.7512777393743,0.08708488,17.744854,19.268745,16.521925,2.7468204,1.5238914,1.222929,934.8154,,,1.0713785,0.26894358,1.3114151,206.0430662682099,33.61196015540096,3,0.8282787425678746,False
661402084295115904,130.3582623861719,0.07635398,19.987460243395883,0.033599176,5.393842431287994,0.08012407,67.31863,-37.12834387863997,0.08387573,-13.425928670112349,0.054565094,16.831366,18.426643,15.603331,2.8233128,1.5952778,1.228035,850.7287,,,1.0167531,0.09296674,0.3631584,205.66132315293487,32.822908003223,1,0.6518439047624688,True
661412495295816960,130.58987771731606,0.022216283,20.181591600009614,0.009500346,5.433185374510541,0.027021062,201.07225,-37.71423843453134,0.028141716,-14.338563545333766,0.019276708,9.132437,9.320239,8.800689,0.5195503,0.18780231,0.331748,7195.1265,,,1.1312207,0.13564625,25.58387,205.53242010490783,33.093662691648724,1,0.5228401849972318,True
661466474444465408,132.17163646799952,0.08230715,19.497530803886622,0.043509435,3.0350235942135932,0.0968312,31.343447,-33.6914790418695,0.09932346,-9.376902288482768,0.07448928,17.307287,18.589241,16.188265,2.4009762,1.2819538,1.1190224,1232.1321,,,1.0327997,0.20868117,1.2123365,206.9165783012633,34.25768830138173,-1,0.0,False
661504506378724224,132.6503375787041,0.15640646,19.95180066840318,0.082453184,5.861239391784329,0.18626888,31.46655,-39.8672379477575,0.19471359,-13.111180099460409,0.13714325,18.392082,20.196522,17.090338,3.106184,1.8044395,1.3017445,709.2598,,,1.0980295,0.49649137,2.0087323,206.58485184004775,34.83627175791742,1,0.23761092587516744,True
661796224853640448,131.95610555131358,0.016888957,20.694416635277936,0.008851546,3.4016048763092432,0.019559376,173.91173,-25.644441133462784,0.021534495,-12.08497370206018,0.014651039,13.852284,14.410016,13.150025,1.2599907,0.5577316,0.70225906,4915.6357,36.11577,2.3743303,0.9854625,0.0,2.0072108e-15,205.4690662968644,34.47176541275209,3,1.0,False
662017669071110400,131.9176517289252,0.13988775,21.723542502437585,0.07917559,6.466051831439035,0.1912886,33.8026,-43.80298138083207,0.2056106,-16.924395093563874,0.17815915,18.038982,19.925058,16.714579,3.2104797,1.886076,1.3244038,744.3772,,,0.971389,0.0,0.0,204.2727478949788,34.77381641822394,-1,0.0,False
662024850256455296,132.09060971461372,0.073577546,21.81402155873225,0.034307387,3.215765752837851,0.09153048,35.133278,-23.48934639104757,0.09160187,-8.691113802739324,0.06444723,17.025028,18.157236,15.972682,2.184554,1.1322079,1.0523462,1552.4734,,,0.9634641,0.0,0.0,204.2309627917522,34.95495466441568,3,0.9748996282959816,False
662058905054743424,126.59981267486862,0.01214513,17.401442061555244,0.008099687,6.051257958034079,0.013883526,435.85886,-25.83163163895676,0.014211813,-17.40990362348551,0.010465537,12.537816,13.127288,11.813965,1.313323,0.5894718,0.7238512,6715.9346,35.356606,0.48224205,1.0148474,0.04832195,3.4083047,206.98490805786244,28.57263771530428,-1,0.0,False
662260832944314112,126.8994775589212,0.22166401,18.222750407863455,0.14796938,3.0688540651054423,0.25392947,12.085459,-34.64225034992617,0.25936046,1.065494098883474,0.20036069,18.83885,20.569118,17.626453,2.942665,1.7302685,1.2123966,564.23914,,,1.0099534,0.49332336,1.2413279,206.23407198619933,29.141416489459736,-1,0.0,False
662538498282258176,126.3170724867345,0.21993424,18.91082811722541,0.13733721,5.6386429599008885,0.2500782,22.547518,-32.63902046238675,0.2639221,-11.513786335000807,0.18612692,18.720665,20.71102,17.36667,3.344349,1.9903545,1.3539944,498.62598,,,1.0393423,0.5997723,1.6304469,205.2715380706306,28.877457121259308,1,0.15343159145210344,True
662699817253966848,127.96182543376928,0.087243214,18.983936318161582,0.06163372,6.412031489654236,0.10653509,60.187035,-41.74845958530689,0.10570298,-1.9189521352290089,0.082661904,17.237143,18.799807,16.015423,2.7843838,1.562664,1.2217197,1169.5079,,,1.0187782,0.17068335,0.74062294,205.83621626355753,30.35541792742262,-1,0.0,False
662702703472546816,127.92197168302548,0.042944435,18.987636646557043,0.022677045,3.3948152698538836,0.042005196,80.81894,-23.27233159152455,0.053287342,-19.01356756206065,0.033985242,5.965887,6.7446156,5.103109,1.6415067,0.7787285,0.8627782,3470.221,15.340579,0.1317472,1.1117729,0.1962825,52.231915,205.81660704216512,30.321543370358818,2,0.999091177836992,False
662849209099669120,128.83041954916692,0.08773408,19.76139116438489,0.06560679,4.9862137469853876,0.12727603,39.176376,-34.85821418276966,0.11253862,-12.51288558080125,0.07020747,17.279615,18.9963,16.03195,2.9643497,1.7166843,1.2476654,917.2022,,,0.97771794,0.0,0.0,205.3255631682692,31.396465755080673,1,0.35825186161991207,True
662919371685577600,127.82040382314813,0.15483932,19.429104645053933,0.094869055,3.5219147737278864,0.18012688,19.55241,-27.003346740627777,0.17640601,-12.763133491112574,0.12850896,18.449326,19.973703,17.259655,2.7140484,1.5243778,1.1896706,765.6764,,,1.0295385,0.0,0.0,205.2989112303654,30.38885608735608,3,0.8441722019306933,False
663055371825360000,128.16428529443505,0.018339474,19.956144924248488,0.0116873495,4.908926999455004,0.020751419,236.55862,-33.717573288111495,0.022126032,-13.351014587073452,0.01587473,12.0217,12.394582,11.476554,0.9180279,0.3728819,0.545146,4825.3906,9.497384,0.52883387,1.2112697,0.105178215,15.77627,204.857377369785,30.87697647210619,1,0.19544079441795742,True
663074334105710336,128.18410536150378,0.46406987,20.17136293356206,0.3164402,5.390196916774016,0.49544957,10.879405,-34.2213892767931,0.60614824,-12.867656307143854,0.49821785,19.845118,21.246046,18.456553,2.7894936,1.4009285,1.3885651,307.74554,,,1.1270773,1.7987812,3.8664114,204.6296285405974,30.969137006771476,1,0.7050648527847108,True
663701090093413760,125.050458775321,0.2276063,20.33395645474879,0.14602001,6.022407629461828,0.28932688,20.815239,-26.708842055471138,0.24807158,-3.011136740001034,0.19235733,18.668573,20.662384,17.349646,3.3127384,1.9938107,1.3189278,527.97296,,,1.0897744,0.68361217,2.29326,203.272722273174,28.27129762170155,-1,0.0,False
663800973852416000,126.43093318681412,0.17503683,20.143230256897365,0.11320539,4.474404218223025,0.22672857,19.734629,-47.97779198580584,0.20306727,-17.96351285402724,0.14318535,18.604052,20.385584,17.330576,3.055008,1.7815323,1.2734756,513.4147,,,0.9679639,0.12965356,0.09641914,203.99673059716343,29.416661272042568,-1,0.0,False
664281494793527936,129.41944515706314,0.028466746,19.51836241643015,0.01803572,5.321969618575997,0.03395515,156.73528,-35.13959812863525,0.03292313,-12.634138047875968,0.022027647,8.210679,8.316782,7.9965906,0.32019138,0.10610294,0.21408844,2605.7495,36.03319,0.8365387,1.0443766,0.17847426,21.920168,205.82027229334935,31.831589452653116,1,0.8899228730479907,True
664328915529295232,130.00523332516343,0.013489911,20.13557012524279,0.009373338,5.417711230718467,0.015742246,344.1511,-35.78477663983209,0.015185955,-13.823968487366637,0.011356285,9.571775,9.786208,9.205545,0.5806627,0.21443272,0.36623,7290.9893,35.816986,0.41278455,0.7806612,0.05865746,3.9857547,205.3610412976676,32.562067023256326,1,0.9690936836777794,True
664363099173064448,129.3551128969942,0.26825842,20.109645828842694,0.16405305,5.916733450220391,0.307351,19.250738,-36.17001553201249,0.32392207,-12.677710730096354,0.19772027,18.985899,20.885838,17.619646,3.2661915,1.8999386,1.3662529,301.62778,,,0.97862625,0.0,0.0,205.1422248600328,31.97976690094103,1,0.2181396965892057,True
664409175581692288,129.1740777850248,0.01932313,20.41103935777181,0.010820941,5.275959360580877,0.020112492,262.3225,-34.36102684802846,0.022602603,-13.078512610500155,0.015384116,12.587242,13.10623,11.919379,1.1868505,0.51898766,0.6678629,1591.2496,36.083435,0.7796972,1.0071468,0.050960355,2.586427,204.73993570265452,31.923477449279854,1,0.6689208215096585,True
664422683254834304,130.13251110449846,0.018464008,20.20161082148135,0.0129099535,5.544484041660666,0.02161057,256.56354,-36.09777213227599,0.021399377,-13.734813521419213,0.016333167,11.339547,11.707273,10.812229,0.8950434,0.36772537,0.527318,1565.0044,35.135334,0.45237383,1.0484458,0.14304172,27.82268,205.3358079864991,32.69691382920255,1,0.6020803848543949,True
664431204469943808,130.3367863441263,0.03769079,20.34650123134202,0.020169009,5.182015642435832,0.043163106,120.056595,-34.89811054255398,0.0450099,-13.552461083971194,0.032259703,15.728292,16.993118,14.610549,2.3825693,1.2648258,1.1177435,2187.9802,,,1.0127223,0.0,0.0,205.25126194469203,32.9263961479734,1,0.45823630731211296,True
664482022522903808,130.29591842889354,0.017629202,20.832660999982096,0.009910113,5.503935302486265,0.018747801,293.57764,-28.63979974951441,0.02186266,-19.62295768064963,0.01605293,11.734575,12.117874,11.183664,0.9342098,0.38329887,0.55091095,2942.0867,35.150677,0.55430925,1.0686861,0.10344775,14.621852,204.69015702886549,33.05414293516973,-1,0.0,False
664512323515770496,129.62136381262283,0.23238409,20.721894772109337,0.16144073,4.732141772254182,0.2713552,17.43892,-45.44149920567771,0.2705346,-2.750674343870647,0.20734178,19.034718,20.70389,17.810535,2.8933544,1.6691723,1.2241821,366.49667,,,1.0695062,0.32895285,0.3007666,204.56236268897612,32.42289143047175,-1,0.0,False
664520294975172608,129.7356374326991,0.080315806,20.857663949687694,0.056333292,5.213863825359374,0.09447534,55.18757,-35.88681183182965,0.09548627,-14.00723825730494,0.06708441,17.250977,19.15188,15.956393,3.195487,1.9009037,1.2945833,743.03015,,,1.0508832,0.16651109,0.66438353,204.45339067615092,32.56917582829097,1,0.43376581819886373,True
664666534318192256,128.37813811073676,0.22824292,20.979723640930125,0.14794426,3.166270509161184,0.29631504,10.685487,-28.79909283230085,0.27264515,-16.945265220788844,0.19985005,19.18276,20.846846,17.962263,2.8845825,1.6640854,1.2204971,499.67056,,,0.94182825,0.0,0.0,203.8142953620215,31.41635213504634,-1,0.0,False
664708865516013952,129.25588763666522,0.15658066,20.896622608995106,0.109930575,5.519801660935713,0.20635393,26.749195,-34.96799368299996,0.18374653,-13.6896891720434,0.13118786,18.267986,20.281742,16.963041,3.3187008,2.0137558,1.304945,507.1467,,,0.9495284,0.0,0.0,204.2316045184444,32.160085954798305,1,0.587947087475185,True
664781360266992384,129.00428804838225,0.15353873,21.28643365225564,0.1009643,5.114182391374137,0.20698015,24.708565,-33.86469636882044,0.17601281,-14.04525810490669,0.13625796,18.377172,20.227705,17.071007,3.1566982,1.8505325,1.3061657,683.47577,,,1.0989326,0.6830913,4.080461,203.70512508076305,32.069461109465884,1,0.2655413052002745,True
665027101115553408,131.8988926239377,0.01642268,21.92676939415564,0.008926482,4.277543778711281,0.019170476,223.13185,-35.39403336979029,0.020150619,-7.768741471300004,0.015142752,11.917495,12.304576,11.3680935,0.9364824,0.38708115,0.5494013,4556.2827,16.014034,0.5778325,1.1774471,0.095569246,13.305351,204.0314799231515,34.8223166253584,-1,0.0,False
665141141087298688,130.22500666814034,0.17453393,21.75662922514568,0.10735551,5.52174865721604,0.20107454,27.4612,-37.85213898114152,0.21605058,-14.81543859380506,0.14873481,18.492636,19.875578,17.058323,2.817255,1.3829422,1.4343128,514.0191,,,0.9864883,0.7030698,2.9058738,203.62199752580497,33.296564030339916,1,0.3883848990243267,True
665194952734271872,130.3704894414627,0.018733852,22.268099883115298,0.008439057,3.802712812007149,0.020823661,182.61499,-37.00340173960549,0.019101258,-18.89939905140103,0.013954179,9.917103,10.181592,9.487484,0.694108,0.26448917,0.42961884,6078.4385,7.5549927,0.20814124,0.94633496,0.079823956,7.355035,203.09388847198443,33.58914317770846,-1,0.0,False
665335204889895168,131.15342277947158,0.34722972,22.91971808037556,0.17212829,4.393617800087068,0.40210128,10.926644,-45.53047470626342,0.40719748,-9.396012520468172,0.30663812,19.616056,21.325134,18.296387,3.0287476,1.7090778,1.3196697,341.1285,,,1.0455561,0.96256155,1.675472,202.62224325297265,34.48040223915863,-1,0.0,False
665417157162598144,128.09763610499456,0.013428327,20.995744288631585,0.00922533,5.468223232314791,0.01783199,306.65244,-35.213086881667834,0.016381836,-14.321696033189614,0.011632353,12.555542,13.083514,11.878293,1.2052212,0.5279722,0.67724895,3403.5264,36.340633,1.7446833,0.9945392,0.044540912,2.3633218,203.69295482252605,31.175325440662657,1,0.5658841165403323,True
665431927553215872,127.80815942617228,0.1312534,21.13740473981479,0.101013705,5.1391945343603815,0.15265425,33.665585,-34.43015796441988,0.15853737,-14.786646216218056,0.12876132,18.037142,19.827686,16.756327,3.0713596,1.7905445,1.2808151,720.8047,,,1.1020397,0.6520313,5.03791,203.43059894460836,30.969068885372412,1,0.22305924914363603,True
665458595007014912,128.44553115201748,0.019050598,21.440942550061983,0.012805344,5.444199888112784,0.020418188,266.63483,-34.58725820686801,0.02193504,-14.18944021359389,0.017027711,14.033426,14.906759,13.111095,1.7956638,0.873333,0.92233086,4134.5806,35.0139,2.1460392,1.008153,0.0,0.0,203.32938469324944,31.630389247028837,1,0.5291312037526431,True
665528306619671808,128.1395774414693,0.18876848,21.775695016768967,0.11759545,5.140954510217914,0.2090113,24.596539,-37.90469305323588,0.21402767,-16.778350482587847,0.15336584,18.51652,20.544966,17.170307,3.3746586,2.0284462,1.3462124,495.4654,,,0.9705593,0.03894852,0.009131283,202.84795774908045,31.473346686583593,-1,0.0,False
665890149026302080,128.13379113865986,0.12745835,22.761592611164,0.07150746,6.866261601811165,0.13878202,49.47515,-24.46776555803764,0.154659,-9.816828595095316,0.09179756,16.86277,,,,,,820.1627,,,1.1540432,0.45241156,6.995167,201.7514170325532,31.79014461052607,-1,0.0,False
666479074939798912,129.16738191166047,0.3082693,24.048600032651663,0.21859322,4.31642513920202,0.37545252,11.496593,-34.46564545969011,0.3549132,-19.08063021489613,0.2745076,19.478523,20.83316,18.165642,2.6675186,1.3546371,1.3128815,373.6802,,,1.0389293,1.1579121,2.3358796,200.6556477945912,33.0943615493782,-1,0.0,False
676263049100512256,125.71524784198384,0.034013882,21.6694606060408,0.022878531,5.2849911079385015,0.03994238,132.31537,-31.6904920803091,0.03810943,-14.31108744075086,0.02640619,15.665962,16.886492,14.527777,2.358715,1.2205296,1.1381855,1445.9575,,,1.0936838,0.085284494,0.9827074,202.08829568910244,29.315988000424703,1,0.19367341734370747,True
676300501215269248,126.14179751152125,0.015119026,22.079482666820105,0.010893115,3.517257688866917,0.018033303,195.04233,-49.702393377939615,0.018452236,-27.337440921637096,0.013492354,13.86212,14.444804,13.142929,1.3018751,0.5826845,0.7191906,6149.3237,18.860655,3.170029,1.0115937,0.0,0.0,201.79790058074585,29.826884837456088,-1,0.0,False
677850228489429120,126.61880384112432,0.07457641,22.670517106766756,0.049493983,4.126499724798265,0.08368981,49.307076,-43.74951316663484,0.0908794,-11.9470655159103,0.063112624,17.05142,18.681372,15.606593,3.0747786,1.6299515,1.4448271,910.87427,,,1.0134808,0.10772997,0.36017022,201.32199572747305,30.438830362480505,-1,0.0,False
677929182873709184,126.42987579413058,0.13847597,23.13202484637544,0.08986579,3.1354877151260157,0.15635313,20.053886,-33.76581420822406,0.17599729,-0.1684354284446869,0.111711144,18.02451,19.296772,16.906792,2.3899803,1.2722626,1.1177177,723.76276,,,1.0733836,0.44530642,2.0820506,200.75018906922207,30.424718589755635,-1,0.0,False
684903973539512448,133.91282828800846,0.07441519,20.558776136134775,0.037878323,3.4188024173285916,0.08811291,38.800243,-38.8761501437405,0.08736574,-10.67313731618923,0.06425569,17.287613,18.629568,16.15036,2.479208,1.3419552,1.1372528,1491.5952,,,0.9888599,0.0,1.7377541e-15,206.367628484224,36.15534904431976,-1,0.0,False
685747814353991296,133.15932162704644,0.03705112,21.15501608272215,0.021709185,5.755964604817719,0.044800986,128.47853,-40.023619278122354,0.04677214,-14.043608675852743,0.036320154,15.838554,17.205297,14.684735,2.5205622,1.3667431,1.1538191,1726.7198,,,1.0576488,0.047835257,0.27821052,205.38780810814467,35.68452507273096,1,0.2733912900120798,True
689077891477481088,132.24699764379588,0.013337272,22.430865565441323,0.0072632427,3.195546135756201,0.016200727,197.2471,-45.99903783080177,0.015862195,-7.7501981624837075,0.011294944,13.078165,13.524845,12.47105,1.0537949,0.44668007,0.6071148,7701.454,48.012505,1.2370447,0.97020334,0.0,0.0,203.5713616380816,35.28724063654045,-1,0.0,False
689079295930859008,132.17997096729945,0.1672047,22.499647138046633,0.0818547,5.652304929711723,0.19192159,29.451115,-37.6206996320587,0.1930346,-14.394995221018949,0.13361867,18.483839,20.30991,17.18063,3.12928,1.8260708,1.3032093,698.99725,,,0.99156195,0.4757892,1.804307,203.46765677427192,35.24984519305017,1,0.4816878149149944,True
676256486390524288,126.13751338102044,0.0145675475,21.73936211704774,0.009887311,5.268459269382103,0.01603142,328.63333,-32.31136215707682,0.01801078,-14.748876894213367,0.012319033,9.847782,10.071961,9.47026,0.60170174,0.22417927,0.37752247,4940.128,37.03414,0.5559704,0.9573279,0.087614655,9.82087,202.1653839038366,29.708807771543,1,0.22989948941008514,True
677917607937780224,126.47642373218814,0.02036305,22.98112665687762,0.01359252,5.046232217802536,0.02291341,220.23053,-30.728063486224176,0.024475606,-14.929053848404898,0.017707953,14.113681,14.958532,13.210641,1.7478914,0.8448515,0.90303993,4237.9307,36.675697,2.5289586,1.2123488,0.072097026,2.4939933,200.93182234440417,30.416221035120383,-1,0.0,False
684889778671824896,134.50071499456033,0.15728828,20.85020184533121,0.08857273,4.218889322605816,0.1737409,24.28265,-22.63243559734899,0.19913995,-9.751046282781209,0.15969233,18.53471,20.226776,17.292625,2.9341507,1.6920662,1.2420845,661.7881,,,0.9562506,0.0,0.0,206.24863170977483,36.7703122192674,-1,0.0,False
684915758929739520,134.05455217649958,0.026744237,20.815033332337062,0.01212473,3.0722607197498446,0.031826872,96.530396,-37.15626135555753,0.03326723,-17.128610513208024,0.022871057,14.955374,15.738835,14.085427,1.653408,0.7834616,0.8699465,4089.2349,70.51379,4.379297,1.0589099,0.033558935,0.36110654,206.1212011875419,36.36454609117775,-1,0.0,False
685704418004472832,133.55937492855114,0.025957366,21.196690456354208,0.013162076,5.214031425857581,0.030879593,168.85039,-44.25808952161288,0.031639617,-15.638198002155017,0.02135887,15.011317,15.889127,14.035832,1.8532944,0.8778095,0.97548485,357.0667,54.776318,8.239091,1.0121111,0.0,0.0,205.487988078333,36.05100154694315,-1,0.0,False
686047667494821504,132.33887428293815,0.16199511,22.032428509255027,0.08268771,4.4161044587964104,0.17789865,24.82371,-35.31983061624713,0.18575636,-24.8170386243633,0.13125725,18.355719,20.19843,17.083492,3.1149368,1.8427105,1.2722263,609.764,,,1.0321273,0.5592769,2.9706547,204.06735858064917,35.24275290566011,-1,0.0,False
686078969216240512,132.6837746235416,0.012206725,22.261772197877345,0.006517477,3.7241708872915806,0.013879941,268.31317,-45.284723875892695,0.0145707475,-25.67587964022055,0.011660047,12.526741,12.948636,11.945189,1.0034466,0.42189503,0.58155155,5190.251,38.53589,0.8796377,0.9627573,0.022039106,0.63522077,203.92352904595907,35.61813815683253,-1,0.0,False
689145958119072640,131.70025270410213,0.044504724,22.738245280723813,0.024279127,3.140962331278235,0.058710158,53.49947,-29.95566260957356,0.058219645,-26.547315672877808,0.04061244,16.169744,17.376955,15.079965,2.2969904,1.2072105,1.0897799,1708.3445,,,1.0461023,0.04857454,0.21722993,203.022270722582,34.903203081079695,-1,0.0,False
690219115828686848,131.20222204505265,0.020702168,23.871372660719743,0.008684037,3.568172700310354,0.025516724,139.83662,-29.682568465641364,0.02203354,-15.00531161123156,0.017617358,13.911471,14.516179,13.171853,1.344326,0.6047077,0.7396183,7019.104,76.17477,1.6093857,1.0420889,0.0,0.0,201.53713943654225,34.813237954169985,-1,0.0,False
690538420877112832,129.87043276107818,0.22646491,24.51853779974752,0.17689809,3.0175997124515557,0.27653506,10.912177,-28.80048720967648,0.26657254,-0.1067734484444878,0.20579106,19.073881,20.672644,17.85844,2.8142033,1.5987625,1.2154408,417.36234,,,1.0746137,0.8322047,2.202092,200.35001292431463,33.84703846574943,-1,0.0,False
689364795293263232,131.42068355931573,0.047344167,23.17936872294603,0.023693128,5.713516972863386,0.057432853,99.48169,-21.78922024814085,0.05909058,-19.75244839387167,0.043279346,16.363777,17.784918,15.195318,2.5895996,1.4211407,1.1684589,1881.6921,,,0.97427344,0.0,0.0,202.41420208802248,34.79440613788916,-1,0.0,False
689405236705336448,131.2282638037539,0.016271425,23.138787431017544,0.007865541,4.494808114095202,0.020918565,214.87173,-27.036625508524743,0.019876698,-16.162490899713987,0.015901422,10.39306,10.641925,9.9838705,0.65805435,0.24886513,0.40918922,5553.947,28.669691,0.26094514,0.94308627,0.0819604,9.012325,202.39510845358896,34.61357758447692,-1,0.0,False
690348926919697408,131.4521360741863,0.25487617,24.45477954495628,0.113952875,3.056392341262909,0.27794123,10.996542,-24.89524298455065,0.28759074,-11.720958266201922,0.21030812,18.956333,20.607857,17.74203,2.8658276,1.6515236,1.214304,505.5395,,,1.0329527,0.4608632,0.82773423,200.9391341034733,35.20368301819519,3,0.8312712097982282,False
690474511763845376,130.31396659652427,0.057160765,24.40408884848613,0.035529647,6.463555163842772,0.07081259,91.276924,-38.17522333210816,0.07197764,-0.0485923474460774,0.062267434,16.606869,18.034264,15.440768,2.5934954,1.4273949,1.1661005,1657.855,,,1.070602,0.18048172,2.0819573,200.62668010084963,34.19847770261742,-1,0.0,False
689118843989140992,132.44001010590773,0.015567382,22.901695747560833,0.00872119,5.3122862613579755,0.018687056,284.27625,-22.769385559032735,0.01962793,-12.611781951474612,0.014682754,12.005549,12.435619,11.411693,1.0239267,0.43006992,0.5938568,3605.622,23.903105,0.5255762,1.1397918,0.08238336,9.6782055,203.08937283076273,35.60222987051231,-1,0.0,False
689285355576359168,132.23427637574554,0.18398564,23.332593531410502,0.097144276,5.480836814576281,0.2505656,21.873861,-42.39304861432392,0.24030523,-17.55820816939308,0.16505429,17.401121,,,,,,371.92853,,,1.2749716,1.140804,26.971645,202.51391353131532,35.553070713315186,-1,0.0,False
689288722832620928,132.53084453730983,0.06413063,23.384969509432437,0.03352321,6.29287492440576,0.07731754,81.39,-45.07673151981807,0.074140415,-18.27012474248218,0.054581434,15.702602,17.293371,14.473166,2.8202047,1.5907688,1.2294359,1241.408,38.196217,12.795614,0.9580609,0.42159033,25.763012,202.5534325054581,35.828460143173565,-1,0.0,False
689296934809334528,132.54224718395713,0.019761056,23.621665776845745,0.010299249,3.865579745333491,0.025563484,151.2149,-27.25085088780842,0.02475793,-13.27594895091495,0.017013414,11.616429,12.019735,11.045254,0.9744816,0.403306,0.5711756,709.6012,61.740498,6.4247837,1.1667163,0.13139333,26.414352,202.2785812989075,35.909247106291936,-1,0.0,False
689400666860748928,131.81128478231253,0.21555547,23.50981893933533,0.108825795,3.0313685308375127,0.23480766,12.9100065,-39.172511863689024,0.24274528,-9.393630283420045,0.1695919,18.898657,20.494213,17.691477,2.8027363,1.5955563,1.20718,524.2195,,,0.97882736,0.37577364,0.6134533,202.16294063294632,35.236518561496496,-1,0.0,False
689428322153413760,130.92301798491698,0.20054,23.41184372908432,0.077892594,3.4498379953747245,0.21902189,15.75111,-45.75029560399253,0.2238102,-13.79835191591595,0.15784478,18.616215,20.297047,17.390308,2.9067383,1.6808319,1.2259064,697.5394,,,0.9545584,0.2881583,0.63064694,201.97530961029173,34.4303944066134,-1,0.0,False
689546695748097664,131.87703224274398,0.09120704,23.787287388861337,0.048340533,3.440395860430567,0.105460875,32.622486,-22.594506209356943,0.1211585,-9.175811334959215,0.09572923,17.41972,18.78361,16.286795,2.4968147,1.3638897,1.132925,1162.2421,,,0.9834955,0.0,0.0,201.86070815664033,35.3771726258716,3,0.9634803892196322,False
689579028261873024,132.19203500737214,0.062216636,24.041222209477816,0.03242285,3.774258621270189,0.080356054,46.969185,-24.95341519500687,0.083002895,-10.916825962633304,0.055491038,16.70935,17.949463,15.587624,2.3618393,1.2401123,1.121727,1638.4374,,,1.0966439,0.18328232,1.8594714,201.66742265198036,35.72742305024342,3,1.0,False
689376546323824512,131.9837646323674,0.016962904,23.19442426278824,0.0091445185,4.283908053430405,0.019062765,224.72647,-21.384209100173003,0.02038846,-13.96086956442728,0.014408574,13.609081,14.215319,12.8664665,1.3488522,0.6062374,0.74261475,7030.151,14.499666,1.7878754,1.1372561,0.048474144,1.7277418,202.58982305757695,35.29186049732425,-1,0.0,False
689505322326543104,132.04648068717435,0.017628158,23.830140659755017,0.009337189,3.1969415892960797,0.02034048,157.17139,-28.151835069210875,0.022295443,-3.1950789774368515,0.01651496,11.797826,12.089649,11.342193,0.74745655,0.2918234,0.45563316,4563.675,-2.6190584,0.92043173,1.0540344,0.11073928,17.634186,201.86712994400096,35.537929415826454,-1,0.0,False
689564356653551232,131.72473965351364,0.30901393,23.95981779780364,0.15800934,6.817089527792839,0.3690671,18.471138,-35.2856675198461,0.36187223,-3.1395793504907976,0.283985,19.051968,20.706041,17.600098,3.1059437,1.6540737,1.45187,487.9743,,,1.0916005,1.5606825,9.284814,201.60800652713743,35.29553685631771,-1,0.0,False
690268726993778816,130.3211029916608,0.21858102,23.99401128166723,0.12627131,4.4690332207831585,0.2628487,17.002302,-28.539550278213884,0.25744414,-13.093808396041435,0.19916391,18.975452,21.054413,17.622051,3.4323616,2.0789604,1.3534012,608.71497,,,1.0864221,0.9852473,4.4018183,201.10178816192513,34.08196281394554,-1,0.0,False
