source_id,ra,ra_error,dec,dec_error,parallax,parallax_error,parallax_over_error,pmra,pmra_error,pmdec,pmdec_error,phot_g_mean_mag,phot_bp_mean_mag,phot_rp_mean_mag,bp_rp,bp_g,g_rp,phot_g_mean_flux_over_error,radial_velocity,radial_velocity_error,ruwe,astrometric_excess_noise,astrometric_excess_noise_sig,l,b,cluster_label,membership_prob,is_member
659373141744409984,129.90414825337888,0.023478882,17.788814427935883,0.01510663,5.371860603771807,0.030681659,175.08379,-35.57638630522419,0.033469494,-10.43849521331822,0.022533119,14.734729,15.768661,13.725764,2.0428963,1.0339317,1.0089645,2421.7454,31.736969,4.3508844,1.0431297,0.0,0.0,207.91268481520697,31.64294738912624,1,0.3250353866240265,True
659440138937561344,129.73526108184353,0.16818884,18.216520795284247,0.11345209,5.2495830154532666,0.21677552,24.216679,-36.16400326606244,0.19138962,-11.9629350433763,0.12788448,18.370014,20.143501,17.062023,3.081478,1.7734871,1.307991,430.04285,,,0.9775568,0.0,0.0,207.37605497487985,31.648502735994644,1,0.5265934034091715,True
659741233329151744,129.00987470866414,0.16773711,19.07396683175438,0.11281794,5.415559532543599,0.22094382,24.511024,-35.89414920208626,0.21659786,-13.23176221826412,0.14747061,18.304369,20.243866,17.00954,3.2343254,1.939497,1.2948284,591.94324,,,1.0267103,0.5039209,1.9082047,206.1488577805225,31.313374249406664,1,0.9690936836777794,True
660088610279891584,131.53386508132266,0.10538848,18.040870536330026,0.055478282,5.7251273593682654,0.123749964,46.26367,-36.68448155510194,0.1303444,-11.70950774565872,0.092233144,17.926682,19.833918,16.632536,3.2013817,1.9072361,1.2941456,775.4763,,,0.96519333,0.0,0.0,208.3000868763994,33.17957725566379,1,0.3042793895378055,True
660114418739656576,131.7878083761239,0.039677717,18.19365460212405,0.021721743,5.476872708879232,0.05313974,103.06548,-37.34166045331271,0.05368313,-11.250433997154715,0.039995916,16.005327,17.381838,14.846748,2.5350895,1.3765106,1.1585789,1454.8256,,,0.96260774,0.0,0.0,208.2331505725128,33.45969477398558,1,0.37989496833010283,True
660230348496832128,132.0937320298556,0.037033092,18.61238600341227,0.01866807,5.361353540588534,0.039821345,134.63516,-36.88608818266537,0.04692811,-11.35742608934274,0.0326716,15.836479,17.160288,14.699503,2.460785,1.3238087,1.1369762,1812.4579,,,1.0273656,0.0,0.0,207.8870262563113,33.87995552018918,1,0.48519192482388757,True
660326310950043648,132.04239616203023,0.32147166,19.149903908128167,0.15242077,5.579538277363025,0.34881285,15.995793,-38.47216455950499,0.39783362,-12.875863480521415,0.25152558,19.304918,21.077085,17.932535,3.1445503,1.7721672,1.3723831,359.1153,,,1.0115417,0.5421423,0.62960374,207.25964962221835,34.02297101027352,1,0.3836436903133326,True
660923105246007552,130.6857060287714,0.11384576,18.466612351422327,0.04570936,5.377588004569854,0.13284695,40.479576,-37.044335246005645,0.14789431,-12.64336951047439,0.09467811,17.728884,19.475964,16.448858,3.0271053,1.7470798,1.2800255,932.5094,,,0.974747,0.0,0.0,207.48295458841395,32.580295161485445,1,0.6846329821112384,True
660978669238963200,130.3846406414803,0.06186976,18.669592925558295,0.029085765,5.436292482429084,0.07803408,69.66562,-36.2266245804616,0.08302715,-12.27967229386675,0.06059273,16.601542,18.085545,15.415539,2.6700058,1.4840031,1.1860027,1840.9672,,,0.99023783,0.0,4.0244704e-15,207.13755593660792,32.38597680068128,1,0.9062823672095451,True
661010005319096192,130.74165174044754,0.15223986,18.90977413828621,0.059397932,5.340174661292322,0.15829325,33.735962,-36.72922494932748,0.16914977,-12.972156301612184,0.11269044,18.323666,18.301458,18.447277,-0.14581871,-0.02220726,-0.12361145,875.50543,,,1.0324429,0.11554165,0.1457484,207.01304393890533,32.787118121782164,1,0.6777352612690928,True
661018904492612224,130.93133368612828,0.017063888,19.075814640282843,0.00658982,5.0669878210926145,0.01850794,273.7737,-33.68968048651628,0.019021243,-12.72450624058976,0.0125360815,13.04454,13.644753,12.311053,1.3337002,0.60021305,0.7334871,4618.7144,35.246174,1.0271245,1.0928496,0.04870345,2.8111074,206.90304499511035,33.013410058360115,1,0.326373493924468,True
661040375034239104,130.76132333283118,0.39377955,19.31866715100098,0.17663053,5.173315845088235,0.4695566,11.017449,-36.50227408834376,0.46657985,-12.426427951498116,0.35459778,19.86095,21.1446,18.448507,2.6960926,1.2836494,1.4124432,343.95248,,,0.99408436,0.22888845,0.076704904,206.56489117926125,32.94789882214233,1,0.45937106143414536,True
661138712604101760,130.99126412809434,0.20871271,19.5163858626182,0.091081895,5.675436943611183,0.2478445,22.899183,-37.00635671797065,0.3025265,-11.921161868633872,0.24301262,18.673832,20.65488,17.351463,3.3034172,1.9810486,1.3223686,608.39056,,,0.95315146,0.11484552,0.08935779,206.4335216171436,33.21993962614793,1,0.39334031027143507,True
661209566682500736,129.94385600877777,0.026837302,19.21773117765052,0.017233951,5.3745576990292,0.033961102,158.25629,-35.91267677977277,0.03328386,-11.738724454061266,0.024442516,14.628244,15.631694,13.633833,1.9978609,1.0034494,0.99441147,2244.3557,36.46582,5.6857014,1.0232649,0.0,0.0,206.35671238182013,32.189682344862355,1,0.8571758857024279,True
661231625634645504,130.7718553444295,0.023693074,19.4651171201773,0.010156779,5.376581056392203,0.027980352,192.1556,-36.914005565866674,0.029325688,-12.282252322387809,0.020110527,14.577018,15.564828,13.592593,1.9722347,0.98781013,0.9844246,3695.2585,29.501778,3.1708283,1.1069162,0.05729282,1.4830588,206.40533535681115,33.00815647547855,1,0.7019594354042733,True
661239390935361024,130.27855444425566,0.058760155,19.443540029874686,0.03104143,5.563882355261798,0.071443886,77.877655,-36.47127857152202,0.0742195,-13.10807761671131,0.04757926,16.626617,18.152094,15.411095,2.7409992,1.5254765,1.2155228,1339.4753,,,0.97838736,0.0,0.0,206.23701719053813,32.56454109874163,1,0.6322433051945306,True
661249595777725568,130.4731276997274,0.10136936,19.608426445573304,0.048973154,5.244392493725436,0.113940604,46.027424,-36.72023740585499,0.119819365,-13.656377710347025,0.07756695,17.608885,19.364973,16.361746,3.0032272,1.7560883,1.247139,669.99445,,,1.0272475,0.18012479,0.6184163,206.12898373934908,32.79377514192409,1,0.3988673527067831,True
661253993824132480,130.38639824656235,0.42148787,19.670397586391303,0.2157088,5.3696899368686015,0.45249602,11.866822,-35.4843457689517,0.4605173,-12.401005335006229,0.32817674,19.871092,21.207335,18.492714,2.7146206,1.3362427,1.3783779,299.59732,,,1.068602,0.817878,0.6572341,206.026222221841,32.73858548553797,1,1.0,True
661291136701346304,130.11237090028794,0.03479642,19.544758383359664,0.024268301,5.383632218724936,0.04742492,113.51905,-36.29259374222769,0.044343136,-12.133351601756733,0.03580073,6.2683663,6.3392134,6.117872,0.22134113,0.070847034,0.1504941,3281.6348,,,0.98319995,0.21954621,47.66615,206.05984986548657,32.4528978894502,1,0.7532099724420924,True
661296565539900544,130.01019952383345,0.07308094,19.676436063009536,0.048419982,5.538436153919035,0.089731485,61.722324,-35.705420807160685,0.08701304,-12.621259226088336,0.06443862,16.5728,18.11884,15.369391,2.7494478,1.5460396,1.2034082,1153.1289,,,1.0706083,0.10531244,0.48008084,205.87395971884223,32.40834661092586,1,0.5878414946737395,True
661333704119506944,130.78761053447744,0.32039782,19.719913432892877,0.13409229,5.469216031309502,0.38046494,14.375085,-35.51060379019398,0.41073987,-13.166008637868966,0.30027157,19.101645,21.042704,17.75274,3.2899628,1.9410591,1.3489037,463.92386,,,1.056127,1.0165379,3.5924783,206.12620428913564,33.11019932316081,1,0.7588424710629375,True
661458915303531136,130.7359979762938,0.091840655,20.51163419728094,0.041613072,5.271742728331521,0.105909735,49.77581,-35.675307514862084,0.10614568,-13.984678936342398,0.081937805,17.411768,19.128899,16.154087,2.9748116,1.7171307,1.2576809,1103.849,,,0.98814,0.34830156,3.68939,205.2166463779586,33.33429517236322,1,0.5319417758889406,True
661845840315682176,131.07587803262976,0.09423118,20.83004070604431,0.042565558,5.2956897032743075,0.10335679,51.236977,-36.52961212374677,0.11177039,-12.90525726273802,0.07843574,17.554052,19.383266,16.260965,3.122301,1.8292141,1.293087,942.2627,,,0.9533103,0.0,0.0,204.9843251494344,33.740506898491745,1,0.6024549754081365,True
661997882157921664,132.260212443697,0.06950169,21.556635150516172,0.0328643,5.388369998931855,0.088097975,61.16338,-37.0186515529384,0.08612043,-13.55197593409478,0.055698566,16.425407,18.114851,15.161122,2.9537287,1.6894436,1.2642851,1096.8922,,,1.2262436,0.2825848,5.257527,204.5902221697415,35.021702303409874,1,0.66474151919805,True
662215551101680128,127.80384142221136,0.015060195,18.153595880885465,0.010734652,5.500165990320541,0.016894922,325.55142,-35.2092460237408,0.01597286,-12.24673793868332,0.012402679,9.7532,9.983325,9.368098,0.61522675,0.23012543,0.38510132,5366.748,37.29123,0.64698756,0.899185,0.07746003,7.0027385,206.66897822648716,29.915867589576205,1,0.5750886614334897,True
658445218353519488,129.6290992125157,0.0143231535,16.790206248793293,0.010390022,5.527214765232309,0.016119614,342.88754,-36.41725458201197,0.017474342,-10.895317965318842,0.01301248,11.608404,12.004003,11.051194,0.9528084,0.3955984,0.55720997,1914.0267,35.06797,0.5783114,0.9526282,0.08560821,10.329685,208.88544013429453,31.029857670876776,1,0.32607023961093506,True
659228173712358272,129.5186991750887,0.22189498,17.256458646941912,0.16897343,5.109886816258593,0.25732192,19.857954,-33.38519778924465,0.26570937,-11.288863068155557,0.22273669,18.931667,20.834541,17.625498,3.2090435,1.902874,1.3061695,396.7825,,,0.9630794,0.62220067,1.1163526,208.33435322385125,31.10545676104487,1,0.30877200163272805,True
659253638574908672,129.81917954638897,0.016348897,17.46287380786685,0.011465002,5.383173477777592,0.01912733,281.43884,-36.12583425992488,0.019206304,-11.663227114807814,0.014815008,11.496429,11.871488,10.960934,0.91055393,0.37505817,0.53549576,2018.3617,34.192078,0.67837274,0.9096701,0.106926836,14.912558,208.23374044502472,31.448186039072873,1,0.8571758857024279,True
659332764755294976,129.66764775400512,0.2424087,17.93317003963687,0.15183094,5.207701078650884,0.3105294,16.770395,-35.29693935864035,0.328254,-12.414223859396156,0.2050999,18.85249,20.808065,17.530722,3.2773438,1.955576,1.3217678,386.52905,,,1.0416253,0.5450565,0.9461312,207.6586637431972,31.485901010821724,1,0.5236796914198377,True
659388947224025856,130.0921845274542,0.023894604,18.123483985475342,0.015423288,5.427515821773653,0.030259388,179.36635,-35.12313924378809,0.029494362,-11.675427090706116,0.020206036,14.666425,15.682675,13.669119,2.0135565,1.0162506,0.99730587,2387.2935,34.22345,3.894518,1.0173842,0.0,0.0,207.6222340907863,31.931128062990048,1,0.5040840518105096,True
659393929386140288,130.46767220985743,0.019924518,18.05185515128366,0.010157506,5.52354474846067,0.022888288,241.32626,-36.54016895870606,0.023526773,-12.405302482243153,0.019664856,14.333665,15.272211,13.376785,1.8954258,0.9385462,0.9568796,4526.931,33.58937,1.9333026,1.0158657,0.0,0.0,207.853311509448,32.23804831200876,1,0.6706690128665849,True
659452272221698432,129.70703803938113,0.012667386,18.26581015315567,0.008644424,5.358541989345123,0.015488405,345.9712,-35.53449949838832,0.017149491,-11.272379200049688,0.013262519,12.30858,12.788989,11.6734915,1.1154976,0.48040867,0.6350889,3088.367,34.34533,1.092013,0.9664996,0.04621109,2.6996315,207.3106962732022,31.641289916520577,1,0.5311895315542052,True
662769911119972224,129.04110693360522,0.21200053,19.287895667144543,0.16716811,5.275923002476517,0.2995343,17.613752,-35.10765110776404,0.2827147,-14.01041516988544,0.18490379,18.93798,20.7295,17.618767,3.110733,1.7915192,1.3192139,444.97684,,,0.9958723,0.24117799,0.18334919,205.926687991004,31.416564120161265,1,0.500265094575418,True
662775266942252544,129.06714312878788,0.12628739,19.37789717254529,0.089930326,5.433353682941729,0.16750997,32.436,-37.13512473162129,0.14290284,-13.621271592692498,0.10332052,17.799248,19.657413,16.500154,3.157259,1.8581657,1.2990932,634.76935,,,1.128096,0.49131906,2.8663294,205.83807522631992,31.47123116048795,1,0.7159592032711666,True
662828838071658880,128.07427079745554,0.06893531,19.54702242157046,0.047111552,5.1885900476614575,0.08047726,64.47275,-33.88682487163601,0.07841982,-12.322321239914992,0.057882316,16.849195,18.495766,15.619448,2.876318,1.6465702,1.2297478,1155.9186,,,1.1486673,0.41754577,7.8309216,205.26886282588296,30.654393528389026,1,0.3998126192181991,True
659689109602230272,129.87779287355113,0.12631352,18.94809914502876,0.07547596,5.151487351903919,0.14597827,35.289413,-36.24103162771522,0.15072744,-12.213156844404448,0.09805944,17.823036,19.497833,16.541006,2.9568272,1.674797,1.2820301,729.8834,,,1.0021971,0.0,0.0,206.6286270440997,32.03620385796128,1,0.453242349146097,True
659768102641215744,129.20189401980068,0.016138481,19.257354323596,0.011895776,5.4452335641086504,0.019302392,282.1015,-35.5499906649718,0.019806564,-13.427665280618918,0.013976061,13.364043,14.070278,12.548702,1.5215759,0.70623493,0.815341,3516.849,34.735218,1.5831032,0.97753936,0.0,0.0,206.0229067576861,31.547849025855864,1,0.8406931318569851,True
659774394768991744,129.20380462259396,0.035895362,19.3164216600242,0.02592577,5.530746978513441,0.045134395,122.53951,-37.11989538642942,0.04497583,-13.50137247486235,0.031446345,15.46221,16.768456,14.32866,2.4397955,1.3062458,1.1335497,1080.7388,,,1.0932552,0.047123026,0.2969313,205.9587687757936,31.570329200084597,1,0.6134204890809549,True
664281018054115968,129.35978700892892,0.015077978,19.486839995076092,0.009076991,5.466462396320497,0.017696457,308.9015,-35.53129449717959,0.018530149,-12.9235635555704,0.011788168,13.357078,14.055389,12.551774,1.5036154,0.6983118,0.8053036,2938.9927,35.874924,1.8870666,0.9669587,0.0,1.1904544e-15,205.8318910776971,31.767882577692873,1,0.8049486355116449,True
664301427738676992,129.35191242665576,0.109641425,19.786599986512822,0.06776742,5.556016101804902,0.12956169,42.88317,-35.22236532710657,0.117176354,-13.978053059751904,0.084088445,17.456736,19.145935,16.191338,2.9545975,1.6891994,1.265398,918.2753,,,1.0182903,0.0,0.0,205.49818272214748,31.865360280813245,1,0.47187584357279555,True
664305890208150528,129.25879898471376,0.4396002,19.868654645426847,0.25607765,5.127594910392578,0.51008517,10.052429,-36.73854986129311,0.5447876,-13.876878846824733,0.32564098,19.697655,21.180525,18.271927,2.908598,1.4828701,1.4257278,258.9837,,,0.96893185,0.7131354,0.57379705,205.37184079128124,31.811644828884624,1,0.3270398918304868,True
664311250327154432,129.4553282968979,0.22008418,19.962833766145604,0.12382841,5.246306468516397,0.2545649,20.608915,-36.519571251065834,0.24805541,-13.32173012897219,0.15981905,18.592566,20.028257,17.252598,2.7756596,1.4356918,1.3399677,400.9522,,,0.977863,0.0,0.0,205.34298620650253,32.01758629433766,1,0.48969533329621856,True
664311392062657920,129.4668640342527,0.020225706,19.987124790961698,0.013251505,5.388621113517358,0.024023948,224.30206,-36.34355135014188,0.024266494,-13.077526876364503,0.017278492,11.098359,11.43594,10.604079,0.83186054,0.33758068,0.49427986,1300.2925,34.080593,0.5471294,0.96969515,0.11171803,15.333084,205.32050327780703,32.03614095662435,1,0.8743229666630999,True
664323825990708352,129.6718274461479,0.20844117,19.9963635989391,0.13890626,5.382376368734909,0.29085782,18.505178,-35.53371913203998,0.29273143,-12.257334999099164,0.21956997,18.581459,20.639637,17.279425,3.3602123,2.058178,1.3020344,459.52567,,,1.055686,0.540808,1.2227484,205.38861608244653,32.22014582252812,1,0.9437740410901934,True
660917921221670400,130.80364907875733,0.04028908,18.53071859745475,0.01709059,5.544297499365648,0.0463374,119.6506,-38.0066792609087,0.04849697,-11.962854546184058,0.033014603,15.837771,17.181826,14.695301,2.4865246,1.3440542,1.1424704,1953.2156,,,1.0273969,0.0,0.0,207.4592112951285,32.70765335477112,1,0.4412292859353998,True
660957980380034688,130.950455233262,0.017657584,18.80069656597597,0.007915791,5.404358939561922,0.018856004,286.6121,-36.14170093629916,0.020695208,-11.777042151533395,0.014397098,9.983771,10.225441,9.585445,0.6399956,0.24166965,0.39832592,6483.015,33.13847,1.1143473,1.1790738,0.12356077,26.24756,207.21758369926903,32.933486248819705,1,0.8571758857024279,True
661046765943861632,131.6330785281814,0.21756697,18.973732956213333,0.103717856,5.764337865958551,0.24572392,23.458595,-37.079266917819126,0.29108664,-12.246749988597614,0.18820883,18.915508,20.829521,17.575802,3.2537193,1.9140129,1.3397064,516.9364,,,0.9590448,0.0,0.0,207.29572571161887,33.59893264028106,1,0.3419591738681583,True
661152735673342976,131.62660403404846,0.08187472,19.6486514532664,0.042970534,5.529285422227205,0.09173142,60.276897,-38.52750852088445,0.09180756,-13.53671095101174,0.06944734,17.417849,19.296156,16.118107,3.178049,1.8783073,1.2997417,1027.1549,,,0.9578476,0.0,0.0,206.53222877603108,33.82742164591088,1,0.3954854253475182,True
661202282418030080,130.26293363449776,0.1873029,19.30249859042904,0.10732627,5.281419545912709,0.22212525,23.776764,-36.51674964819426,0.23343286,-12.686758227046765,0.16025533,18.333616,20.274273,17.000866,3.273407,1.9406567,1.3327503,582.6684,,,1.0375109,0.6685233,3.0144465,206.3876892921612,32.50150525856324,1,0.5987016024497338,True
661279042073291776,129.4574574932498,0.028651647,19.51405260462688,0.018457435,5.418296385734038,0.034081046,158.98268,-35.385992954781,0.033092473,-12.765264275100396,0.021368412,15.009888,16.120424,13.962742,2.1576824,1.1105366,1.0471458,1340.769,32.321854,12.304906,1.0297942,0.0,0.0,205.83976110351068,31.863654800346307,1,0.8896430629356097,True
661292511090872960,130.1768363161645,0.02030679,19.565948691578978,0.011957485,5.383661986019163,0.021729957,247.75299,-35.90218162180123,0.023850717,-13.0329918832714,0.015956976,11.173428,11.523209,10.663594,0.8596144,0.34978104,0.50983334,1600.3419,34.055016,0.33225486,1.0787914,0.13816282,26.455488,206.06131913644776,32.51722273609573,1,0.9417780534098182,True
661311443306610688,129.92755273931903,0.028734224,19.778396997311283,0.018853601,5.487587613506006,0.03627217,151.2892,-36.75742924630642,0.035235323,-12.92865704954437,0.0246363,6.6092005,6.725384,6.3758082,0.349576,0.11618376,0.23339224,1441.3248,35.677177,0.28534567,1.1175162,0.19428407,35.23308,205.72878637759237,32.37065812690728,1,0.7772099284000207,True
661353224747229184,130.7177861599574,0.11271011,19.853050837979428,0.051093362,5.500195935183925,0.13695715,40.159973,-36.9001958941608,0.14392373,-13.23660720348004,0.12494276,17.857624,17.822388,18.000525,-0.17813683,-0.03523636,-0.14290047,953.78217,,,1.0210094,0.0,0.0,205.94999208218425,33.09429724040444,1,0.7367837766695834,True
661413800965826688,130.22454175028702,0.05673773,19.99862630342147,0.03626271,5.387433072663144,0.06688515,80.547516,-36.10637059034248,0.06714801,-12.84958130736656,0.046175327,16.58389,17.97287,15.352819,2.6200504,1.388979,1.2310715,801.2637,,,1.0606885,0.17903605,1.6916713,205.59761066504697,32.708692058909655,1,0.9905132525402301,True
661422764560767360,130.47124403463775,0.020885538,20.15937977104212,0.01077955,5.445557280186121,0.024246909,224.58769,-36.843967922519376,0.024846721,-13.268686383615504,0.018477071,8.477043,8.616021,8.210652,0.4053688,0.138978,0.2663908,5858.06,30.884716,0.8352103,0.983109,0.13406117,16.550798,205.512092137479,32.98139711629884,1,0.7232279106743804,True
661591475172494464,132.00083133817395,0.11889304,20.40181791144525,0.057662692,5.720793133764029,0.14924788,38.330814,-39.09615646586611,0.15091448,-14.170086782002716,0.09094774,17.711466,19.527565,16.430622,3.096943,1.8160992,1.2808437,854.4504,,,0.9632773,0.0,0.0,205.82049472950516,34.413693743630766,1,0.35138812460015273,True
662665629314342272,127.7453837618938,0.021722427,18.694704737287037,0.015165854,5.348793250933711,0.02460031,217.42787,-33.63273841096792,0.02478094,-12.500449395800253,0.018788699,14.6938305,15.702007,13.697133,2.0048742,1.0081768,0.9966974,3298.7053,38.141113,2.8772495,1.0250363,0.0,0.0,206.0635434083297,30.060423772422183,1,0.5009950493404821,True
664343896375336320,129.6625612167461,0.04798117,20.17071223326349,0.030039337,5.389064604382222,0.065759934,81.95058,-36.90729053146664,0.061630454,-13.798770311210236,0.041477118,16.040438,17.54553,14.843955,2.7015753,1.5050926,1.1964827,1108.2218,,,1.0366048,0.0,0.0,205.19147439383863,32.27184154223876,1,0.6801527152514943,True
664356502102864512,129.00654503694344,0.20318778,19.958658472326075,0.14078666,5.227387924646424,0.2362113,22.130135,-35.54341370583079,0.2369733,-13.315259584271756,0.17232908,18.5966,20.474724,17.246058,3.2286663,1.8781242,1.3505421,422.65552,,,0.8512957,0.0,0.0,205.176045976605,31.620307519282804,1,0.5500910944638167,True
664401960036152960,129.53351253891256,0.019486014,20.439479437882824,0.012491172,5.417010174158233,0.02210689,245.0372,-35.86693449375866,0.021771114,-13.341567676847085,0.016326936,11.515707,11.903303,10.970187,0.93311596,0.38759613,0.5455198,1734.4209,33.530373,0.6069138,0.8620905,0.109564885,13.665245,204.8438759480984,32.24984006144648,1,0.9690936836777794,True
664419556518886272,129.3684114424142,0.025785612,20.607863082559692,0.017161889,5.647790338373768,0.03848973,146.735,-36.99962982042486,0.036175236,-14.400658335728616,0.023210203,14.732194,15.797956,13.699581,2.0983753,1.0657625,1.0326128,1179.0997,28.156698,9.004394,1.0188429,0.0,0.0,204.59463980543345,32.16159660714361,1,0.4271035821373309,True
664495457180572288,129.76625249149083,0.041486055,20.567252478965862,0.028809285,5.649645355916186,0.0473243,119.381485,-37.705707910225485,0.047283944,-14.096796996183514,0.034434628,15.91891,17.366621,14.743078,2.6235428,1.447711,1.1758318,1358.246,,,1.0424072,0.10896521,1.115099,204.789152090224,32.49825940327809,1,0.44664125893167916,True
664605270904832768,129.06453934166544,0.025850302,20.685984278866556,0.016448278,5.295501565067389,0.030427413,174.0372,-35.56771444697532,0.030077087,-14.336725509537116,0.022463968,14.813782,15.85982,13.795772,2.0640488,1.0460386,1.0180101,1869.3085,36.68148,5.164155,1.038359,0.04115624,0.4778569,204.39421196636343,31.92056579445171,1,0.5261317871541178,True
664763149606975616,129.58616378980776,0.34239078,21.440544261865547,0.21643373,5.603321511987629,0.39672694,14.123875,-37.269043114288145,0.397056,-13.302137396007392,0.2566184,19.461895,20.982435,18.054924,2.9275112,1.5205402,1.406971,285.86954,,,1.022672,0.9987,1.5975714,203.74588058540988,32.631789463542646,1,0.456598964740919,True
665454368759275520,128.55769933930978,0.097945794,21.397788316587867,0.056836467,5.274188767408094,0.10850173,48.60926,-35.177548362411635,0.10773899,-14.833035054239788,0.07753149,17.22469,18.894783,15.982614,2.9121695,1.6700935,1.2420759,1006.9591,,,1.0209656,0.0,2.1302972e-15,203.41810790034256,31.714439272758103,1,0.3605245592702898,True
664286721770683136,129.2249982586144,0.1112219,19.61709398896867,0.07620223,5.290579613479198,0.13020399,40.633007,-35.08305308161472,0.12938012,-12.884344225343682,0.09571756,17.808378,19.669018,16.554375,3.114643,1.8606396,1.2540035,629.8066,,,1.0528198,0.14730613,0.26810715,205.6362262363374,31.694367986253695,1,0.7369832271792204,True
664323761568567808,129.76321151779035,0.017090539,20.043708651885183,0.011489938,5.4848048185130285,0.020201894,271.49954,-37.82341664523154,0.02096224,-13.865086278104506,0.015227461,13.826769,14.640915,12.944175,1.6967402,0.81414604,0.8825941,2693.3608,29.333199,2.726847,0.9864926,0.0,0.0,205.37095863955545,32.31705259268066,1,0.5033591749018218,True
664337230586013312,129.60108095426492,0.019089727,20.10600563197072,0.010958262,5.472286865707612,0.024388064,224.38382,-35.967268922046955,0.023531126,-12.986401069755562,0.016022397,10.410198,10.698692,9.959279,0.73941326,0.2884941,0.45091915,2374.008,34.952488,0.4234559,0.9493312,0.0937462,9.552491,205.23993016083932,32.19542995827105,1,0.8661553123420005,True
664337539824225152,129.58943383195438,0.13741381,20.137320594020565,0.088244386,5.283363253757894,0.18198055,29.032572,-35.40564844222821,0.18825631,-13.53304514636266,0.12083582,17.825201,19.754686,16.491688,3.2629986,1.9294853,1.3335133,608.68427,,,1.055577,0.6226869,5.037032,205.20073732690904,32.195904713067804,1,0.6671343917116493,True
664344274332354304,129.7297009507837,0.05386341,20.219066385883742,0.03559056,5.43835253982659,0.0668802,81.31484,-35.95112056005321,0.069632486,-13.899940300948389,0.0505156,16.290472,17.811354,15.08303,2.728324,1.5208817,1.2074423,829.84656,,,1.048075,0.11356996,0.852672,205.16323277935965,32.34759731512442,1,0.8736596260636577,True
664431548067327616,130.2959323643043,0.030209465,20.377293386740213,0.016512927,5.465526956686332,0.033835858,161.53061,-36.79068500031293,0.034319405,-14.612944441011331,0.023927156,15.14509,16.306036,14.079112,2.226924,1.1609459,1.065978,2231.1143,39.476944,4.5396585,0.99878806,0.0,2.2828866e-15,205.20128303117193,32.90080788539119,1,0.4927197362289484,True
664439416447387392,129.92496999239404,0.068335354,20.29580793884668,0.04927773,5.443863854492569,0.08112466,67.10491,-36.19109964511355,0.0852258,-12.027594423384492,0.056032643,17.05475,18.80169,15.793821,3.0078678,1.7469387,1.2609291,625.86945,,,0.97730345,0.0,0.0,205.1518494933451,32.54598052751985,1,0.8179717636267652,True
664446666352164224,129.9691682456779,0.04868359,20.51282610053763,0.029539362,5.337602022746881,0.054058656,98.73723,-34.41355563307133,0.056304023,-13.019234255629518,0.03628803,16.221762,17.688095,15.023167,2.6649284,1.4663334,1.198595,1300.8374,,,1.0025036,0.055789985,0.21876332,204.92624769943703,32.6586414430259,1,0.7316610350425071,True
664625714949149312,129.0133329170535,0.12003786,20.83764223374676,0.0714055,5.440619272720647,0.13504425,40.28768,-36.473953574648064,0.15136617,-14.37021117245768,0.11012234,17.782738,19.649185,16.506819,3.1423664,1.8664474,1.275919,821.0615,,,1.056804,0.32616436,1.5545138,204.2069799447411,31.92682411755724,1,0.613156675798328,True
664847434044059264,130.84338298934512,0.19074741,20.90695950720662,0.07688585,5.587746953558643,0.21045059,26.551348,-37.496148870166834,0.24295205,-14.313829898473593,0.14889415,18.561201,20.477896,17.239351,3.2385445,1.9166946,1.3218498,648.8985,,,1.0267916,0.6774208,3.742718,204.81041617527217,33.56119217832807,1,0.5747659457657294,True
664898256393208704,130.9022593231363,0.07179814,21.31932159109788,0.02716395,5.463365582143238,0.07863379,69.4786,-36.42640933649699,0.08312019,-14.365098968126738,0.055939015,16.852322,18.484543,15.629796,2.8547468,1.6322212,1.2225256,1632.64,,,0.99214363,0.0,0.0,204.3645778429958,33.74917269196003,1,0.5915191173515295,True
664946836767421696,130.35826333736222,0.12209083,21.573630327254147,0.06729294,5.523338835969446,0.13412079,41.181824,-37.367741826278305,0.15107863,-14.410275599634858,0.10592825,18.079517,19.95267,16.774061,3.178608,1.8731518,1.3054562,590.0547,,,0.9660225,0.0,0.0,203.8773637439604,33.35398163326124,1,0.5073145832180339,True
664950100944568192,130.82283488804683,0.24856934,21.451777989646533,0.16701825,5.372215223470698,0.3117904,17.230213,-37.61060749304686,0.30833942,-14.727470558258274,0.19929938,18.893488,20.432898,17.522932,2.9099655,1.5394096,1.3705559,334.44604,,,1.0883735,0.9156608,2.8525252,204.18496442954063,33.72264939152861,1,0.33892352726593017,True
658506344327926784,130.0001045151077,0.13927478,17.36832326139186,0.08938855,5.434850535225471,0.17734301,30.64598,-35.21706751066563,0.17624179,-11.771326415569678,0.12523694,18.186707,20.073046,16.882845,3.1902008,1.8863392,1.3038616,658.8998,,,0.95526594,0.0,0.0,208.41141763421,31.57386860155377,1,0.5131077306998119,True
659324694514337408,129.24591713309653,0.26462227,17.701722878446567,0.1623821,5.4241158431787415,0.30348834,17.872568,-35.962926563523396,0.3036494,-12.178949708967323,0.19372638,18.803436,21.027563,17.465557,3.562006,2.2241268,1.3378792,378.8895,,,1.1170764,1.0661876,3.7044592,207.7391867575391,31.027606626767746,1,0.9727069148195103,True
659380666527013248,129.87754806315132,0.08920603,17.980846147500447,0.055730343,5.529468941959801,0.11462227,48.240788,-36.4119565856295,0.11416575,-11.801286009456978,0.07322734,17.454725,19.161097,16.20828,2.952816,1.7063713,1.2464447,953.68463,,,0.9853249,0.0,2.297759e-15,207.6917090904578,31.689250444782584,1,0.5621127358393181,True
659427464490677632,129.71168174122158,0.064479716,18.01451954625679,0.040792957,5.4310028434573585,0.10708044,50.71891,-35.14650630513003,0.094158284,-11.100221637744957,0.0606964,16.717667,18.264341,15.511004,2.753337,1.5466747,1.2066622,1320.0255,,,0.9917762,0.0,0.0,207.58761306183547,31.554484289948626,1,0.40977163187945637,True
659464122035016320,130.1421823680754,0.10003082,18.35912430622045,0.061344046,5.569575846986292,0.117995866,47.20145,-36.4599033677458,0.11006597,-11.514551466731458,0.082708694,17.497032,19.252064,16.239779,3.0122852,1.7550316,1.2572536,793.1476,,,0.981427,0.0,0.0,207.38320304798287,32.0603029505581,1,0.4362594138302233,True
659621287774882176,128.5749888452626,0.10972999,18.47091474919526,0.07138602,5.5117917308120745,0.13379736,41.19507,-34.401972386904795,0.13795502,-11.809532263354438,0.09290593,17.622555,19.432362,16.341717,3.0906448,1.8098068,1.280838,772.0608,,,1.1123836,0.43635064,2.972789,206.6341828214943,30.713206785901097,1,0.36608506237770144,True
659633240668056448,128.61392174009382,0.22500998,18.697215829926837,0.14863542,5.498033528995086,0.26264212,20.933556,-33.2506737716161,0.25021225,-12.54213603036506,0.1820144,18.668274,20.848814,17.364237,3.4845772,2.18054,1.3040371,474.52106,,,1.0826675,0.7522496,2.3996527,206.40387800892273,30.829037466730135,1,0.3029138970812843,True
659656094190005376,129.2237661392581,0.016953226,18.4958004661356,0.009742631,5.366900495937691,0.019191096,279.65576,-34.85849380458625,0.018652488,-11.688181190503805,0.014320845,13.473628,14.187152,12.656209,1.5309429,0.71352386,0.81741905,3463.6318,36.314034,1.802727,0.9841724,0.0,1.2230757e-15,206.865561704932,31.296212534189166,1,0.5810603176389044,True
659703957305493632,129.56882481756284,0.04837329,18.991251981745528,0.029767334,5.440779202172322,0.056491964,96.31068,-36.31337354158978,0.05823222,-12.727411466786512,0.03786299,16.147707,17.526947,14.980773,2.546174,1.37924,1.166934,1634.5004,,,1.0032848,0.06350059,0.31118214,206.4592485114435,31.77820835843324,1,0.8161888189980656,True
659732132290823296,128.8909567133851,0.022118043,18.929803609701793,0.014338326,5.471796254439533,0.025278151,216.46347,-35.83432764822964,0.026576959,-13.141516460943269,0.018849654,14.503793,15.48391,13.525738,1.9581718,0.98011684,0.978055,2400.6226,36.252956,3.9391534,1.0055947,0.0,0.0,206.25976244836332,31.157064097051546,1,0.887861164616952,True
659777074828577024,129.3506587768489,0.02670542,19.416948441605463,0.016349742,5.387155915718241,0.031628236,170.32742,-35.02834383270567,0.03243121,-13.38091942856444,0.020965157,14.954064,16.200684,13.85115,2.349534,1.2466192,1.1029148,2319.7307,40.437332,4.4581137,1.024922,0.0,0.0,205.90533686224757,31.735348758452396,1,0.6590982814954474,True
660939258619177984,131.1503961770395,0.0154930195,18.59914312674782,0.008133137,5.392759382830336,0.017573416,306.8703,-37.08697697291066,0.01849,-11.910307370485064,0.013991484,13.73054,14.708179,12.749116,1.9590635,0.9776392,0.98142433,1797.6818,37.54942,2.9476027,1.0945345,0.0,0.0,207.52226770495056,33.03920009212094,1,0.5830926428710044,True
661048694385684224,131.38389678093074,0.06201033,18.96443731632969,0.029675603,5.329202886331689,0.07782497,68.47677,-35.64926266990859,0.07888709,-11.296256968626125,0.056136284,16.667854,18.188894,15.462099,2.7267952,1.52104,1.2057552,1381.3215,,,1.0387502,0.09438389,0.5136849,207.2070623002013,33.374992588548444,1,0.6103836592452997,True
661075490685321344,131.46982285923949,0.033724632,19.316787054665223,0.016391851,5.490627627712347,0.04002292,137.18707,-37.73428307753316,0.04253378,-12.44497177465377,0.028101968,15.569469,16.831625,14.453742,2.377883,1.2621555,1.1157274,2313.3333,39.370106,3.7669334,1.0246956,0.0,0.0,206.8452067175824,33.57407994340589,1,0.5907069483409072,True
661120162641349248,130.99678938789873,0.037789322,19.31607394811703,0.016731111,5.284605663217327,0.042586718,124.09046,-35.773674154065446,0.04518092,-12.229563480351654,0.036685713,15.741193,17.076275,14.603984,2.472291,1.335082,1.1372089,2108.0234,,,1.0257549,0.060530774,0.576069,206.6601508049795,33.155283999844485,1,0.5645383367780635,True
661136964553408896,130.89773015800122,0.10398164,19.45649074247124,0.04829425,5.344358666768182,0.12388756,43.138783,-37.90622929512227,0.14612411,-12.659795811761851,0.13412568,17.637907,19.4422,16.367481,3.0747185,1.8042927,1.2704258,1069.7955,,,1.0341936,0.2913256,1.8087871,206.4641338695484,33.11647038800984,1,0.460763273114246,True
661200663212002304,130.2922016821388,0.1406853,19.203615501145784,0.077258185,5.359749991683915,0.16510628,32.462425,-35.19864645731609,0.18432908,-13.148902349191625,0.119484484,18.174297,20.116535,16.83952,3.2770157,1.9422379,1.3347778,714.63135,,,0.9770483,0.0,0.0,206.5089789798463,32.49276022147501,1,0.8277241899230585,True
661210666194127360,129.90162381431023,0.020357126,19.26044026096515,0.012129634,5.50948022293066,0.023205927,237.41695,-36.86105350666199,0.023902163,-13.397620079831032,0.016953671,13.782584,14.590558,12.90402,1.6865377,0.80797386,0.8785639,4985.396,34.885155,2.5639853,1.0240803,0.0,0.0,206.2929268814244,32.16733711834528,1,0.7254677707059415,True
661235989321322240,130.6694946565619,0.015064118,19.543126999759377,0.0069687613,5.371009788531992,0.017759532,302.4297,-36.97853741818896,0.017986432,-12.384207127000709,0.013938759,9.671502,9.891746,9.299872,0.59187317,0.22024345,0.37162971,7690.032,35.231995,0.49171272,0.85943,0.06624984,6.7930245,206.278224941939,32.94471479237674,1,0.6962845589290791,True
661244338738048768,130.27085428351722,0.16343579,19.52245215143116,0.08983862,5.352831570763834,0.1749656,30.593622,-36.6379929631344,0.2006002,-11.188193354576397,0.14179063,17.776344,17.383213,15.490857,1.8923559,-0.39313126,2.2854872,235.2649,,,1.1244205,0.75261414,6.3546805,206.14622762434132,32.58519170381542,1,0.4872747592170952,True
661257154920147072,129.73009583155988,0.02882562,19.283768956561136,0.017951855,5.414773515906149,0.034354165,157.61621,-35.58399991300074,0.03199026,-13.008165713174202,0.023415847,15.061287,16.209711,13.99735,2.2123613,1.1484241,1.0639372,1817.2384,32.186573,8.69615,0.98366714,0.0,0.0,206.20007300932463,32.02390345322954,1,0.907348072722471,True
661387992505550080,131.1696335575523,0.015678018,20.19357958481129,0.0076568085,5.398152166530629,0.017840577,302.5772,-36.678919801382555,0.018986976,-14.19321033114171,0.013069281,13.825085,14.637336,12.944854,1.692482,0.8122511,0.8802309,5112.609,32.10569,1.5253373,0.9763512,0.0,0.0,205.7401570376689,33.6095322425039,1,0.614060654319552,True
661573603812920192,132.20126142060423,0.28943288,20.229427129025016,0.15293589,5.704872416273466,0.32000563,17.827414,-37.73532884023094,0.35601518,-12.476658174761264,0.24706402,19.25612,21.086176,17.870337,3.2158394,1.8300552,1.3857841,419.00604,,,1.0329449,1.1991472,3.9172988,206.09399995586924,34.53289703531957,1,0.3459434647355976,True
661749525673249280,131.49714609125758,0.22207049,20.21934670183959,0.111152604,5.3140722472361634,0.27116677,19.597063,-36.509622413691595,0.28006476,-12.952683034186546,0.24305083,18.7321,20.472939,17.384678,3.0882607,1.740839,1.3474216,516.23737,,,0.9516759,0.63138705,2.047658,205.83610510504533,33.90747196486577,1,0.5967281132291333,True
661841163095377024,130.84147048305084,0.14000061,20.725004310124714,0.057953842,5.625678134370682,0.15210538,36.9854,-37.315134620853435,0.17145775,-14.423311503695103,0.10827592,18.308512,18.29721,18.36755,-0.0703392,-0.011301041,-0.059038162,840.60626,,,0.97237206,0.0,0.0,205.01549935983076,33.498864477815125,1,0.4785051336551725,True
661855735921357824,131.5573753171584,0.02411747,20.85684406626766,0.0121716615,5.7183813133751915,0.029033717,196.95657,-39.42680071026804,0.028240507,-13.847858656683291,0.020779854,13.592054,14.367519,12.725074,1.6424456,0.775465,0.86698055,4782.784,33.072735,1.4646229,1.1483116,0.1504834,18.642008,205.13386935015245,34.17388906015121,1,0.340011955615997,True
661874461977774336,131.31468539142793,0.059654754,21.059940505381583,0.026040774,5.613674660586167,0.07550948,74.34397,-37.20183558368107,0.08178754,-14.065272377783948,0.06066515,16.32543,17.742386,15.151126,2.59126,1.416956,1.174304,1699.4689,,,1.0423057,0.0,0.0,204.81195578451712,34.0270709344702,1,0.5486533644477958,True
662215134487682048,127.77498229212352,0.13220339,18.129909028117034,0.09981036,5.48822867983741,0.16317996,33.63298,-34.678240896177854,0.1470804,-12.507790049673313,0.11993479,18.011702,19.875881,16.714483,3.161398,1.8641796,1.2972183,621.96375,,,0.99999607,0.23983376,0.50118715,206.6828654474867,29.881688134642797,1,0.5526419891970537,True
662655974227886720,128.40827301434246,0.044249464,18.954833501548535,0.02915093,5.501974475841773,0.050599806,108.735085,-35.09103825491375,0.05348696,-13.27230194892864,0.03693462,16.063898,17.449099,14.912349,2.5367498,1.3852005,1.1515493,1457.8767,,,1.0565088,0.1073388,0.93071663,206.0428095902654,30.739405161550227,1,0.6120729415774279,True
662925629454594944,127.73091383269151,0.015502698,19.55544313689794,0.009460611,5.587850331352074,0.017878639,312.5434,-34.68229708194521,0.018331587,-13.607752015144213,0.012206628,10.651022,10.958326,10.181075,0.77725124,0.30730438,0.46994686,2452.546,36.36724,0.34444928,1.0029769,0.09113207,12.772291,205.1273781604339,30.35455702099625,1,0.4103528253183206,True
663055818503513088,128.21748174133958,0.014605852,19.976598924591812,0.009664132,5.439653629239161,0.016288243,333.96198,-34.523556316964914,0.017698284,-13.6931082409133,0.012312786,12.723922,13.28514,12.021325,1.2638149,0.56121826,0.70259666,2905.0347,35.755463,0.8087368,0.90547377,0.03960682,1.8166918,204.855304216112,30.930968135423313,1,0.6901609819423266,True
663067638253511552,128.19481959691146,0.063704915,19.997669895013004,0.04150854,5.34302656543589,0.06784841,78.74947,-33.95734756063527,0.07834351,-13.497499846908166,0.054671235,16.699286,18.269598,15.484946,2.7846518,1.5703125,1.2143393,1008.88873,,,1.0321298,0.0,0.0,204.82364159364957,30.91832676549904,1,0.5149836140098034,True
663200850958665088,125.71403713290138,0.06870697,18.80065261267063,0.049720798,5.252030388998975,0.07479779,70.216385,-33.06252532791818,0.08398958,-11.960714214176456,0.064329244,17.102022,18.67905,15.888913,2.7901373,1.5770283,1.213109,1127.216,,,1.0804566,0.1684807,0.8659721,205.15279226929636,28.30567434482967,1,0.3359685491366591,True
664292459846946560,129.63665429526063,0.04063384,19.773718387574696,0.02443161,5.342660108684689,0.049806084,107.269226,-34.295271131238636,0.043916725,-12.834309908369228,0.034486257,15.371006,16.559412,14.293822,2.2655897,1.188406,1.0771837,1754.6887,33.53445,6.487939,1.085452,0.09389,1.3509799,205.6219573148572,32.11221630452844,1,0.6879318384964991,True
664324684984105728,129.70819688844887,0.018222403,20.067588056857815,0.011663268,5.397721759335619,0.024260145,222.4934,-35.0049117337833,0.024037754,-13.68025431437681,0.016629903,10.658025,10.953721,10.198242,0.75547886,0.29569626,0.4597826,6168.9707,31.34505,3.2441554,1.036737,0.08497097,8.7144,205.32342692277095,32.27672126558206,1,0.7147080322341989,True
664325543977630464,129.93972132859756,0.11373067,20.004336712005102,0.08214443,5.542646626331881,0.13670434,40.544773,-36.66436107552471,0.13606405,-13.458467813349966,0.10739259,17.960838,17.95618,18.078901,-0.12272072,-0.0046577454,-0.11806297,649.6847,,,0.96336305,0.0,0.0,205.48221561353708,32.45927213951332,1,0.745122496228446,True
664335684397673472,129.53321188100912,0.090807945,20.063989989625902,0.059295136,5.4211104162819845,0.1172698,46.227676,-36.295825071316955,0.12042484,-12.763297017539635,0.07854556,17.38806,19.111467,16.152699,2.9587688,1.7234077,1.2353611,786.32513,,,0.9959998,0.0,0.0,205.2606672491259,32.121132577982124,1,0.9448420549341139,True
664339910645611776,129.47720557946647,0.035198282,20.13668595601708,0.020483641,5.451592978730153,0.0450435,121.02952,-34.66650743235052,0.041219257,-14.461260109468824,0.027174778,15.131703,16.28143,14.067892,2.2135372,1.1497259,1.0638113,2048.2588,32.527798,4.9835873,0.9925601,0.0,0.0,205.15873381800063,32.09671795723661,1,0.47573455550512245,True
664379974100333568,129.0907259326868,0.04214462,20.20541098335748,0.025842527,5.382145597681519,0.050773058,106.003975,-35.07557976676386,0.05044802,-12.775515936247436,0.031968445,15.7102785,17.040237,14.571581,2.4686565,1.3299589,1.1386976,1264.2678,,,1.0661783,0.07812573,0.6998194,204.9358592283849,31.77961033444937,1,0.9887895551107911,True
664446700711823616,129.93152560884477,0.053604912,20.494276181056385,0.034069546,5.482228071452034,0.061556708,89.0598,-35.39838245724614,0.06325551,-13.231809420495765,0.041497614,16.504341,18.037157,15.303055,2.7341022,1.5328159,1.2012863,924.4524,,,0.99262965,0.0,0.0,204.9327976981262,32.61918509904653,1,0.6634282423023513,True
664513594826132480,129.64196724278838,0.09193672,20.774741016037023,0.066688195,5.234334365361457,0.107517995,48.68333,-36.68293904244368,0.1119727,-14.117411261644753,0.08421231,17.31492,19.003082,16.072798,2.9302845,1.6881618,1.2421227,824.7711,,,1.0492122,0.27968207,1.6441512,204.51110013368984,32.458839735399806,1,0.3884929500127416,True
664627432936056832,129.08968537851956,0.043309584,20.897318763688173,0.029679788,5.382510262225279,0.06279544,85.71499,-34.805035375723975,0.059762504,-14.18619000612976,0.042904723,16.023256,17.409218,14.859893,2.549325,1.3859615,1.1633635,1556.0719,,,1.01883,0.0,0.0,204.16912403605585,32.01411663958217,1,0.6015942513303852,True
665558165231918208,128.86158338647712,0.12205959,21.650447068832698,0.07722256,5.372539082700131,0.1647327,32.613678,-34.90270524648671,0.13908881,-14.675674597268092,0.10895644,17.842802,19.766315,16.559872,3.2064438,1.9235134,1.2829304,755.5405,,,1.1015241,0.56880414,5.966883,203.24790931839544,32.06496474105734,1,0.44471422492774654,True
658335615083984128,131.51118145123124,0.060699865,17.021524342206686,0.033427317,5.488052270579099,0.07588242,72.323105,-37.312505392718776,0.078879885,-11.198440444462197,0.057191156,16.880274,18.403421,15.680482,2.7229395,1.5231476,1.1997919,1361.517,,,1.0014325,0.0,0.0,209.4220255259745,32.78733191683715,1,0.364682737532547,True
658927736456077568,128.7052717926629,0.04545885,17.429983243945564,0.028260482,5.514409943577365,0.05414245,101.85003,-35.95708184618209,0.05480287,-12.528556632858615,0.03925688,15.969021,17.416538,14.78637,2.630168,1.4475174,1.1826506,1231.3022,,,1.0105361,0.054165564,0.26153693,207.81232050528808,30.44832772996977,1,0.6629525034535357,True
659428731504648960,129.84525710986702,0.25960347,18.0759243727332,0.15758689,5.571151842408575,0.3383154,16.46733,-35.97830870396474,0.3017439,-11.42216335673826,0.19699524,18.935802,21.231733,17.568674,3.6630592,2.2959309,1.3671284,427.52475,,,0.974377,0.39621875,0.5125163,207.57448797835627,31.69511125737496,1,0.4059977546262337,True
659547998453087488,129.1709698374972,0.03289636,18.307254330636283,0.02163869,5.380658040661169,0.03804737,141.41997,-36.29568522482134,0.037568204,-11.796014827294211,0.031327896,15.448349,16.675869,14.348002,2.3278666,1.22752,1.1003466,1603.0941,45.58025,4.694623,0.98881966,0.0,0.0,207.0501654987253,31.181555060301186,1,0.8184277628436113,True
659645030354241536,129.4090999857364,0.015451058,18.482426841969527,0.0099978605,5.331996735843282,0.01842755,289.34918,-35.35650686459711,0.01782043,-11.566107587401046,0.013184802,12.764074,13.312497,12.0323515,1.2801456,0.5484228,0.73172283,1356.0994,35.85262,1.8647839,1.0213232,0.055210654,3.2999368,206.9541367870771,31.45544291950721,1,0.6037458037253058,True
659729417871499392,128.77579551443557,0.07260601,18.82347509694967,0.052139156,5.353754383329956,0.08036915,66.61454,-34.9478402784184,0.08182088,-12.63356504000305,0.06013731,16.790026,18.439926,15.561098,2.878828,1.6499004,1.2289276,1003.78064,,,1.0106443,0.07811267,0.22633888,206.33039227397356,31.017346168074447,1,0.9859944374355153,True
659738179604773248,128.93569354055603,0.09599075,18.960585387354836,0.06225938,5.742162170087961,0.11257969,51.00531,-38.23718883829075,0.12127654,-13.375122189821942,0.0908631,17.48563,19.290098,16.218845,3.0712528,1.8044682,1.2667847,853.7273,,,1.0046068,0.17407973,0.5499881,206.24373275081183,31.207560380474657,1,0.3454911276073338,True
659765220718853504,129.15157293491978,0.018110758,19.18515335943704,0.012183425,5.435832089780047,0.023409946,232.20183,-36.243970470199685,0.023153337,-12.776883128385467,0.015433532,14.067384,14.935506,13.150421,1.7850847,0.8681221,0.9169626,2933.496,37.702194,3.258998,1.0430522,0.0,0.0,206.0824991573758,31.47792258394787,1,0.855445910762788,True
660089366194194176,131.56530709259383,0.15248048,18.09716169579469,0.07951402,5.35386367833271,0.1778129,30.109535,-36.11383790742036,0.18750978,-11.206650803108158,0.14415812,18.461275,20.409088,17.158943,3.250145,1.947813,1.3023319,605.82275,,,0.99381554,0.0,0.0,208.2501648547682,33.22771617462161,1,0.6186488363040568,True
660160976185029120,131.09397460293906,0.055896226,18.385853432925177,0.02834247,5.511617472723205,0.06103069,90.30895,-37.80250194901918,0.06832833,-12.011923006068066,0.05032641,16.81265,18.506523,15.571426,2.9350967,1.6938725,1.2412243,867.84015,,,1.0121919,0.057686426,0.17481895,207.73713021114128,32.91323766677169,1,0.5060918257786562,True
660965097142415872,131.11322128699695,0.10016162,18.87237359528531,0.049826823,5.432492011148356,0.11916272,45.588852,-35.876280835301515,0.11170153,-11.435943611583587,0.091264926,17.674332,19.444376,16.394993,3.0493832,1.7700443,1.2793388,1138.8176,,,0.95664406,0.0,0.0,207.20243354520113,33.102918461023236,1,0.6505469071985998,True
660966883848803072,131.1368857642153,0.046278547,18.963989506909748,0.024385097,5.468165155932683,0.05537395,98.74977,-36.79999601371513,0.063412756,-11.882414655319652,0.057937875,16.14758,17.638771,14.952835,2.685936,1.4911919,1.1947441,1408.9344,,,0.9768632,0.0,2.0896057e-15,207.1094386807872,33.156113700189174,1,0.5945888980061048,True
661105525392825856,131.6621107092397,0.059951186,19.619042855420524,0.029560192,5.3507581490815035,0.071878865,74.44133,-38.26229976030858,0.07100591,-12.514763541169174,0.049210794,16.699612,18.287182,15.479191,2.807991,1.5875702,1.2204208,1263.1803,,,1.0111812,0.0,0.0,206.579541651023,33.84865042910343,1,0.36212059731340546,True
661222962682863616,130.55452026605215,0.20271729,19.31459752078877,0.09409487,5.622915172122113,0.21210136,26.510511,-36.69986353709541,0.25563446,-12.412900256120144,0.16502352,18.674105,20.582832,17.36896,3.213873,1.9087276,1.3051453,511.59494,,,1.0803661,0.57008463,1.7386208,206.48839343831855,32.76357594297732,1,0.46744450603226156,True
661233137463057152,130.52689636357084,0.029371835,19.41120298854043,0.0127643775,5.522904733547058,0.033258196,166.06148,-37.184535543737795,0.03484599,-12.257561153056246,0.023896262,7.9242454,8.014535,7.738603,0.27593184,0.09028959,0.18564224,2730.846,37.286182,0.33887225,0.94052774,0.16589831,20.386328,206.36990775083856,32.772824450788846,1,0.5768629200651376,True
661242895630246016,130.21868306998428,0.019740399,19.483157593693104,0.011266915,5.383248223825784,0.024520867,219.53745,-35.338173513869855,0.022912618,-12.309617200646784,0.01602,10.175888,10.433624,9.760421,0.67320347,0.2577362,0.41546726,3571.5977,34.4404,0.28902254,0.9640397,0.13787058,25.02682,206.16964417807503,32.5254173609715,1,1.0,True
661297321454333312,130.08628118607928,0.032187834,19.6866770511534,0.020993654,5.415197004897787,0.038050625,142.31558,-35.68738263966356,0.039589725,-12.850590232303354,0.026793448,7.667654,7.7443647,7.5087214,0.23564339,0.0767107,0.15893269,2250.301,56.563667,4.810092,1.0576131,0.20585681,24.997,205.8919860768912,32.47909471272468,1,0.934489742884313,True
661298451027341056,130.02025694088056,0.017082948,19.729201604791708,0.011534997,5.288666627082091,0.02081041,254.13562,-35.708902751768676,0.020236218,-12.741696318015364,0.013994441,9.695884,9.9146385,9.303516,0.61112213,0.21875477,0.39236736,3913.969,35.996925,0.3763316,0.8416172,0.07164712,4.783324,205.81920356498176,32.435503257440615,1,0.6110704479108775,True
661315837054947840,129.8408839749019,0.014539325,19.861139939037443,0.009196828,5.364387641278777,0.017470501,307.05402,-35.13779372463191,0.016660128,-12.878717076836146,0.013661688,12.2768755,12.754824,11.644432,1.1103916,0.4779482,0.6324434,2420.6912,34.418633,1.2642293,0.9870262,0.051786337,3.0421414,205.6035343490799,32.32272837213466,1,0.9887895551107911,True
661362055200029056,131.07143371205757,0.02152824,19.865322441576986,0.008517827,5.377829690877065,0.023850737,225.47855,-36.89865560815697,0.024990106,-12.36649577469133,0.017155955,13.933509,14.757605,13.040434,1.7171707,0.8240957,0.893075,4119.864,35.088615,2.5647,0.99917483,0.0,0.0,206.07259836649345,33.4109541693589,1,0.7532904698510634,True
661458979725746304,130.72954233134868,0.26506287,20.520569422410325,0.117594145,5.362247895181028,0.31601518,16.968325,-35.49154428401978,0.32452565,-13.755967387725905,0.25537565,19.052378,21.026205,17.677507,3.3486977,1.9738274,1.3748703,455.11798,,,1.0680356,0.827417,2.6863186,205.20413994680908,33.33160952797302,1,0.7076676599979135,True
661588004838893568,132.3910773848814,0.01520209,20.508028977877075,0.008168449,5.490182962772139,0.017545098,312.91833,-38.10415738704293,0.018853623,-12.984558606792394,0.014285454,9.233123,9.427061,8.893361,0.5337,0.19393826,0.33976173,6276.97,36.904892,1.2208148,0.8470001,0.07300382,6.6410995,205.84719845101196,34.79381240193495,1,0.45926351709560387,True
661768771422658816,131.35814387647122,0.01917091,20.42288502943049,0.009216535,5.29094445532453,0.021837056,242.29202,-35.59779996289146,0.02279919,-12.938327574249486,0.016109621,14.131704,15.016456,13.204012,1.8124437,0.8847513,0.9276924,4285.228,31.276382,2.5866985,1.0060458,0.0,0.0,205.55236450605832,33.85334593305391,1,0.6490922393062681,True
661800893481594240,131.67333140375737,0.22664174,20.64696823602167,0.118447356,5.705762371640213,0.27484572,20.759872,-36.136751302668,0.2911784,-13.796224390850169,0.21273938,18.872736,20.958263,17.486073,3.4721909,2.0855274,1.3866634,484.0042,,,1.0442922,0.8458561,3.2714658,205.41672848445916,34.20647076614727,1,0.38128394002602994,True
662603575626986368,128.22101750646968,0.040133696,18.508112082905207,0.029732661,5.42392287805779,0.04905113,110.57693,-35.21679348025228,0.05024263,-12.862170964024411,0.035613462,15.75156,17.076246,14.613261,2.462985,1.324686,1.138299,1281.4869,,,1.122669,0.10523481,1.17966,206.4531889777242,30.413557629636426,1,0.9791486066967524,True
662661540505500160,128.30983838772443,0.03145543,19.07673781165812,0.022777684,5.3074669851032645,0.036125995,146.91545,-33.52835532893346,0.03711484,-12.71841806877032,0.03056132,15.448019,16.646915,14.3587,2.2882156,1.1988964,1.0893192,1764.1711,25.239595,10.106371,1.1021917,0.08858586,1.1808053,205.87174933217003,30.695875517284165,1,0.39423334461545895,True
662748569425476224,128.81669906751526,0.09552447,19.20213068806482,0.05721509,5.010881854918793,0.11468944,43.690876,-34.0938485114864,0.11278278,-12.452264987278667,0.08092406,17.36734,19.10139,16.122799,2.978592,1.7340508,1.2445412,864.7029,,,1.0171595,0.120419085,0.30682996,205.93308151039164,31.18806120173028,1,0.36715074324308905,True
662799009521584640,128.94693083025558,0.08585328,19.589555546397698,0.063475356,5.428411151846335,0.10928548,49.67184,-35.23288134863884,0.110261776,-13.683847620433689,0.077437095,17.375166,19.08907,16.119713,2.9693565,1.7139034,1.2554531,841.5604,,,0.9899784,0.0,1.2392454e-15,205.55912770015743,31.43929741471111,1,0.7081620656386349,True
662859693116109312,128.54248917827698,0.015633728,19.804890789305336,0.010441643,5.355235074098942,0.017262388,310.22562,-34.055412282789746,0.01834409,-13.510765076058224,0.01334012,13.541223,14.260448,12.71944,1.541008,0.7192259,0.8217821,3949.9924,34.691776,1.8438554,1.0200609,0.0,0.0,205.16738301581165,31.1576722601223,1,0.5352274851649306,True
662915940008482304,127.67725953910752,0.107895955,19.37518457351098,0.065813035,5.267143677097991,0.11990022,43.92939,-34.352144600667955,0.121381,-13.237458778972147,0.08465706,17.791424,19.618942,16.51124,3.1077023,1.8275185,1.2801838,1078.447,,,0.9953066,0.114736944,0.24486569,205.3019475045932,30.243495870836732,1,0.6476636203303953,True
663050527103803136,128.35241903956546,0.07089169,19.88266337061568,0.04575237,5.59092307623444,0.07956032,70.27276,-36.07698583864726,0.08626511,-13.4896173826922,0.06351283,16.713045,18.43683,15.450999,2.9858313,1.7237854,1.2620459,1229.4834,,,1.0956113,0.2488432,2.800928,205.0095097873563,31.017196548595823,1,0.5036596091183888,True
663916289430964480,127.32846333902272,0.0427935,20.717933515691232,0.029125053,5.2569598477710935,0.051428664,102.21848,-35.031419660760285,0.050147515,-13.993958081795522,0.034483723,15.966128,17.324915,14.820287,2.5046282,1.3587866,1.1458416,1317.458,,,1.1202862,0.16309714,2.6212492,203.7116663789908,30.40490350000747,1,0.4604334972358527,True
664286446892777472,129.2330795681583,0.042926904,19.599107638571414,0.028775496,5.331062338957814,0.050675917,105.19913,-35.39953445081392,0.049695726,-13.41789808710948,0.037457075,16.02565,17.432304,14.862395,2.569909,1.4066544,1.1632547,1545.3318,,,1.0548567,0.10351646,0.9285307,205.65915856292315,31.69522632382263,1,0.7084244564707947,True
664309296118640128,129.36607666411655,0.052715123,19.903459417450023,0.034341794,5.173299131491828,0.06268259,82.53167,-35.17661667251843,0.061887395,-12.666639499956805,0.040888883,16.275467,17.778013,15.081557,2.696456,1.5025463,1.1939096,1133.485,,,0.9907497,0.0,1.2787531e-15,205.37450279298997,31.918336900437033,1,0.49533242046479475,True
664313384927507968,129.2817275618694,0.11356444,19.95756730001511,0.069007225,5.62102457498755,0.13556565,41.463486,-34.55942098846346,0.1437706,-12.61932121052285,0.08681149,17.586395,19.315987,16.30211,3.013876,1.7295914,1.2842846,603.87,,,1.0241818,0.23475243,0.8438315,205.28242236286985,31.862629491959932,1,0.34422449668058214,True
664316644805338624,129.72566484274373,0.17038198,19.86230525889335,0.11366258,5.40724630218813,0.2184843,24.748901,-35.95717147879236,0.21137324,-13.599157424468448,0.15821914,18.414936,20.420614,17.099281,3.321333,2.0056782,1.3156548,539.1226,,,1.1118829,0.5275019,1.7997353,205.55798829650615,32.22142993139481,1,0.9690936836777794,True
664352245791631488,129.04744278498524,0.027631957,19.877797073188624,0.019127209,5.421608974384824,0.034272335,158.19199,-35.75654975773037,0.03334204,-13.43291075302124,0.025361883,14.780492,15.805687,13.780856,2.0248308,1.0251951,0.9996357,2480.735,35.659416,4.496763,0.9359843,0.0,0.0,205.2807722674674,31.62836377400239,1,0.9690936836777794,True
664380111539399552,129.11776746081492,0.013558503,20.228534376259375,0.008317241,5.354397634991167,0.0151355015,353.76416,-35.12815085463503,0.01615995,-13.0427850772018,0.010473964,12.346547,12.83371,11.704664,1.1290455,0.4871626,0.6418829,2715.0007,34.45715,0.8825242,0.9023219,0.031769797,1.1355441,204.9205609449343,31.8113836308819,1,0.8824163976235669,True
664452954184200704,129.97619336998247,0.015754558,20.56015085360403,0.011034692,5.391948895189164,0.019840004,271.77158,-35.58992649440682,0.017878901,-13.643239589313694,0.013352723,9.243944,9.440454,8.902309,0.5381441,0.19650936,0.34163475,6416.798,35.110603,0.52637607,0.9745048,0.08866363,8.156129,204.87598534839003,32.68083875218198,1,0.8474144179275537,True
664509437297849856,129.86045507047857,0.1622176,20.86232528454448,0.09904894,5.313206614146726,0.17636855,30.125591,-35.31983215467018,0.18033591,-14.799064069349278,0.12461321,18.211275,19.90107,16.919949,2.981121,1.6897945,1.2913265,518.6876,,,1.0207311,0.23890875,0.44336042,204.49463245171873,32.68061753538865,1,0.43831350423329213,True
664509987053483008,129.51013474263715,0.16060291,20.6211777494464,0.109614484,5.401618421340183,0.1958145,27.585384,-35.798688908075334,0.18562447,-13.49689488766982,0.13582611,18.224903,19.989838,16.889593,3.1002445,1.7649345,1.33531,544.88635,,,1.0250663,0.33440563,0.83937186,204.63295200215245,32.29091237246108,1,0.9690936836777794,True
664559847330171136,130.02695829932,0.06732008,21.264758206565467,0.048292674,5.252465598561655,0.086786546,60.52166,-35.940398856740515,0.08524432,-13.148560687474555,0.061334092,16.735916,18.407703,15.478051,2.9296522,1.6717873,1.257865,715.8753,,,0.97461045,0.0,1.3194447e-15,204.1046704342494,32.96115243712765,1,0.5638124706887438,True
664600907218072064,129.06640035560602,0.020241601,20.55304784091706,0.012733744,5.494860269369163,0.024245258,226.63649,-36.47573970121752,0.023831433,-14.202406470006611,0.016691877,14.089151,14.949866,13.171012,1.7788544,0.8607149,0.91813946,2646.5366,34.870003,2.754039,0.9995137,0.0,0.0,204.54218277382068,31.87705049689535,1,0.5410780831945161,True
664634820279791488,128.3059578485135,0.04530999,20.550269051612684,0.029712237,5.395917724698996,0.055985935,96.37988,-35.227790082365416,0.055423126,-13.338415011560723,0.038229473,16.2858,17.868862,15.0678,2.8010626,1.5830612,1.2180014,1726.5577,,,0.95447,0.0,0.0,204.26011772261015,31.20680584193986,1,0.6925884044147435,True
664763085183100160,129.59521941120002,0.15712525,21.433419939639226,0.1059243,5.508799784863046,0.19832279,27.776937,-35.996151858589755,0.19257756,-14.025043840921676,0.12357177,18.351088,20.085442,17.059292,3.0261497,1.734354,1.2917957,523.52026,,,0.98565423,0.0,0.0,203.7571715850852,32.637392667010396,1,0.5750869030431733,True
658607950370340608,130.41020388852144,0.02138963,17.639972856231594,0.010651955,5.362839783674979,0.02446855,219.17276,-36.07493856438083,0.025484435,-11.418093246106976,0.017894173,14.507648,15.479958,13.531448,1.9485092,0.9723091,0.9762001,3022.187,33.25529,2.0312111,1.0732845,0.0,1.8947807e-15,208.28298070362243,32.03738359770195,1,0.746220373755735,True
658776313088864896,127.78142194548708,0.08735182,16.584404761367878,0.05567439,5.772573137489339,0.10421104,55.39311,-38.465415412267134,0.10440509,-13.561512557120778,0.067931175,16.648687,18.37926,15.371769,3.0074902,1.7305717,1.2769184,737.5536,,,1.2305226,0.37541217,5.4657044,208.33547962700587,29.31267272301186,1,0.3961275955567026,True
659331875699052544,129.66628597808403,0.12750687,17.9058168077206,0.08289561,5.123006369770302,0.16386242,31.26407,-34.025052586590746,0.16857862,-11.666555935113047,0.10931509,17.879293,19.609613,16.606573,3.0030403,1.73032,1.2727203,689.8102,,,0.9450889,0.0,0.0,207.68798525582577,31.474739463266495,1,0.34065952960271745,True
659354450047069824,129.33001223946715,0.020040594,18.148203734795647,0.01194679,5.3463809920639696,0.023892395,223.76915,-35.64061398074026,0.024835803,-12.25886133527742,0.015556665,13.91338,14.734272,13.025857,1.708415,0.82089233,0.8875227,3181.9858,34.65042,2.5995762,1.0039324,0.0,0.0,207.28746386814564,31.264846699204412,1,0.7683104186801374,True
659411796450014464,130.35057936644913,0.026215512,18.234042186181004,0.01305971,5.423180207356142,0.030814687,175.99335,-36.35807140363803,0.029885335,-12.383160055812468,0.020919109,14.8558655,15.970775,13.7991495,2.1716251,1.1149092,1.056716,656.7428,0.04492992,7.2431383,0.96284014,0.0,0.0,207.60502191560303,32.1999764919719,1,0.773503841992567,True
659439078082230016,129.795520885907,0.015606785,18.175935282173857,0.009620708,5.623993783014824,0.017747743,316.885,-37.28191589612863,0.019290365,-11.98390267937123,0.013466285,10.117974,10.385915,9.692779,0.6931362,0.26794052,0.4251957,3089.4426,35.45472,0.29373935,0.9169412,0.07887922,7.733678,207.44481579686948,31.687225095429387,1,0.456803345630582,True
659479656933168128,129.83769128309106,0.12361107,18.436665395233103,0.08225611,5.223374582798438,0.14757372,35.39502,-33.0619523913372,0.14681725,-11.749181125621188,0.100973,17.999815,19.919434,16.696325,3.2231083,1.9196186,1.3034897,785.8198,,,0.9743935,0.0,0.0,207.17571312203697,31.81845872099295,1,0.3302369635733463,True
659524152794716032,128.69627203528933,0.0133045865,18.0210883956705,0.008865835,5.222356769389283,0.017216835,303.3285,-33.930302466925184,0.016165523,-11.729223394343569,0.011844491,13.235995,13.88022,12.466862,1.4133587,0.6442251,0.76913357,2493.0938,36.25008,1.2925957,0.98160857,0.0,0.0,207.1702120343488,30.657414540810223,1,0.4429711520550848,True
659649424103955200,129.67349571723113,0.24371871,18.57117154156473,0.17036994,5.609876402765741,0.28496724,19.686039,-36.24196025893538,0.27647924,-13.393571914625008,0.20077416,19.009869,20.958733,17.63796,3.3207722,1.948864,1.3719082,384.8724,,,0.99724615,0.57944965,0.9696551,206.96238148714937,31.72128776174812,1,0.5068915255855725,True
659689865516277632,129.5335450198762,0.153762,18.74158789910775,0.097677894,5.515278519872773,0.18830463,29.289127,-35.61457356695581,0.18684329,-12.283079376025984,0.13112105,17.87221,19.759407,16.600128,3.1592789,1.8871975,1.2720814,648.02826,,,1.1283774,0.54949903,3.2741046,206.7196581051355,31.658302158486514,1,0.6761158783033937,True
659716601689157760,129.22527692302302,0.01503332,18.756806876208145,0.009437924,5.497162839559035,0.018968597,289.80334,-35.98593645418099,0.018654604,-11.76879409696103,0.012682536,12.414136,12.913647,11.762989,1.1506577,0.49951077,0.6511469,2616.8782,34.633812,1.205175,1.0270327,0.061718255,4.6639333,206.58082648752995,31.391023138233948,1,0.5854080592012026,True
659766114072052608,129.0943682051362,0.013581373,19.191429365678836,0.009526719,5.525287739681772,0.018733952,294.93442,-35.3524177743877,0.018446393,-12.25326246043851,0.012199598,12.118415,12.583787,11.495761,1.088026,0.4653721,0.62265396,2374.667,37.121662,1.0788469,0.9699022,0.059840813,4.4916162,206.0532534924225,31.42959199709042,1,0.5560755969797416,True
659770340319909760,129.4008439634338,0.014074544,19.26501824805022,0.00868711,5.311051848241061,0.016046433,330.98022,-34.61359722646077,0.017169986,-13.04284243525158,0.011123237,13.078225,13.703674,12.326109,1.3775654,0.6254492,0.7521162,2058.3174,35.51926,1.2794197,0.98745865,0.0,0.0,206.09214225154133,31.726337248152568,1,0.7257045175156729,True
659950282269629568,132.75150725105306,0.042238075,18.05098399282677,0.02399736,5.436517916712066,0.049370296,110.11718,-38.600954598570915,0.05625252,-11.99229985247614,0.047968686,16.117592,17.540934,14.945022,2.595912,1.4233418,1.1725702,1099.0935,,,1.0047233,0.0,0.0,208.7886426310612,34.26371676354839,1,0.31769112468332883,True
660325795553877376,132.10587343519768,0.110781446,19.16089085077436,0.05442062,5.407199619366546,0.12912968,41.874184,-37.643718319221655,0.14260398,-12.239909631663116,0.0926171,17.62489,19.353298,16.368528,2.9847698,1.7284088,1.256361,882.9613,,,1.0531029,0.3206755,1.9084787,207.27239185494753,34.08301083241233,1,0.5403511878593964,True
661004713920630656,130.3345848287639,0.081357785,18.961846106150087,0.03946263,5.595446350142756,0.096813485,57.796146,-35.46317110401124,0.10603826,-13.150913943069783,0.08230596,17.06621,18.721205,15.820438,2.9007664,1.654995,1.2457714,998.2651,,,0.9685467,0.0,0.0,206.79392875013087,32.44520749244329,1,0.4292068535365843,True
661026738512909440,130.57997330719994,0.043720677,19.03738445711464,0.019844228,5.411434991523064,0.051103912,105.890816,-36.23561053094835,0.052762415,-11.72606811385118,0.03569,16.121225,17.492434,14.972607,2.519827,1.3712082,1.1486187,1843.4686,,,1.0034839,0.0,0.0,206.80703782586323,32.68896393555477,1,0.8571758857024279,True
661049862616788992,131.3297309901419,0.014566371,19.00296458746004,0.0075671864,5.4177258917688675,0.017211946,314.76544,-36.380228309046366,0.018113708,-12.736542574378896,0.015088843,13.4305935,14.13331,12.62105,1.5122604,0.7027168,0.8095436,3740.6255,34.666534,1.4681214,0.9186679,0.0,0.0,207.14235288292065,33.340546284959885,1,0.8999518821304406,True
661167785238757376,131.35834679955272,0.032591317,19.69839917302292,0.017303098,5.553333110311186,0.038085144,145.81363,-37.57178615179285,0.03879282,-13.122918798522814,0.02859361,15.639099,16.919746,14.519704,2.4000425,1.2806473,1.1193953,1994.0248,,,1.0176473,0.0,0.0,206.3717213157594,33.607293741098175,1,0.5615865832588773,True
661194310958749696,130.31410718748725,0.04031346,19.08615387034822,0.023124097,5.49473159001615,0.049115792,111.87302,-36.61033858491799,0.04923945,-13.484068336013864,0.036366783,15.783973,17.118952,14.638469,2.480483,1.334979,1.145504,2057.5571,,,1.1907218,0.16008891,3.260601,206.64796998497363,32.47088562352971,1,0.8785181338888631,True
661195955927826944,130.35617960202052,0.12981455,19.127312099348607,0.07298271,5.236743134524959,0.15837075,33.066353,-35.96948057046526,0.16368861,-13.78884287742498,0.11952527,18.14409,19.709702,16.772776,2.936926,1.5656109,1.371315,493.20755,,,0.9902884,0.4211448,1.9423987,206.618852387087,32.522570406937305,1,0.47609008138812947,True
661204167906246784,129.91501499231285,0.17189962,19.11556417045651,0.10191205,5.389099655665569,0.2124818,25.362642,-36.8730521786194,0.2132292,-13.038167669213117,0.13673896,18.242222,20.158995,16.93694,3.2220554,1.9167728,1.3052826,576.66345,,,0.9571619,0.43637502,1.4232802,206.4583681497064,32.12824898679846,1,0.6918162850561287,True
661219290488437632,130.0171832155127,0.06820539,19.413899735425147,0.051292833,5.494177333039889,0.122724846,44.768257,-36.332178109769174,0.118153,-14.124028090392176,0.07599598,16.804476,18.413382,15.564151,2.8492308,1.6089058,1.240325,653.1123,,,0.9387714,0.0,0.0,206.16808135546225,32.323190163110354,1,0.5392968484017366,True
661224581888230400,130.3264851736334,0.02713907,19.26093580046797,0.013057764,5.371127367236276,0.03063361,175.33446,-36.20813629643266,0.035957426,-12.757333376390436,0.021641323,8.002527,8.064988,7.77214,0.2928481,0.0624609,0.23038721,3504.2231,,,0.945574,0.16435616,20.562164,206.45875729400265,32.54315947214452,1,0.8904398598695535,True
661254303061774976,130.36950759312612,0.12604584,19.71352232323495,0.06612683,5.200325938578545,0.14399078,36.11569,-37.38450563927793,0.14412719,-13.465619967094486,0.10094443,18.004644,19.822706,16.724375,3.0983315,1.8180618,1.2802696,743.7697,,,1.0506775,0.44266972,2.486567,205.9715783733991,32.73856967874056,1,0.3192140157631019,True
661258937329286400,129.81390277269185,0.13554779,19.324524766300087,0.08738988,5.42803312040972,0.16180743,33.546253,-35.90193973341768,0.1531777,-12.5714189014561,0.11296813,18.060472,19.94868,16.759829,3.1888523,1.8882084,1.3006439,642.81177,,,1.0267422,0.15207145,0.21925333,206.18776490838184,32.112267914207756,1,1.0,True
661277461525418752,129.4440397949962,0.017668942,19.438285721189487,0.01094358,5.393650904365178,0.021162573,254.86745,-35.785686205228444,0.021809595,-13.6468170135254,0.014028368,10.50494,10.793223,10.0554,0.7378235,0.28828335,0.44954014,1765.4673,34.929283,0.38483852,0.9470475,0.079662874,6.557699,205.9181137692467,31.82530765108582,1,0.9690936836777794,True
661297493252924416,130.10875033996464,0.016760109,19.686421177535856,0.011302116,5.420131727286553,0.019213649,282.098,-35.754495050693265,0.019952357,-12.466849485026936,0.014246304,9.279027,9.482112,8.930046,0.55206585,0.20308495,0.3489809,6075.3677,34.83282,1.4745771,0.89114755,0.08083484,6.5233736,205.9009564890413,32.49885281232973,1,1.0,True
661308935045711872,129.9445933334547,0.097389065,19.736770867303452,0.070217066,5.323592452342821,0.12608555,42.222065,-34.87069323660127,0.12374432,-12.908674638864689,0.08714552,17.583752,19.315256,16.330633,2.984623,1.7315044,1.2531185,672.322,,,1.0003842,0.0,0.0,205.78159722320416,32.3713042313133,1,0.8419307237709124,True
661359061606102016,130.80509665693998,0.19450165,20.00441984523049,0.089851215,5.695872440928407,0.23803025,23.929195,-36.09199118348097,0.26281106,-14.065948639340291,0.1989034,18.481003,20.458548,17.146425,3.3121223,1.9775448,1.3345776,648.83466,,,1.0599561,0.82453287,5.5414243,205.81369544166287,33.22325781606994,1,0.33506057414106033,True
661401225301656192,130.39079214876287,0.020524248,19.969028435862658,0.010331726,5.50070087444793,0.023306465,236.01608,-36.38555541453016,0.024137616,-13.583860005404585,0.017363543,11.505991,11.889026,10.959602,0.92942333,0.3830347,0.5463886,1876.1553,34.501698,0.33694863,1.0030555,0.13677897,27.68805,205.69440403515907,32.845308286396424,1,0.8104963109501916,True
661407375694800000,130.7362788857469,0.063085854,20.071638163311064,0.028308429,5.45026454002424,0.079013266,68.9791,-35.91553242697735,0.09059696,-12.66571916798504,0.07003483,16.700964,18.315378,15.475431,2.8399467,1.6144142,1.2255325,1135.6809,,,1.0732416,0.13667771,1.0752184,205.7118089409302,33.18543610719523,1,0.9670521930343491,True
661413800965826816,130.22397139856002,0.05492938,19.998881959728767,0.03398385,5.348492869420503,0.06529026,81.91869,-35.80720968570132,0.0668452,-13.781631127316068,0.044517957,16.455452,18.068047,15.182517,2.8855295,1.6125946,1.2729349,1031.583,,,1.0773642,0.17853974,1.8410112,205.59710680275344,32.708276287022265,1,0.684033192458353,True
661419264165477504,130.09280502885142,0.02052262,20.106698471458696,0.013934463,5.394767143502848,0.026301121,205.11548,-36.069675234337325,0.025133004,-13.044343181128992,0.018088032,9.960863,10.211763,9.554463,0.6573,0.25090027,0.40639973,3248.8054,35.676105,0.38777626,1.0125248,0.14780357,23.084253,205.4266359889455,32.62945283254549,1,0.9080204489014808,True
661690736160492928,132.64680158634985,0.09238145,20.71038032792609,0.046621133,5.527622396620102,0.112285316,49.228363,-38.98039639942442,0.11729521,-13.387577174165422,0.07586083,17.427797,19.192507,16.1638,3.0287075,1.7647095,1.263998,958.55536,,,0.9934652,0.0,0.0,205.71112113448893,35.08672081488557,1,0.3256268573301576,True
662776576909207168,129.01367256253226,0.087007344,19.424598891766873,0.066081814,5.22486152234612,0.115821466,45.11134,-35.27763374611148,0.10616455,-12.200184971569604,0.0754039,17.564384,19.295158,16.31269,2.9824677,1.7307739,1.2516937,770.75385,,,0.99535847,0.0,0.0,205.766048521453,31.44041617354151,1,0.5478138748010132,True
663002663987903872,126.96216131255922,0.02994879,19.80571197087821,0.017994326,5.48408477158727,0.03625972,151.24455,-33.79435145858639,0.032421935,-14.055783764905147,0.023104053,15.080159,16.205997,14.025124,2.1808739,1.1258383,1.0550356,1957.4031,40.505924,3.9172134,1.0754827,0.0,0.0,204.56194188178023,29.765412628624215,1,0.3483352109542667,True
664319118706857088,129.88203430170327,0.15167618,19.954563628025458,0.115949474,5.6441799851531,0.19295815,29.2508,-34.94866825846341,0.17976984,-12.997944536964996,0.1443323,18.2559,20.26112,16.933687,3.3274326,2.0052204,1.3222122,500.15033,,,1.0365864,0.0,0.0,205.51550134760092,32.39124828367571,1,0.37193229543242307,True
664344824088164352,129.81230074952262,0.027888289,20.210719617398567,0.018674456,5.247180731459924,0.032679237,160.5662,-35.30032696355547,0.03479697,-11.645168106170097,0.023560658,11.141364,11.487199,10.627084,0.86011505,0.34583473,0.5142803,2090.991,35.02852,0.43941578,1.2800319,0.19208077,40.608353,205.20389961839777,32.41758546133385,1,0.5319732435132244,True
664366024046570112,129.0660836780007,0.025747277,20.12018709068705,0.017048432,5.416865759713074,0.030202756,179.35005,-35.284359984694646,0.029008314,-12.876495400862485,0.021196973,14.907866,15.962052,13.887813,2.0742397,1.0541868,1.0200529,2628.4858,36.35322,4.340684,0.9843181,0.0,0.0,205.0206104410112,31.728572952853256,1,0.9275991537862153,True
664380867453522432,129.14529248066253,0.038498987,20.27513186174734,0.02587372,5.482596041487705,0.04871868,112.53581,-35.458171476976254,0.047400996,-14.403835147447126,0.034027215,15.727313,17.08125,14.585073,2.4961758,1.3539362,1.1422396,1625.699,,,0.949621,0.0,0.0,204.87946856183123,31.851624322383497,1,0.5575077703784876,True
664399078114921600,129.5889744868829,0.022541618,20.44804947477717,0.015221605,5.370599381253776,0.026148751,205.38646,-34.19884941981192,0.027738325,-13.95986681033784,0.02015709,14.586514,15.586896,13.595594,1.9913015,1.0003815,0.99092007,3847.9705,25.344437,3.3951557,1.0551578,0.0,0.0,204.85525073484968,32.30162519607929,1,0.5805888650439658,True
664401964332947584,129.53390885882294,0.032582913,20.44608862548237,0.022266557,5.482580349259652,0.038131505,143.78085,-36.32283723510629,0.039812963,-13.64301417854682,0.028436325,15.453122,16.693665,14.345189,2.3484755,1.2405424,1.107933,1525.1528,30.396639,7.3769746,1.0130879,0.0,2.4416339e-15,204.83667660905272,32.252437783293814,1,0.6883817776734898,True
664437561021480192,130.23946210289986,0.1745529,20.47811462300478,0.09877882,5.532067999898679,0.19463393,28.422937,-36.32190061945252,0.20935422,-12.09831716775815,0.13207172,18.398144,20.402775,17.101847,3.300928,2.004631,1.2962971,563.43536,,,0.9751626,0.0,0.0,205.06696602908843,32.88515285753639,1,0.7285645669470503,True
664442233945917440,130.04159855659705,0.024390398,20.418891898831973,0.015742453,5.537972562141258,0.027673407,200.11894,-36.200923375940576,0.029879678,-14.299105820659406,0.019943705,14.657826,15.824147,13.585366,2.238781,1.1663208,1.0724602,2080.898,26.444645,5.324113,1.1836994,0.08493315,2.1668978,205.0585563798307,32.690656517141925,1,0.509520827236559,True
664444639127529728,129.86094786716814,0.055092238,20.43115023866976,0.035636123,5.304670602997062,0.06352264,83.50835,-35.766529256728546,0.061484374,-13.04114047213064,0.043514032,16.380161,17.92849,15.16001,2.7684793,1.5483284,1.220151,1555.8124,,,1.0609,0.12999986,0.9783653,204.976658132741,32.53557117313128,1,0.7629193689053108,True
664444914005442304,129.79217083003346,0.016105035,20.408322311397356,0.011403581,5.520692329542208,0.018589674,296.97632,-36.82035668856983,0.018631544,-13.830031552614615,0.0132949045,13.751353,14.55786,12.874062,1.6837988,0.8065071,0.8772917,3378.1462,32.71947,2.2719738,1.0561802,0.009807743,0.053538848,204.9761517297615,32.46719422797926,1,0.604497453055576,True
664461853356491264,130.40191915429452,0.08090884,20.567834617072695,0.04095893,5.509445900308523,0.09732105,56.611042,-37.96766567978251,0.103359625,-14.05397713275433,0.07141383,17.14029,18.837366,15.886979,2.950387,1.6970768,1.2533102,873.8358,,,1.0413228,0.060190503,0.109927155,205.02750803216455,33.05865310119589,1,0.5210498867026652,True
664463502623929088,130.4337431810143,0.06935038,20.604406728885927,0.034762558,5.431695245012729,0.08994584,60.38851,-35.79377315165561,0.09779884,-13.448622826383144,0.068194315,16.841192,18.462273,15.606036,2.8562365,1.6210804,1.235156,889.49316,,,1.0529617,0.18431215,1.4812547,204.9983789438012,33.09901809737548,1,0.9690936836777794,True
664486794229860864,130.49667667639088,0.022420375,20.91859823252928,0.011996001,5.337349437501552,0.026520073,201.25696,-35.85535275796515,0.026808271,-13.16127723357232,0.020916888,11.109174,11.44451,10.610855,0.83365536,0.3353367,0.49831867,2427.723,33.367752,0.28237596,1.3663548,0.18911032,66.03181,204.66817985298465,33.259649196474605,1,0.7141795683902592,True
664604549350339200,128.98523402824983,0.16811347,20.618546550388107,0.1004314,5.593707746588075,0.19870712,28.150515,-35.70620041346794,0.19002558,-13.064732570837291,0.14078906,18.261251,20.311405,16.942785,3.36862,2.0501537,1.3184662,462.11548,,,1.0401307,0.6573894,3.2911074,204.4392458670539,31.827871236826116,1,0.5064047391627823,True
664641413053011328,128.30790289705072,0.16561294,20.713387664114975,0.104844466,5.106633414044466,0.23180035,22.03031,-34.31830947510821,0.1983625,-12.319082212438284,0.1480391,18.589108,20.455679,17.282192,3.1734867,1.8665714,1.3069153,674.862,,,0.98580843,0.0,0.0,204.0815406889176,31.26422055527689,1,0.37402214054309835,True
664704738050818560,129.326165709124,0.3240793,20.84298203668044,0.23687522,5.296774384010863,0.45364213,11.676107,-37.007249647471625,0.40739918,-14.051947051559289,0.28760904,19.507837,21.080969,18.16127,2.9196987,1.5731316,1.3465672,264.63306,,,1.0258138,0.6393887,0.6397696,204.31740368267583,32.20386116776473,1,0.4565530542480941,True
664814727869793536,129.24079357821773,0.01664856,21.56543598313428,0.010691887,5.3136305611420935,0.019302307,275.28473,-34.762636290575784,0.020525396,-14.430262667298534,0.01388527,13.888274,14.697155,13.006337,1.6908178,0.8088808,0.881937,3547.9155,37.339977,1.6248546,1.0849085,0.027622407,0.47770536,203.48032370505857,32.36969932738028,1,0.46188733104489677,True
664963024499946496,130.84386634914634,0.017372057,21.6716312351962,0.008190484,5.608305450631605,0.020283515,276.49576,-37.73982887386113,0.021553053,-14.116667869178997,0.018135373,10.406225,10.749426,9.894321,0.85510445,0.34320068,0.51190376,4785.4014,,,1.1516354,0.12504433,25.54917,203.94256500839185,33.8127234312894,1,0.5449231285648223,True
689053874020371712,132.29557187095773,0.08496849,22.203654702270622,0.042510428,5.046277880179798,0.093938135,53.719162,-35.31419456579519,0.10703372,-12.701056412489502,0.07124715,17.364359,18.806185,16.196678,2.6095066,1.4418259,1.1676807,1127.4435,,,1.0155071,0.13895436,0.5543341,203.85289566903072,35.25870485750724,1,0.3805883341846575,True
658041353988480512,128.73314306844736,0.16626503,16.325468457752756,0.11746644,5.408493296488803,0.21083713,25.652472,-34.75317990337651,0.19021344,-12.09087924718445,0.1404814,18.418262,20.291199,17.092236,3.1989632,1.8729362,1.3260269,480.5977,,,1.0415897,0.4905557,1.4785562,209.00942658503087,30.05923108028798,1,0.6972322563851403,True
658602070559194496,130.2884442473234,0.12170628,17.571321671340968,0.069907255,5.595479530314627,0.1403303,39.87364,-36.915610956961274,0.14909342,-12.295114946167663,0.10682221,17.95854,19.814846,16.667643,3.1472034,1.8563061,1.2908974,839.14777,,,1.072511,0.27628917,0.89161706,208.30824290257303,31.90425644432216,1,0.5215019547282491,True
659445743871414528,129.6429333559165,0.024372803,18.18802096661072,0.016155586,5.5968272319631724,0.034439255,162.51303,-37.17757306263972,0.032172244,-11.808329890831631,0.022191746,14.825863,15.897769,13.800177,2.0975924,1.0719061,1.0256863,2582.3542,38.88398,4.0404415,1.047861,0.0,0.0,207.3700545592578,31.556422619895457,1,0.46856250781099973,True
659467871542951552,130.1292809522229,0.04945876,18.432214458360537,0.028348118,5.324816782633403,0.06055965,87.92681,-34.238028718126664,0.054674968,-11.76312707902935,0.036734037,15.917646,17.2549,14.775864,2.4790363,1.3372536,1.1417828,1291.315,,,1.1086526,0.11573518,1.2728561,207.29751076128244,32.075092919090444,1,0.5927443741748499,True
659487039980639872,129.90047862295012,0.15771969,18.68022890495017,0.106054015,5.593990166556431,0.19075695,29.325224,-35.67609878512015,0.17958345,-11.643935521036603,0.13605711,18.172274,20.068075,16.841543,3.226532,1.8958015,1.3307304,441.25586,,,1.0295876,0.5756057,2.8845205,206.93289146867912,31.96114525713103,1,0.4281425761160416,True
659636406059748608,128.6428185601177,0.047059707,18.79900026054261,0.03437802,5.2615310931835015,0.053561628,98.233215,-34.165299022202056,0.054218058,-12.299308555906348,0.042179283,16.039068,17.473738,14.86366,2.6100779,1.4346695,1.1754084,1174.468,,,1.086954,0.122128196,1.1725388,206.30458758250936,30.891038623668468,1,0.5392692671094487,True
659668635494494848,129.2654407070691,0.016684363,18.667301036225563,0.010795141,5.509458536804253,0.020690085,266.28497,-36.48677618561641,0.021660078,-13.107440854371426,0.014604045,13.576638,14.335979,12.729268,1.6067114,0.75934124,0.84737015,4041.5688,35.988403,1.4277854,1.0666949,0.0,0.0,206.6946826880612,31.394572944851568,1,0.7991085705510179,True
659687498990893056,129.8979079576271,0.014329755,18.876820119677618,0.009408807,5.45198153920533,0.017486112,311.78925,-37.03560523487259,0.01725016,-12.407643620892287,0.0121438615,10.581815,10.876499,10.127614,0.74888515,0.2946844,0.45420074,2581.2754,35.077587,0.29129654,0.9408642,0.06833227,5.8459997,206.7152071190914,32.028751650845074,1,0.6051764362108961,True
659722752082318976,129.17773145114805,0.016609183,18.89518649380596,0.011580217,5.409086612832165,0.020824175,259.75034,-35.71674268734766,0.020671215,-11.347070193940192,0.014892964,13.456867,14.196793,12.618774,1.5780182,0.7399254,0.8380928,4312.2427,35.693905,1.8104115,1.265957,0.069468796,3.413814,206.4105685959409,31.398282205683017,1,0.6478538714644849,True
659734125155723008,129.07907181255558,0.042453222,18.91897963011607,0.027262092,5.531510883283449,0.05483296,100.8793,-36.587598025835035,0.05188404,-13.449346821292457,0.037286185,15.913212,17.266863,14.756545,2.5103178,1.353651,1.1566668,1541.7218,,,0.995411,0.0,1.251196e-15,206.34564791367077,31.319513466529337,1,0.8345094430197497,True
660627753231184128,132.7493528352946,0.09864868,19.009852413015885,0.05018381,5.269799721159056,0.12020593,43.839764,-37.884697375473905,0.11836026,-12.052656383307546,0.08522615,17.670979,19.46973,16.40498,3.0647507,1.7987518,1.2659988,828.594,,,0.97140896,0.0,1.9778355e-15,207.7001712723402,34.60055490628507,1,0.3560450749324333,True
660878991637884672,133.7591702903496,0.014007566,20.398295943216205,0.0072549814,5.439059332580615,0.015591275,348.85278,-35.721267959207395,0.017701155,-13.474437997841402,0.015530499,13.510819,14.231225,12.688747,1.5424776,0.7204056,0.822072,5126.721,36.334007,1.2431957,0.9877079,0.0,0.0,206.49622099069757,35.966488029518125,1,0.9628284371538205,True
660944717521395840,131.07094359218942,0.019074233,18.736555519419955,0.00856722,5.429878287258102,0.020611279,263.44208,-35.980746277609285,0.022109443,-11.630466723290638,0.01695517,12.072134,12.520891,11.461147,1.0597439,0.44875717,0.6109867,2620.6401,32.897713,0.5098699,1.2665277,0.11668359,21.257875,207.3371881813995,33.01751732990104,1,0.8434452884586692,True
661224547528488064,130.36484263843417,0.0412926,19.277544940918045,0.018046161,5.5749289165135645,0.04374725,127.43495,-34.89764589739097,0.0496513,-11.894755532824266,0.03442369,15.0926695,16.272945,14.01037,2.2625751,1.1802759,1.0822992,2738.9868,32.511364,3.4118106,1.3683101,0.17497474,6.857037,206.45532778660473,32.582890729548794,1,0.38285817035187325,True
661228739416624384,130.6235006633485,0.1405881,19.33119367699162,0.06698948,5.019042508891858,0.16090895,31.191816,-34.92644607955889,0.17143762,-12.00799246549122,0.11486782,18.166243,20.039238,16.881227,3.1580105,1.8729954,1.2850151,702.30756,,,1.0429488,0.5320913,3.3168333,206.4969079941804,32.830370544212826,1,0.3432965758771511,True
661251210685333120,130.33502205951962,0.023562664,19.62284551002534,0.012667046,5.39670766781196,0.026864665,200.88498,-36.464596733700986,0.027521376,-12.897370810186366,0.019708784,15.02115,16.127575,13.9762745,2.1513004,1.1064253,1.0448751,2874.2073,36.50281,3.2177646,1.010808,0.0,0.0,206.05933675297348,32.676731289866176,1,0.8682237785391912,True
661257704675956480,129.8134354095139,0.03742348,19.286474302030044,0.024006365,5.468482705539899,0.047619462,114.83714,-34.83262548566356,0.0460034,-12.691787378808844,0.03256928,15.638341,16.905645,14.515759,2.389886,1.2673044,1.1225815,858.38257,,,0.9870553,0.0,0.0,206.2296512600847,32.09851478212551,1,0.6156580239012192,True
661283199601699328,129.72290595567327,0.018944854,19.57132043916701,0.010253756,5.454094805295824,0.022233926,245.30508,-35.92156853886999,0.02265029,-13.2717638305381,0.014941578,13.639209,14.405775,12.787073,1.6187019,0.7665663,0.85213566,4383.3794,38.98139,2.3542955,0.9889895,0.0,2.5269983e-15,205.87934967107947,32.11807682603293,1,0.9538183401174898,True
661297458893183232,130.1310949829847,0.025677776,19.69523656918572,0.016260726,5.532331901487464,0.030120503,183.6733,-37.37909922672931,0.03128958,-12.5210687274527,0.02153863,14.405758,15.443703,13.395936,2.0477667,1.0379448,1.0098219,3292.2795,40.2708,2.7640038,1.2689996,0.12314742,5.281035,205.89978678502465,32.52164177413477,1,0.6262853422412047,True
661298897704486912,130.05433186394734,0.17223884,19.763825200720262,0.12560697,5.089770843982492,0.20406838,24.941498,-36.79289809864984,0.20486219,-12.656655023591034,0.15354393,18.415886,20.32801,17.104813,3.223198,1.9121246,1.3110733,563.5162,,,1.0127485,0.37667114,0.83840466,205.79384788100475,32.47756993330659,1,0.3533903164659125,True
661319547906688896,130.2284678024781,0.0150560215,19.935115211205883,0.008833749,5.521725771871987,0.017106885,322.77795,-37.04191163285828,0.018355096,-13.913563992379556,0.012247617,11.869694,12.298567,11.281311,1.0172558,0.42887306,0.5883827,2063.5889,36.25832,0.66030306,0.9864832,0.084259726,8.632206,205.6700021700344,32.690356164772766,1,0.5056883223131099,True
661333708415842304,130.78411373086348,0.017887613,19.71314841100929,0.008078812,5.209479191433093,0.021098534,246.9119,-35.175128331610075,0.023606142,-12.980495954514389,0.019235967,12.9349,13.5352335,12.202102,1.3331318,0.6003332,0.7327986,4796.261,34.662315,0.8809423,1.0213798,0.09059517,10.205637,206.13243179932564,33.104778066451516,1,0.5222125402601471,True
661356488922418944,130.71025866043723,0.05129035,19.917635264106252,0.02253764,5.289912249278289,0.059142455,89.443565,-36.71025130582699,0.06386972,-12.506370504700811,0.050378058,16.332142,17.79519,15.148766,2.6464252,1.4630489,1.1833763,1401.7693,,,0.9801222,0.0,0.0,205.8746739740262,33.10980251488992,1,0.5772052689313256,True
661394525152691840,131.1435384318518,0.06745403,20.34148147784301,0.0310743,5.437381456213539,0.076112285,71.43895,-37.00915726109618,0.083498836,-12.868031069094933,0.056535725,17.021366,18.605864,15.80327,2.8025932,1.5844975,1.2180958,1035.5127,,,0.9651836,0.0,0.0,205.56306291308564,33.63651332420473,1,0.6813753342842808,True
661409609077800960,130.56919958815325,0.017759824,20.092311937970255,0.00827152,5.36201912300484,0.023114435,231.97708,-35.280405361415134,0.02414216,-12.502356433244255,0.017025549,13.685377,14.463464,12.8238,1.6396637,0.77808666,0.86157703,4122.5093,33.382374,1.0744075,1.0208546,0.0,0.0,205.6246848092277,33.044984512875395,1,0.9218073842039733,True
661418405170762368,130.224723753255,0.056687992,20.09005262881063,0.03557498,5.4620404597975805,0.06653487,82.0929,-37.108885436067986,0.0651358,-12.776653852109355,0.048360877,16.552881,18.007599,15.369999,2.6376,1.4547176,1.1828823,1402.113,,,1.1176835,0.20957577,2.4461744,205.49557844455543,32.7401673178894,1,0.6323521081032408,True
661872469112952704,131.3109729162143,0.017967753,20.997531309802255,0.008439866,5.537129977256439,0.0209141,264.75583,-37.87070718527731,0.022756409,-14.02957676492182,0.016847633,9.400182,9.607107,9.044412,0.5626955,0.20692539,0.3557701,6200.085,31.472391,0.8412471,1.0110703,0.089799225,11.413418,204.88165365603493,34.00321032410246,1,0.5599240867829333,True
662655183953995392,128.27307352560086,0.03748954,18.930138723654174,0.028409012,5.405437249642949,0.046043333,117.39892,-34.019376365983476,0.045518514,-12.24237080766419,0.034642015,15.8431835,17.297022,14.662775,2.6342468,1.4538383,1.1804085,1660.5645,,,1.0693525,0.07996288,0.65070415,206.01655925950152,30.61113661401888,1,0.5085104206526256,True
662794169095142912,128.83086252999053,0.022309184,19.59000897460693,0.013674572,5.353842285304585,0.025770428,207.75139,-34.55415693553827,0.02588538,-12.390916598093373,0.017471977,6.4156747,6.7530313,5.903957,0.84907436,0.33735657,0.5117178,5189.311,,,0.9783172,0.11904799,16.271189,205.5138171973442,31.337015947344508,1,0.6325032306435755,True
662813990368040832,128.46748036681458,0.21445127,19.436557558920967,0.13979046,5.080178890313795,0.23407793,21.702938,-36.02849912217492,0.27216133,-14.016356834056667,0.19677337,18.379168,20.3619,17.090305,3.271595,1.9827328,1.2888622,472.87766,,,1.0186096,0.75261515,3.0926878,205.54120295487343,30.962433962506474,1,0.303440706994483,True
662861136225126016,128.4613424114735,0.025033358,19.782893106231644,0.016534036,5.204077191222069,0.028311191,183.81697,-34.149870350029744,0.02994798,-12.95900082496761,0.022228694,14.87531,15.925457,13.856293,2.0691643,1.050147,1.0190172,2495.982,27.049618,4.4484615,1.0569321,0.027551716,0.20685828,205.16035535154325,31.078442317222823,1,0.47689953427960724,True
663140102941534720,127.89960908464424,0.2073131,20.405286485226185,0.12872534,5.527203178694977,0.23961802,23.066725,-35.90959632243542,0.25003368,-14.50561112863613,0.18684049,18.528585,20.635958,17.151007,3.484951,2.1073723,1.3775787,582.49817,,,1.1346823,0.91305596,5.645906,204.2664429250804,30.79949688280828,1,0.4680050710515385,True
664281396011231744,129.38496719173872,0.029866403,19.521606295596,0.019115794,5.360287750671979,0.036429428,147.1417,-34.33064677990803,0.035305813,-13.572713984314788,0.023854325,15.258238,16.473196,14.15884,2.3143559,1.2149582,1.0993977,901.1783,-122.10551,8.996832,1.03541,0.025210826,0.11981172,205.8033337423496,31.8022744783453,1,0.5877112848086381,True
664329190407201280,129.99305025274376,0.017067643,20.1581856469881,0.011398067,5.377234203355296,0.020078113,267.81573,-37.38932126151186,0.019918012,-13.894370077622494,0.014195785,8.833936,8.984705,8.553708,0.4309969,0.15076923,0.28022766,5447.686,37.838474,0.5771302,0.9148328,0.092081316,8.533967,205.33118508828363,32.559053844666686,1,0.5675490138823582,True
664330839674663296,129.7716350011842,0.015318312,20.117109988958045,0.009702838,5.465434861094789,0.0186399,293.21158,-35.913395570488134,0.018951336,-12.907079950492474,0.0134832775,9.296399,9.492373,8.952789,0.53958416,0.19597435,0.3436098,5821.2456,34.551163,0.84297603,0.8620509,0.06963462,4.9628177,205.2925773981557,32.349674111839,1,0.8898105841013496,True
664352761187716352,128.94471420446288,0.01941031,19.870863105234093,0.013089248,5.798217556531467,0.02156768,268.83826,-38.4240545806679,0.023619706,-13.921712665962769,0.016172588,13.98608,14.874761,13.054623,1.820138,0.88868046,0.9314575,2486.7817,35.570175,1.955602,1.0542828,0.0,0.0,205.24906246741563,31.53534832226893,1,0.35979159490388735,True
664353757620109440,129.12691910076086,0.14838812,19.92048418539474,0.08655433,5.328779189602465,0.17096512,31.16881,-35.48537178937878,0.1777675,-13.254319856263969,0.11856874,18.028818,19.900084,16.723791,3.1762924,1.8712654,1.305027,674.77136,,,1.0279372,0.0,0.0,205.26414659796484,31.713256072005112,1,0.7631206203161679,True
664366779961036288,129.1903416279573,0.020057442,20.123888269554776,0.0130212335,5.38600821515821,0.024356704,221.13042,-34.43796026265015,0.024010306,-13.36709908352776,0.016672658,11.471399,11.849038,10.934117,0.9149208,0.37763882,0.537282,1643.1799,34.656223,0.3745127,1.0734861,0.13331564,22.307753,205.06377592684024,31.839388437433943,1,0.689233890945989,True
664396294976119680,129.6055574848442,0.13167787,20.35576641611227,0.09593017,5.7156063225140255,0.18777436,30.438692,-36.20326800841377,0.17779496,-13.73321644112457,0.12213342,18.071062,19.975367,16.800085,3.1752815,1.9043045,1.270977,599.16266,,,0.9984006,0.21244217,0.402587,204.96415767302247,32.28482123547188,1,0.34563533397718843,True
664547890141278464,130.03194044183894,0.018596096,21.062665934585908,0.011454651,5.506285981979494,0.021545587,255.56444,-37.08840868467571,0.023129467,-14.773519102655602,0.016982064,9.243012,9.4401045,8.900552,0.5395527,0.19709206,0.34246063,5652.0767,33.54384,0.41114572,0.9610481,0.08889557,7.6465697,204.3336419064428,32.89847780742375,1,0.42827726845275443,True
664594585026149504,128.51801170514395,0.013037733,20.57505366490945,0.008665909,5.616094424777042,0.01567934,358.18436,-35.57298206953025,0.015620419,-13.776253456533244,0.01113972,12.500189,13.034167,11.82039,1.2137775,0.53397846,0.6797991,1984.7229,35.40543,0.6870809,1.0039033,0.0503714,3.729355,204.31229894700704,31.40185980802639,1,0.4268861465373872,True
664625302630788608,128.9871150226711,0.016607469,20.82625146312941,0.010183348,5.323526676549206,0.019121679,278.40268,-35.55976878084927,0.019593114,-14.211436452853569,0.01476062,11.636927,12.03566,11.035275,1.0003843,0.39873314,0.6016512,1146.5804,34.104748,6.002735,0.89686835,0.09770839,14.500212,204.20985928869007,31.89991277715093,1,0.5456670350131589,True
664641348629985280,128.31408439230853,0.01270287,20.70243351009852,0.008476232,5.508565533678367,0.01693296,325.31613,-35.22129234347639,0.016156102,-14.531727507286622,0.012413545,12.447351,12.954729,11.788123,1.166606,0.5073776,0.6592283,3317.264,35.377293,0.7182816,0.9843695,0.05487964,4.4428797,204.0958940419928,31.26592376321134,1,0.4457657460630529,True
664678594586404224,128.8829134317799,0.2713922,21.01786140604323,0.16957954,5.709061581046063,0.29839596,19.132504,-35.76381975402258,0.34940955,-14.311535817889446,0.2284703,18.981325,20.907738,17.632713,3.2750244,1.9264126,1.3486118,440.67032,,,1.0538261,0.78262496,1.9879596,203.95876323698505,31.872868265362353,1,0.3007122568256628,True
664689276168733056,128.54730878677393,0.13692889,21.070716892056844,0.09167931,5.554954148840856,0.15340681,36.21061,-35.37284172771374,0.15724392,-13.867809668158143,0.113275126,18.070448,19.98175,16.804691,3.1770592,1.9113026,1.2657566,893.69727,,,0.9657199,0.0,0.0,203.77631151455807,31.595700570919508,1,0.47162335741337796,True
664862453545857920,130.6450578481503,0.024775574,20.99461365814573,0.01209014,5.5699983097862145,0.031097593,179.11348,-37.87535382516717,0.031176595,-14.382412156458695,0.021985559,15.0067625,16.1281,13.954826,2.173273,1.1213369,1.0519361,2683.5603,33.20805,3.7919648,1.0607221,0.0,0.0,204.63752006623037,33.41560677338445,1,0.5311139037347304,True
658436014239681536,130.3240019880264,0.09434247,17.055682577990737,0.047180504,5.584206870416527,0.11083513,50.383007,-36.27788771201303,0.11901664,-12.190870475773496,0.08339042,17.285534,19.110542,15.989344,3.1211987,1.8250084,1.2961903,933.9752,,,1.0363603,0.19246668,0.955749,208.88710094302655,31.745712745071717,1,0.5545484224525858,True
659441242745739648,129.86424206947555,0.08628179,18.248736665736477,0.055139564,5.424633528040224,0.10224495,53.05527,-34.51326691812267,0.09961182,-11.41978378294668,0.068011075,17.24353,18.910093,15.977807,2.9322863,1.666563,1.2657232,531.37933,,,1.0658066,0.22083801,1.2072451,207.39269262133263,31.774380052870857,1,0.41426897161634857,True
659539236719824768,128.97712816613512,0.014578505,18.14929850967838,0.010223834,5.288050304467898,0.016194597,326.53177,-34.437507978560454,0.016016388,-11.64127965234403,0.012197355,10.734722,11.034366,10.274084,0.76028156,0.29964352,0.46063805,2498.824,35.31825,0.51179504,0.95886123,0.07300662,6.2522087,207.14423848427623,30.95274281292451,1,0.6384868264045837,True
659674614089018112,129.8472381051127,0.10430449,18.665527811422795,0.07054989,5.225283426286158,0.12336867,42.355026,-35.079657024753324,0.11644907,-12.270224825436218,0.08527874,17.67563,19.405792,16.362925,3.0428677,1.7301617,1.312706,670.8169,,,0.9998542,0.0,0.0,206.92788718993623,31.9087803638424,1,0.49330378432129846,True
659726669092428160,128.86302596030998,0.07049859,18.81471905707657,0.048941948,5.098348997480521,0.08723215,58.445755,-33.88478434155519,0.08434244,-11.915905890234836,0.05962716,16.710072,18.38647,15.448266,2.9382048,1.6763992,1.2618055,903.97876,,,1.0292479,0.14851984,0.847084,206.37435844701056,31.091341971076343,1,0.33548923363798894,True
659758967246506880,129.4874782822385,0.015740989,19.23615948220589,0.00944895,5.374646888233299,0.018158762,295.9809,-35.3850724378661,0.018181806,-12.345972994526711,0.01221591,11.638589,12.031762,11.083295,0.94846725,0.39317322,0.55529404,1849.4187,35.31291,0.43651366,0.84978527,0.0762191,7.1786995,206.15775933593957,31.7927430759352,1,1.0,True
660191934309271424,131.420134434621,0.12727365,18.58255206377317,0.06879853,5.526812499461557,0.1450099,38.113346,-35.57307677486111,0.16422312,-11.57859988098012,0.13631058,18.145935,20.14569,16.842089,3.3036022,1.9997559,1.3038464,718.28394,,,1.0061873,0.0,0.0,207.64917940634257,33.27233121508054,1,0.4303323981975061,True
660964405651410304,130.9744687425084,0.31540924,18.95050037752017,0.12878887,5.659016688090858,0.34564272,16.372446,-37.37986913012621,0.35282576,-12.506964012230046,0.25604036,19.352741,21.08721,17.99154,3.0956688,1.7344685,1.3612003,458.53433,,,1.042679,0.8032922,1.9232051,207.0600429472047,33.007573129230856,1,0.41991469681425864,True
660966849490060928,131.1151830972555,0.07184498,18.96926004668283,0.03738424,5.357625590876266,0.08778384,61.032024,-36.10858855972589,0.09007662,-11.433332824372876,0.07508468,16.683369,18.237228,15.462088,2.7751408,1.5538597,1.221281,993.6575,,,0.93959564,0.33227196,6.5080466,207.09493046046975,33.13875070772736,1,0.7522136992248701,True
661034155919816960,130.5512543337845,0.012781421,19.213462040240973,0.006862897,5.366858364034063,0.014741126,364.07382,-36.39986040242803,0.015768576,-11.778892637834968,0.011750988,13.246718,13.914143,12.462534,1.4516087,0.6674242,0.78418446,6888.1304,34.43101,1.0460155,0.98631454,0.0,0.0,206.5997707380063,32.72533677456617,1,0.7851850159666751,True
661078896595610240,131.46405420686273,0.039417297,19.424189770724848,0.017912617,5.561488748104203,0.044788156,124.1732,-37.9459765343557,0.0461855,-13.22988136549747,0.030818837,15.746805,17.10409,14.597674,2.5064154,1.3572845,1.1491308,1354.7422,,,1.0555108,0.061992228,0.5602094,206.72200768419407,33.60621557753646,1,0.48221988393018933,True
661211727047722752,130.10919320421056,0.017756207,19.219367820643992,0.013227054,5.448930017773769,0.024901865,218.81613,-36.58012687732941,0.025040427,-11.35230976294261,0.01855375,12.561142,13.099684,11.869166,1.2305174,0.5385418,0.6919756,1910.6646,34.709194,1.2032082,1.0465484,0.075463794,5.5714526,206.41970526573743,32.336446297817474,1,0.4868626120806999,True
661215751435494144,130.0102172444286,0.081476696,19.27765471126905,0.04989086,5.32429717724506,0.10208073,52.157707,-35.049275518267905,0.11038605,-12.624775584469797,0.07296894,16.961874,18.561354,15.740832,2.8205214,1.5994797,1.2210417,990.27356,,,1.0502434,0.1736594,0.94190204,206.31635913429088,32.26937450891602,1,0.850950532549667,True
661222279785743616,130.5477385973171,0.016376726,19.27695537540596,0.008819393,5.438696276555397,0.018364618,296.1508,-36.81959755266032,0.019343918,-12.384259935967505,0.014106728,11.92576,12.359503,11.325395,1.0341082,0.43374252,0.60036564,1937.127,35.37174,0.42493132,1.296237,0.124453224,26.98203,206.5276761619243,32.74443256537257,1,0.6872916606433247,True
661258872906952320,129.7593254704154,0.014705674,19.326186226770247,0.00846333,5.533040894904067,0.016757747,330.1781,-36.80161747346449,0.017210888,-12.70522478113596,0.011835832,12.113306,12.586641,11.485772,1.1008692,0.47333527,0.6275339,2358.5889,34.68712,0.8756689,0.92464536,0.06027191,4.4089136,206.1646246267134,32.06461428565389,1,0.6830042984429133,True
661262652478166528,129.76268617414615,0.09548984,19.40430323164999,0.057495136,5.3295745319902466,0.114926025,46.373955,-35.661765365616304,0.10895627,-12.720077116692678,0.08204784,17.346346,19.068306,16.082958,2.9853477,1.7219601,1.2633877,1003.4769,,,0.96084607,0.0,0.0,206.07957604505236,32.09493458079835,1,0.7264206054719409,True
661270245980335104,129.8028394431893,0.26435488,19.504625131419864,0.17219976,5.1824557825080175,0.35666916,14.5301485,-36.29903435974643,0.32074332,-13.309426101151232,0.21748678,18.992228,20.72379,17.611553,3.112236,1.7315617,1.3806744,412.51395,,,1.06637,0.878835,2.4202974,205.98418151286887,32.16544597450983,1,0.4663530908264331,True
661292953470107392,130.15810338723887,0.30111977,19.60786611892208,0.19498467,5.165497112627671,0.34542874,14.953873,-36.024608907211686,0.35716385,-13.78554534963153,0.2556061,19.188862,20.871588,17.838776,3.032812,1.6827259,1.3500862,387.32697,,,1.0796667,1.2340777,3.5397613,206.00743482717692,32.51522242520255,1,0.39068228520498,True
661314570042801280,129.90462253117587,0.023336066,19.816043502697823,0.016078265,5.46475876952767,0.031679515,172.50134,-35.51793098355037,0.030520732,-14.002475850561249,0.020144295,14.480734,15.45739,13.503534,1.9538555,0.97665596,0.97719955,1920.8206,33.026344,4.6096005,1.0014204,0.0,0.0,205.67813349689948,32.36342401297471,1,0.6488505407372659,True
661319483485360000,130.20118380595144,0.01747371,19.921865562126374,0.010600453,5.3956493436395485,0.019196924,281.06842,-34.84307096395828,0.021307971,-11.806526353183138,0.014296453,10.868907,11.188203,10.38515,0.8030529,0.31929588,0.48375702,2259.756,35.08467,0.35709107,1.0600625,0.10815305,13.989094,205.6743112832548,32.66171476707796,1,0.672262624499882,True
661332948204741504,130.79290435255527,0.28584304,19.71032146616259,0.11990825,5.611426390875538,0.33934385,16.536108,-35.365035368537555,0.37650913,-11.975138982118938,0.2801571,18.951723,20.77682,17.640669,3.1361504,1.8250961,1.3110542,549.0125,,,1.0541748,0.99699295,4.3712983,206.13900460980105,33.11157242890288,1,0.42626493729790177,True
661410360695218048,130.49500476453557,0.017591195,20.107461234612312,0.008236077,5.315735656074046,0.019872712,267.4892,-35.49445511061158,0.022000978,-14.531424354015876,0.014995302,12.857078,13.446493,12.130836,1.3156576,0.58941555,0.72624207,2691.5708,33.637108,0.60870785,1.0840441,0.091757916,9.5314045,205.5793453993418,32.984661695542634,1,0.4761966890939792,True
661430705957076096,130.44948023285875,0.16786526,20.38958576959169,0.07912441,5.315472562824099,0.196692,27.024345,-35.90707511098331,0.19105469,-12.52060473057476,0.14736895,18.332092,20.348928,17.02782,3.3211079,2.0168362,1.3042717,629.73627,,,0.9543042,0.0,0.0,205.2456225382578,33.04039336673088,1,0.6927047919202479,True
661485337940766208,131.9751282382134,0.1184147,19.732692731786777,0.06266407,5.703305355705628,0.13533992,42.1406,-37.83993585537578,0.14737602,-12.45263594718149,0.10556058,17.591015,19.438408,16.277155,3.161253,1.847393,1.3138599,971.0747,,,1.1180347,0.45011386,3.7189145,206.57268123664932,34.1644925768872,1,0.3342178674926104,True
661699566613242880,132.24944708582208,0.12138489,20.69873811302486,0.06051805,5.408117814996941,0.14360188,37.660496,-37.75140504697591,0.14850271,-13.483039091696009,0.11452159,17.893488,19.984007,16.56353,3.420477,2.090519,1.329958,742.12085,,,0.97057337,0.0,0.0,205.5746430817699,34.7320882754271,1,0.46815885639832105,True
661885766331653248,131.40080273150176,0.035493232,21.25580627822111,0.017208686,5.5168248888738045,0.046647552,118.26612,-37.60560693142723,0.045958303,-14.343342364740396,0.029590184,15.555211,16.84161,14.423336,2.418274,1.2863989,1.131875,746.2896,36.794727,5.9653497,0.9809571,0.0,0.0,204.62040265702268,34.16725742947192,1,0.5747659457657294,True
662750222989808512,128.81138354544123,0.043996226,19.27543375591244,0.027680963,5.27480787192081,0.050652616,104.13693,-34.55337043404121,0.052471798,-13.056411655660854,0.038598277,15.761663,17.194582,14.583489,2.6110926,1.4329185,1.178174,1224.7126,,,1.1567203,0.16911799,3.3010683,205.850837363998,31.20926136695199,1,0.7316610350425071,True
662800456927247744,128.93799395267868,0.0134370215,19.640530741382523,0.009161072,5.390519039306154,0.016647696,323.7997,-35.82628530616005,0.017221445,-12.916946866083858,0.011526319,12.623184,13.154735,11.945309,1.2094259,0.5315504,0.6778755,2251.8516,35.70687,1.0538884,0.953562,0.044348706,2.122074,205.49969738976827,31.449225070389,1,0.9905132525402301,True
659414785747258880,130.23274558545853,0.07052244,18.24611423146371,0.038180258,5.41857180368007,0.083572604,64.8367,-36.77283447370873,0.08556038,-13.659151676102876,0.057177838,16.754776,18.509863,15.475548,3.034315,1.7550869,1.2792282,1283.5826,,,1.0686578,0.14280078,0.85783905,207.5441428245962,32.09990902302391,1,0.7159592032711666,True
664283526315590656,129.44321269728178,0.013936143,19.599241914212865,0.0084815305,5.56592354983729,0.015899027,350.07953,-36.38131524786233,0.0138075445,-12.394990560224995,0.010420083,12.0822,12.544525,11.468743,1.0757818,0.4623251,0.6134567,2221.1516,34.754402,0.83968675,0.87151825,0.028144328,1.0052792,205.7402370134813,31.88080123181654,1,0.5261492076074413,True
664337123209519872,129.5909698066352,0.16872787,20.093214084450345,0.104020245,5.7728896572439945,0.2073814,27.837065,-37.11986456483727,0.24085952,-12.25066343419923,0.1483238,18.187891,20.16279,16.87855,3.2842407,1.9748993,1.3093414,580.3195,,,1.0473005,0.45291445,1.5313269,205.2502728986927,32.18211944918326,1,0.3466379050481313,True
664349874969575680,129.77849722890352,0.030517373,20.34834584664555,0.020016424,5.370443277257951,0.0348429,154.13307,-35.48098065262377,0.03511096,-14.226121999809878,0.024511697,15.273478,16.445105,14.195434,2.249671,1.171627,1.0780439,1088.2158,35.947834,5.989065,0.95810026,0.0,0.0,205.0378181352726,32.43473506837331,1,0.6448939826050534,True
664424641759918720,130.21849183940682,0.01779688,20.26646294247311,0.011773412,5.318597674585926,0.019860078,267.80347,-35.10845595991438,0.020245535,-12.873143092157598,0.016136702,8.4288645,8.55008,8.190776,0.35930443,0.12121582,0.23808861,4166.656,32.033302,0.64175576,0.83949494,0.10636743,11.135794,205.29599978536825,32.79485855124099,1,0.9887895551107911,True
664477968073854720,130.30837116797963,0.04379975,20.74152737010304,0.02479175,5.408392488908617,0.05489267,98.52668,-36.5286025719223,0.054946117,-14.48992805934175,0.03992776,16.015604,17.639221,14.774151,2.8650703,1.6236172,1.2414532,1184.4098,,,1.0046896,0.0,0.0,204.7972490799175,33.03459123429602,1,0.5112811954146624,True
664545308864299904,129.89337131629807,0.014602689,20.95567721053266,0.0089623965,5.3650991336379175,0.01618244,331.53833,-35.38507710109118,0.017450025,-12.849252424703264,0.011347883,13.123388,13.761517,12.359871,1.4016457,0.6381283,0.7635174,2032.2994,36.367897,1.740199,0.99312073,0.0,0.0,204.40232037331631,32.74084279730526,1,0.8420281122652664,True
664901310113762688,130.8830159849227,0.32288057,21.34922641428375,0.13266166,5.418114390829204,0.35999894,15.050363,-38.1023383335752,0.37786126,-14.100991297216304,0.27455348,19.390886,21.236948,18.01242,3.2245274,1.8460617,1.3784657,459.1177,,,1.0803944,1.1080227,3.5600343,204.32353437380343,33.742040950708926,1,0.3800813647255483,True
665203233431193344,129.7338482082521,0.16043079,21.940800382593885,0.105584115,5.268000055451428,0.22529727,23.38244,-35.41640440856156,0.22463338,-13.441364592266613,0.16689235,18.39984,20.300076,17.103281,3.1967945,1.9002361,1.2965584,685.4113,,,1.0100625,0.3252519,0.69771755,203.2371605174785,32.92529820594353,1,0.693553923961731,True
665480207282903168,127.77746567035187,0.079135425,21.22948737136861,0.054647367,5.430569524824101,0.09195453,59.057117,-34.752418061646594,0.090653315,-13.941700175002238,0.07066614,16.971949,18.659214,15.730449,2.9287653,1.6872654,1.2414999,1012.2922,,,1.12112,0.3796238,5.5080595,203.3182420459933,30.973231984871795,1,0.6992725921393452,True
660118473188717824,131.63963212113396,0.015448077,18.235947200302764,0.008228777,5.596201760625127,0.018654538,299.99146,-37.956272646364425,0.019781426,-11.5867324515152,0.015435579,12.83936,13.434562,12.110549,1.3240128,0.5952015,0.72881126,3154.6113,33.799416,0.7094353,1.0354879,0.07816208,6.6053686,208.12548758533407,33.343414572753275,1,0.40051785455284566,True
660733095892705792,132.7367988124258,0.0488032,19.616039708082297,0.024871908,5.221678000127466,0.05237053,99.70642,-36.487966203514816,0.059947737,-12.188651663600432,0.040288173,16.407822,17.906534,15.214151,2.6923828,1.4987125,1.1936703,1142.4691,,,1.0258971,0.0,0.0,207.0031546317726,34.79859030146859,1,0.5137773519922775,True
660862052286909312,133.38745524673325,0.058075864,20.248207065291265,0.032431595,5.39791645540543,0.067186415,80.342384,-37.75297726620585,0.073712744,-12.303714697393731,0.05241112,16.912983,18.558702,15.676607,2.8820953,1.6457195,1.2363758,969.054,,,0.99758524,0.0,0.0,206.5278572321497,35.587842629075965,1,0.5539451451430977,True
660995230632845184,130.37777345557436,0.016994918,18.871812708013973,0.007898567,5.467865900571965,0.02182577,250.5234,-36.28123198358715,0.021682803,-12.12879766452881,0.015054228,12.515732,13.044775,11.809652,1.2351227,0.5290432,0.7060795,491.46906,28.285389,9.272708,1.106098,0.08071196,8.810486,206.910843713756,32.4516196912532,1,0.7588741312523463,True
660996020906770560,130.16450645666467,0.019771358,18.818223984585327,0.0111694,5.395989028215367,0.022875993,235.88,-35.825496894243805,0.02275108,-11.801706469035242,0.017371615,13.641169,14.393329,12.797183,1.5961456,0.7521601,0.84398556,2827.877,34.126404,2.0712736,1.047112,0.0,0.0,206.88555451661512,32.24388752602842,1,0.8571758857024279,True
660996330144479616,130.24335534844465,0.07558384,18.84613368294131,0.042368475,5.442629781395689,0.099037014,54.95551,-35.66964015915401,0.09403326,-12.62158106259627,0.06846748,16.981367,18.616442,15.737924,2.878518,1.6350746,1.2434435,935.7494,,,0.98062253,0.0,0.0,206.88596822716295,32.32356287625831,1,0.9993684510295072,True
661024024093555840,130.84317542417668,0.053028725,19.200156097023115,0.021878254,5.196001436753578,0.060386032,86.04641,-36.14100691262552,0.05967461,-11.719245918975425,0.042713847,16.396505,17.92491,15.192727,2.7321825,1.5284042,1.2037783,1584.8853,,,1.007331,0.041181907,0.14833803,206.72940559774665,32.97893545748707,1,0.4362765195645652,True
661091609698913024,132.02048031376626,0.050618872,19.470469539840117,0.027864233,5.586840736027829,0.066818096,83.61269,-38.26190823398328,0.067995064,-12.770971113294303,0.05236971,16.133396,17.554733,14.9716425,2.5830908,1.4213371,1.1617537,1388.8224,,,1.1065048,0.149073,1.9560117,206.88796449917865,34.114585740665405,1,0.39358898981583723,True
661131393979861120,131.31005083801423,0.12866685,19.55566464942929,0.063298255,5.256608198844946,0.14956754,35.145382,-37.39774896982462,0.15721434,-11.719071234285575,0.111587465,18.155565,20.181183,16.833138,3.3480453,2.0256176,1.3224277,728.38196,,,0.9288012,0.0,0.0,206.51373423129817,33.51543257275639,1,0.39152504702146657,True
661156858841945856,131.564259964907,0.022212286,19.709100423269405,0.010781979,5.4679291422433325,0.023893144,228.84929,-37.472706665369266,0.024468947,-13.07157273147164,0.017210389,8.333861,8.443014,8.115634,0.32738018,0.109152794,0.21822739,4115.8833,35.18797,0.69238025,1.0116423,0.14486377,21.010397,206.43964218347227,33.79304055927506,1,0.5483550982525055,True
661220974115692416,130.47212871149634,0.11375085,19.265411330819585,0.0588948,5.316296324011673,0.12221447,43.49973,-36.59576717469569,0.14163482,-12.923233469521085,0.09137816,17.938192,19.67364,16.656849,3.0167904,1.7354469,1.2813435,841.04224,,,0.98540866,0.0,0.0,206.51088009997645,32.6735264801872,1,0.607639789801039,True
661229976367125504,130.59910124043057,0.094745316,19.386734378519098,0.042748835,5.38964577261985,0.102967955,52.34294,-37.44961090207459,0.114462845,-12.245473358278971,0.074280635,17.502197,19.295523,16.219795,3.0757275,1.7933254,1.282402,955.4385,,,1.0150255,0.14486851,0.50178134,206.42540744466416,32.828148866035036,1,0.6795563255043494,True
661246675199973504,130.40569315407075,0.014241207,19.520481854770352,0.006952807,5.389288652736521,0.01581336,340.80606,-36.76079909411783,0.017877704,-12.21081110096671,0.011464196,13.144526,13.792922,12.373594,1.4193277,0.6483965,0.77093124,6809.6523,34.223484,0.89994335,1.0192116,0.0,0.0,206.20085899145687,32.70367826707027,1,0.6771999046673812,True
661249694558990848,130.4780336456556,0.2239553,19.61681187954452,0.10352056,5.587129867260436,0.23592055,23.682253,-36.77565086676144,0.26564437,-13.410213504546984,0.16088246,18.81771,20.710608,17.490805,3.2198029,1.8928967,1.3269062,509.8954,,,0.97922885,0.0,0.0,206.1215287345161,32.80101404254885,1,0.6227280615117436,True
661259525741991808,129.65595801136394,0.047131658,19.257930491952507,0.03253883,5.52517358915049,0.05609898,98.48974,-36.89169131207781,0.052051853,-12.658963590302164,0.038622227,16.15914,17.689602,14.950156,2.7394457,1.5304623,1.2089834,1110.5116,,,1.040911,0.0,0.0,206.19962172016784,31.94930310326935,1,0.6820960550136766,True
661298833282624000,130.05727150262018,0.031253483,19.748835807410284,0.021072336,5.455787761681255,0.03499332,155.9094,-35.885200203200974,0.038480766,-12.400582524027149,0.027365228,15.173029,16.316898,14.103912,2.212986,1.1438694,1.0691166,1813.0927,32.454975,4.5723686,1.0618,0.038211945,0.26065186,205.8116541289963,32.47498388491727,1,1.0,True
661314638762274176,129.9459491414578,0.014542663,19.82756461570894,0.010996036,5.341154064341439,0.01785398,299.15762,-35.364540761235986,0.017924227,-12.99035749104308,0.0127670765,12.440727,12.941636,11.788461,1.1531754,0.50090885,0.6522665,2506.5872,35.133778,1.3396673,0.9184701,0.032989062,1.0688128,205.68122964455105,32.40388887453333,1,0.7701972201138882,True
661324431287688448,130.0265742163401,0.01930507,20.007734072559423,0.012443644,5.421853012509597,0.023866728,227.17204,-35.65371225993459,0.021789892,-12.018862731986625,0.0145264715,6.152467,6.620129,5.520271,1.0998583,0.46766233,0.63219595,5910.3335,33.91811,0.12898725,0.8952483,0.11488173,14.622728,205.51166417798927,32.53708703135864,1,0.8091549348895265,True
661325187202016512,130.05440619791753,0.050853964,20.057757787221668,0.03236916,5.233627830974155,0.059684828,87.687744,-35.99624350255253,0.057909682,-13.03704525729133,0.041888617,16.071297,17.645012,14.848773,2.796239,1.5737152,1.2225237,1566.9403,,,1.2199578,0.24030995,4.8812637,205.46655689621863,32.57880851390126,1,0.5339512612305978,True
661344188136057984,130.56438154756202,0.013337903,19.68759612891041,0.006496779,5.431120079508743,0.01492776,363.82687,-36.67854286294809,0.015426549,-13.438204184544263,0.011565825,9.777529,10.008052,9.392172,0.61588,0.23052311,0.3853569,7540.6636,34.152145,0.22657132,0.8135184,0.046185475,3.0214179,206.07593581013288,32.90179125896971,1,0.8438985628304669,True
661397308291492608,130.3614789115545,0.122309044,19.87677087748405,0.05977893,5.206991248095552,0.13261595,39.263687,-35.71285107552947,0.1432534,-12.021260375195297,0.09586237,17.845934,19.773052,16.537878,3.2351742,1.9271183,1.3080559,748.2766,,,1.0321712,0.30212274,1.302562,205.7862456857824,32.7877454693048,1,0.49469500301184194,True
661404317678099456,130.4559254950438,0.04454748,20.076653370077885,0.021075334,5.280349847333422,0.050948184,103.64157,-37.1470898316556,0.05291991,-14.562271581700896,0.035556123,15.743262,17.253872,14.533488,2.7203836,1.5106096,1.209774,1473.2747,44.612743,4.919885,1.2151186,0.1699582,3.9536915,205.59891964445228,32.93964659944749,1,0.31043200324713704,True
661404764354696448,130.6243321386556,0.108542465,19.975417628019542,0.05151816,5.536483409935373,0.13750573,40.26366,-36.177581582986264,0.1432111,-13.598359445442249,0.10627023,17.793072,19.718674,16.549543,3.1691303,1.925602,1.2435284,706.98987,,,0.97871315,0.0,0.0,205.77686554819527,33.05370779616111,1,0.677847503538256,True
662780047242755712,129.32437503537489,0.19112521,19.48801374969283,0.12531689,5.221491517189924,0.2313049,22.574064,-37.33049510810173,0.23071575,-12.765649067549711,0.15900928,18.615234,20.479166,17.301003,3.1781635,1.8639317,1.3142319,525.5405,,,1.0399723,0.52356803,2.129097,205.81686401524925,31.73701913420812,1,0.35597124265939406,True
664290948018472064,129.51533386727502,0.05335903,19.69750585179654,0.03698488,5.36343364920218,0.056552704,94.83956,-34.72429878998033,0.05777307,-12.227014400108589,0.04753327,16.128933,17.527529,14.961722,2.5658064,1.3985958,1.1672106,936.0738,,,0.94682926,0.0,0.0,205.65954258581743,31.978673410542896,1,0.7440099729538937,True
664319329162317568,129.8787670642529,0.07504392,19.967122638917896,0.05331995,5.3058218168891385,0.09478404,55.978012,-36.14640025897371,0.090193905,-12.612904632746496,0.07199692,16.709951,18.48098,15.420409,3.0605707,1.7710285,1.2895422,807.959,,,1.1097946,0.2667951,2.6591818,205.50028493326144,32.39268642392619,1,0.6357340615235876,True
664325616994522880,129.96964909687645,0.047232665,20.01804008598038,0.03431759,5.359560513494018,0.056474004,94.903145,-36.06773904910722,0.053355053,-13.387575723589103,0.041058913,16.38327,17.85066,15.190094,2.6605663,1.4673901,1.1931763,1347.0266,,,0.97390926,0.0,0.0,205.47840831494295,32.4903888730628,1,0.8287625586395708,True
664365852247876864,129.08479961775734,0.06654742,20.116692606484893,0.044385567,5.304819374027413,0.073501624,72.17282,-34.88158822140528,0.07602592,-12.98913256123488,0.0604868,16.633345,18.167257,15.425759,2.741498,1.5339127,1.2075853,1091.6594,,,1.0790879,0.19470793,1.7593702,205.0315850334312,31.74386799593883,1,0.759595011032617,True
664380695654828160,129.17142614025454,0.07411153,20.277701193142615,0.045982208,5.291007394154128,0.08927666,59.265297,-35.04145366180999,0.089886084,-13.749552692824228,0.06096485,16.974876,18.563341,15.755872,2.8074694,1.5884647,1.2190046,732.6731,,,1.0447112,0.0,0.0,204.88651888602655,31.87553441663544,1,0.5641717068768098,True
664460685125455360,130.47336857947914,0.1584625,20.621062974407483,0.073968105,5.435899560804432,0.19981295,27.204943,-37.41098248921266,0.2362265,-13.595074647313329,0.16672106,18.178432,20.065876,16.880764,3.185112,1.8874435,1.2976685,740.47003,,,0.9733316,0.0,0.0,204.99454233583148,33.139547986292065,1,0.6644816963562036,True
664489508649639296,130.34864194895673,0.20205739,20.939436030447837,0.10938466,5.421793396376515,0.3263495,16.613459,-36.53263942514998,0.31938514,-13.69086229647541,0.18625955,18.583113,20.325634,17.279345,3.0462894,1.7425213,1.3037682,557.9357,,,0.9329175,0.0,0.0,204.5896479556447,33.136223595955244,1,0.7289736754041717,True
664549913069748736,129.8849759517432,0.10084126,21.04789068111012,0.06722094,5.510991759688032,0.11688582,47.148506,-35.374744856372885,0.11712119,-13.928150360041553,0.08543447,17.641987,19.338797,16.373608,2.965189,1.6968098,1.2683792,882.2657,,,0.92130214,0.0,0.0,204.2958531667925,32.76423614916834,1,0.5702367630876903,True
664730065474561024,129.3779441327984,0.06779728,21.12780191143314,0.047424342,5.465362321937367,0.07505482,72.818275,-36.00660652446763,0.08693535,-14.58811857461606,0.0561783,16.889856,18.43126,15.68518,2.7460794,1.5414028,1.2046766,1195.4098,,,0.9778503,0.0,0.0,204.01922343448535,32.34492629831642,1,0.5201403829906438,True
665104346103922688,131.620248493647,0.027799107,22.35210164561525,0.015622271,5.4923353301966005,0.032901887,166.93071,-37.35325490738629,0.039310828,-14.463886530764851,0.031903304,8.159646,8.263792,7.9463506,0.31744146,0.104146,0.21329546,3417.8567,34.464424,0.3842626,1.0283391,0.18227407,19.60337,203.44084110799977,34.712274971773205,1,0.4927197362289484,True
665212510560536960,129.83862888087478,0.06550519,22.08896526031984,0.04451329,5.446940770922202,0.085845895,63.45022,-36.694955820109904,0.08161997,-14.506335818173875,0.059343584,16.84421,18.446003,15.624431,2.8215723,1.6017933,1.219779,1033.1698,,,0.99674,0.0,0.0,203.1075413574107,33.06519284064283,1,0.5288531043328726,True
665507969950936064,127.70196525887332,0.14205949,21.612506439529312,0.09111176,5.387611193475558,0.17290817,31.158798,-35.51785974326626,0.16596615,-15.279526848356584,0.11034247,18.19719,20.125479,16.895567,3.2299118,1.9282894,1.3016224,600.37604,,,0.9824333,0.3103219,0.864657,202.86978223568383,31.035603564452103,1,0.32499272074204066,True
658065444461396608,129.61029631736875,0.015472157,16.624478995989442,0.010806425,5.496219042299299,0.018034136,304.76755,-35.450268740887225,0.018342948,-10.908256746288355,0.013291107,12.937875,13.538844,12.207357,1.3314867,0.6009693,0.7305174,3489.9038,34.342655,1.6753579,1.0402287,0.083739415,6.7165556,209.05677061888133,30.95100336907692,1,0.3270393640376014,True
658570974996041344,130.9655889833098,0.06892114,17.65554186038158,0.03293563,5.319061243486947,0.083407804,63.771748,-36.3323214310643,0.08562658,-11.276168105802077,0.06735813,16.89736,18.429333,15.684624,2.744709,1.5319729,1.2127361,1370.608,,,0.9788264,0.0,0.0,208.4943439505693,32.53579902096875,1,0.5513435210318129,True
658594167819428864,130.70795520314482,0.2694505,17.64130400219513,0.13308702,5.181434573875785,0.32285035,16.049028,-35.92673105295789,0.30616292,-10.88695014958083,0.2328156,19.21205,20.907608,17.858671,3.0489368,1.6955585,1.3533783,441.23056,,,1.0692742,0.6424603,1.4528357,208.4039526337583,32.302015558190135,1,0.31261587511623545,True
658831872786248832,128.93078976460754,0.075344846,16.755923812055773,0.0525584,5.63211840885298,0.08577302,65.66305,-35.90991163381036,0.09233725,-11.42902190860132,0.06776154,17.108852,18.835228,15.851655,2.983573,1.7263756,1.2571974,845.1307,,,1.0237201,0.0,0.0,208.630859234884,30.397167209138193,1,0.37974923910554403,True
659228074929597440,129.45447163656675,0.019834733,17.254957678383768,0.012976932,5.442651171197706,0.022567524,241.17184,-35.774666674259464,0.022622079,-11.270212996962648,0.016663797,14.494722,15.481445,13.508583,1.9728622,0.98672295,0.9861393,2450.8918,37.381886,3.356552,1.0216653,0.0,0.0,208.30946331881344,31.047924161531313,1,0.5045470122733537,True
659329126920001408,129.52966037128385,0.044503916,17.782390310207553,0.028301174,5.443966931953901,0.051019866,106.70288,-36.295457749937086,0.053149834,-11.58246074619599,0.036959097,15.729401,17.130869,14.559648,2.5712214,1.4014683,1.1697531,1055.8187,,,1.2903658,0.14900431,2.5608091,207.76704686364064,31.308627684669627,1,0.7159810555568846,True
659477217391773696,130.2302942971077,0.020613601,18.583007876255103,0.010466415,5.304061461050723,0.025033716,211.87671,-34.80310379550289,0.024291715,-12.040977280423236,0.016210144,13.9127445,14.733122,13.0258255,1.7072964,0.82037735,0.886919,3186.2961,35.16382,2.2070763,1.0772494,0.009192901,0.049080845,207.1716381956551,32.21846666432747,1,0.6161193952168121,True
659489518178180864,130.18481266417052,0.016095204,18.656467332803263,0.008409651,5.446812975590454,0.019108886,285.04086,-34.881825965658564,0.019412376,-12.112472869240904,0.01262079,12.627024,13.16232,11.935357,1.226963,0.53529644,0.6916666,2367.345,34.65974,0.86060953,0.9572865,0.04047041,1.749183,207.07236071598743,32.20438001117345,1,0.6189882593823609,True
659595994711604352,128.35494933642147,0.15447451,18.346190479437336,0.10296528,5.611152572516337,0.17840788,31.45126,-35.61610479945383,0.19764629,-12.094155157570622,0.12633985,18.269712,19.922148,16.96762,2.954527,1.6524353,1.3020916,605.587,,,1.022791,0.0,0.0,206.6815957637935,30.47345810157563,1,0.49039680122620316,True
659680072990872704,129.74049022674606,0.057895985,18.775181020340213,0.040547103,5.531853216341062,0.06858693,80.654625,-35.64920609077345,0.068610035,-12.431883259483946,0.049193837,16.548304,18.106901,15.269399,2.8375025,1.5585976,1.2789049,884.4171,,,1.0505472,0.16764626,1.4352573,206.7648132478816,31.853370958384453,1,0.5992142026382212,True
659719419187699712,129.2149415618499,0.10373667,18.838634199642843,0.060949624,5.602061253491877,0.13083811,42.81674,-35.340003175151665,0.13354683,-12.753501937000909,0.08578286,17.443512,19.220541,16.168331,3.0522099,1.777029,1.2751808,800.5687,,,1.0470438,0.07897146,0.11479482,206.48717205997988,31.411057307796703,1,0.4716512325446539,True
659879531271861504,131.7802800025262,0.2858629,17.750489959648757,0.14766246,5.397810002163834,0.34584534,15.607583,-35.70814520009232,0.3450916,-11.52303772000569,0.24595474,19.225874,21.137981,17.899681,3.2383003,1.9121075,1.3261929,388.8295,,,1.0169518,0.68760014,1.3594404,208.725097785786,33.29332109184632,1,0.7460303962531997,True
660066349465717504,131.49991822604326,0.07804348,17.82740343362188,0.037478182,5.3633786477476235,0.084811956,63.238476,-36.572981470304185,0.090452254,-10.869462741153455,0.065322764,17.102743,18.875528,15.837025,3.0385036,1.7727852,1.2657185,790.90344,,,1.0615795,0.20444338,1.5135492,208.5238588866123,33.07237820418407,1,0.4195100616952925,True
660295357121694080,131.63747475602426,0.015457204,18.90665382201406,0.007446709,5.38166169089026,0.017172085,313.39594,-37.498835959560225,0.018539112,-12.609959227262,0.013766266,12.872182,13.460778,12.150211,1.3105669,0.58859634,0.72197056,2954.4705,35.990986,1.9024826,0.91335917,0.03601429,1.4755625,207.3728837687839,33.57929429521053,1,0.5741535620450837,True
660954067666386944,131.32484934437923,0.019295543,18.8903154585874,0.0088088745,5.535352895340478,0.023327347,237.29028,-37.61555069359538,0.024487661,-12.540156363250654,0.017127018,9.516462,9.728562,9.154241,0.57432175,0.21210003,0.36222172,6414.4585,33.8762,0.25106743,1.0136517,0.10125614,12.9483185,207.2666283930996,33.29665218942953,1,0.6262853422412047,True
661008527851529728,130.3998022224512,0.015179939,19.10702066645809,0.007514194,5.345722388624707,0.01746835,306.02332,-35.03917933485229,0.017730486,-12.7436241867345,0.013108028,13.623213,14.372687,12.780002,1.5926857,0.7494745,0.8432112,2896.526,35.128075,1.3286054,1.0235889,0.0,1.9161912e-15,206.65856377054897,32.554031463776326,1,0.9887895551107911,True
661036840275967744,130.78085118400114,0.056711294,19.23862976735547,0.024369989,5.626537952795023,0.062040396,90.69152,-38.14970063625259,0.060990527,-14.13085051341481,0.04667525,16.537294,18.186144,15.278457,2.9076872,1.6488495,1.2588377,1899.5493,,,1.0445848,0.099014364,0.6960667,206.66193198121823,32.93724183681865,1,0.481637870184064,True
661043506065199488,130.7754721154928,0.055985346,19.414447312179952,0.025035016,5.31955559171782,0.06293784,84.52078,-35.99797020512855,0.065041535,-12.676443874706408,0.04685336,16.614388,18.215044,15.39232,2.8227243,1.6006565,1.2220678,1554.158,,,0.9662032,0.0,0.0,206.46340325037735,32.993753725360904,1,0.6890570707157399,True
661190015991474688,130.00692974596615,0.016497131,18.99978428559308,0.009948965,5.436823716326426,0.018215299,298.47568,-36.14099999537519,0.019430337,-12.354235442465557,0.013983135,10.0304165,10.360586,9.548475,0.8121109,0.33016968,0.48194122,176.0868,,,0.8888696,0.06078178,4.591115,206.6225168427164,32.16871030446328,1,0.8815319883208205,True
661220969817342848,130.47641283578923,0.021175051,19.257330645347267,0.01132232,5.436275515152367,0.023710772,229.27449,-35.869584023509844,0.025162622,-12.630860188713491,0.018198036,11.226812,11.5907135,10.694993,0.8957205,0.36390114,0.53181934,1154.0461,41.182636,5.8173685,1.2347515,0.18138103,57.586094,206.5215539760619,32.67448948700205,1,1.0,True
661234679353175296,130.46060917280556,0.15227175,19.49424624917522,0.06872053,5.5257562673017055,0.15943378,34.65863,-37.79923016216655,0.18166015,-12.709976214683127,0.11630446,18.204369,20.005285,16.91188,3.0934048,1.8009167,1.2924881,811.6379,,,1.0191109,0.24685815,0.5723741,206.2514755849159,32.74310492835966,1,0.6262853422412047,True
661238635021126656,130.22407980365594,0.026553191,19.378834593683756,0.015377815,5.568031701831432,0.032414474,171.7761,-37.2007474287038,0.034475252,-13.95205012753024,0.023999728,14.894252,15.987203,13.856455,2.1307478,1.0929508,1.037797,2350.6506,30.39599,4.4461985,1.0292786,0.0,0.0,206.2876978082985,32.49382559970107,1,0.5073145832180339,True
661277908202012672,129.48787892834326,0.062254652,19.463803936028377,0.039936867,5.307233125131796,0.072125256,73.58356,-36.3433369147825,0.072835326,-12.753225687920349,0.047393933,16.558746,18.110857,15.344347,2.76651,1.5521107,1.2143993,1258.8038,,,1.0777205,0.09246398,0.41539443,205.90699967065055,31.872960614566573,1,0.726688282198932,True
661296290661998208,129.94689526562905,0.09903182,19.659483936498475,0.06671228,5.2170162669696225,0.12845089,40.614872,-35.69751977360196,0.12895611,-12.20065579062835,0.09010566,16.8569,18.505228,15.59684,2.9083881,1.6483288,1.2600594,947.08246,,,1.3137825,0.49513233,8.680936,205.8683125478769,32.34655581683387,1,0.5344737120616643,True
661303471844671104,130.1640682246466,0.053453553,19.71537465119984,0.036387175,5.360800917347774,0.0611177,87.71274,-35.205655506514816,0.06335012,-12.490860301308222,0.043380536,16.541897,17.956905,15.184651,2.772254,1.4150085,1.3572454,1215.3585,,,1.0092647,0.0,0.0,205.89011576303943,32.55773468289401,1,1.0,True
661310756111835392,130.0558901585719,0.016346848,19.778750148848083,0.011069607,5.395738186240962,0.019156244,281.66995,-35.101871754736166,0.019530324,-13.040625876219671,0.013840871,12.836938,13.41744,12.117836,1.2996044,0.5805025,0.7191019,1840.1699,35.17527,0.99843293,0.93437254,0.0652888,3.5212271,205.7778460212428,32.484103648015456,1,0.9887895551107911,True
661311267210542080,129.94655067695317,0.1565962,19.76993007560711,0.12238606,5.403819148194116,0.19360226,27.911963,-36.23435486140883,0.20173514,-13.471941491873537,0.15121898,18.372242,18.382166,18.445826,-0.06365967,0.009923935,-0.0735836,533.75397,,,1.0089035,0.09626014,0.054565184,205.74551345637343,32.384505097727015,1,0.934035616056224,True
661314466961037312,129.89418164918237,0.33363444,19.799930957529735,0.37155953,5.149014800533993,0.30392116,16.941942,-35.53492868795372,0.5259336,-12.918146651532856,0.5952323,17.335207,,,,,,227.66713,,,1.1980263,0.5715717,4.1742964,205.6920142912855,32.34863830208718,1,0.4255465033133104,True
661321304551503616,130.0150886507075,0.050677616,19.916473450891935,0.0353661,5.365331812485776,0.0613406,87.46787,-36.93437173930583,0.06176845,-14.131637129203806,0.04444522,16.281916,17.92626,15.042538,2.8837223,1.6443443,1.239378,1188.569,,,1.0635424,0.1537846,1.572569,205.6088931858268,32.4955763004195,1,0.6090043634247668,True
661401431460014976,130.2906421813741,0.014705208,19.935290701097433,0.007708515,5.3775165303148755,0.016323118,329.44177,-36.52509371078294,0.017495481,-11.773027378551443,0.011429158,13.193317,13.852824,12.413293,1.4395313,0.6595068,0.7800245,4936.183,34.196995,1.0946932,1.0486734,0.014652328,0.18865713,205.6936705649545,32.745308492329315,1,0.714317350614033,True
661408818803811200,130.65399621982638,0.016507339,20.142114546592072,0.0071549383,5.395869501122921,0.019075893,282.86328,-36.35552084904256,0.02103469,-13.033948177593334,0.015333817,13.472316,14.203009,12.643685,1.5593233,0.73069286,0.82863045,2760.1973,33.689117,1.3042412,0.91776204,0.0,0.0,205.60120263045505,33.13681652317999,1,0.925756523047544,True
661459774295768960,130.9035300538393,0.027160713,20.537162293038406,0.012317498,5.437388496221049,0.030367363,179.0537,-37.53742388621318,0.031994093,-13.398742642034236,0.02350886,15.334721,16.519407,14.252327,2.2670803,1.1846867,1.0823936,2868.0642,38.28551,4.7829623,1.0133656,0.0,0.0,205.2510615925295,33.49063867595754,1,0.572127878597381,True
661460083533415040,130.85405034657043,0.019447342,20.56531540569081,0.00867196,5.364479496893676,0.022316238,240.38458,-36.29573210248368,0.022816848,-13.024666104977811,0.016537383,14.420762,15.375747,13.45515,1.9205971,0.95498466,0.9656124,3575.1877,33.811188,2.2651248,1.0139058,0.0,0.0,205.20061418883176,33.456456941612174,1,0.8030088714589526,True
661573608108602752,132.2045679008055,0.028265374,20.224204217477485,0.014253272,5.4809197786100174,0.03082554,177.8045,-37.66159017079576,0.03458729,-12.477912134503091,0.022612765,15.135608,16.274227,14.077194,2.197033,1.1386194,1.0584135,3094.063,33.607765,3.5731273,1.0709337,0.045227014,0.5144671,206.10123737405883,34.53406217190577,1,0.5866705359874455,True
661767293953914240,131.28045582156096,0.017767502,20.394917633226036,0.00868149,5.407612545988391,0.019736243,273.99402,-37.04072576371251,0.021914655,-14.248047788181395,0.014854085,11.7140255,12.117802,11.146666,0.9711361,0.40377617,0.5673599,3080.418,33.69888,0.40871745,1.1608276,0.1164284,22.592802,205.5545874717728,33.77536988054134,1,0.5816538444166511,True
661789971381262592,131.83998489884615,0.02935928,20.656060133321795,0.015299479,5.724083237212953,0.03660928,156.35606,-38.729973815319376,0.03805041,-13.493112069095162,0.024962267,15.121429,16.28257,14.048573,2.2339973,1.1611404,1.0728569,2747.8572,38.59045,4.88435,1.0680914,0.07239195,1.2960578,205.4691659185659,34.35655118091257,1,0.36520149377627054,True
662296292190172032,127.21733667812242,0.41954583,18.559213465371627,0.25203478,5.437499106085224,0.47410893,11.468881,-34.05796245286384,0.5018925,-12.549605435063414,0.32581466,19.685694,21.39339,18.224144,3.1692467,1.7076969,1.4615498,383.20627,,,1.0832258,1.6049131,4.481078,206.00068404012265,29.54489536308602,1,0.4916084818050049,True
662677758301970688,127.71403363195417,0.098471284,18.89760014482087,0.05799749,5.495906097373132,0.111209996,49.419174,-34.68455296431799,0.11024368,-13.1997377182418,0.076803066,17.265146,18.908567,16.01664,2.8919277,1.6434212,1.2485065,1190.2041,,,0.9506885,0.0,0.0,205.83240885768905,30.105668567790616,1,0.5483362035432421,True
662917726714872960,127.82037272635542,0.03046329,19.35521207391828,0.019921513,5.5232165881201105,0.036352195,151.93626,-33.946614969650604,0.03509871,-12.989605609608128,0.02583705,15.545401,16.688211,14.268867,2.419345,1.1428108,1.2765341,2274.2888,37.566135,4.1889977,0.94727904,0.0,0.0,205.37900266755975,30.36267012899227,1,0.3649256497349146,True
663011734958828416,127.20784751370849,0.034385126,19.988932131636236,0.021067398,5.4146147814150005,0.039818246,135.98325,-34.17252372955902,0.04052708,-13.875413893884035,0.031008018,15.131401,16.53933,13.9643345,2.574995,1.4079285,1.1670666,1837.7279,3.49147,9.343731,1.1934806,0.11882602,3.183844,204.4576538968192,30.046067635709555,1,0.5600993162681164,True
663782904926907392,126.9607045554792,0.017085638,20.24335666329107,0.0111663025,5.357131233363299,0.019008338,281.83057,-33.465482267643665,0.020938477,-13.527154640144794,0.014203213,13.836049,14.638183,12.960612,1.6775703,0.80213356,0.8754368,3806.6926,36.408726,2.1496353,0.98846555,0.0,0.0,204.08883829056737,29.917496173335945,1,0.36612330270753457,True
664365852247875840,129.09320763197726,0.085956134,20.118543156491256,0.055430535,5.407162254103146,0.10644004,50.80008,-34.61116534797963,0.09915813,-13.222134974826936,0.070593365,17.368938,19.03061,16.120066,2.9105434,1.6616707,1.2488728,857.20703,,,1.0295398,0.10542392,0.24508709,205.0327395362361,31.75191735442446,1,0.606811139701528,True
664423297433229312,130.03378305995642,0.15237051,20.218448859256704,0.10280607,5.723338169284444,0.18263923,31.33685,-36.77672809097972,0.17864296,-12.897302078842188,0.12200812,18.186068,20.329664,16.823648,3.5060158,2.1435966,1.3624191,661.7298,,,1.0606574,0.5184512,1.8875172,205.2794618481584,32.61556887987469,1,0.3406064847022161,True
664456733755404928,130.07024646907712,0.063389696,20.71166503447085,0.039906204,5.353802221206716,0.0715208,74.85658,-35.07902868313715,0.069621444,-13.003810989349228,0.050163407,16.796015,18.394266,15.570888,2.8233786,1.5982513,1.2251272,631.6777,,,1.006918,0.0,0.0,204.74166294486912,32.81478233979074,1,0.9887895551107911,True
664596504874763392,128.62938205039376,0.15244807,20.629306558541582,0.09772596,5.263750430599168,0.17817394,29.54276,-34.63509381025157,0.17666209,-13.397931914807204,0.12143839,18.264273,20.284079,16.937521,3.3465576,2.019806,1.3267517,508.36774,,,1.0393604,0.37267402,1.2494223,204.2941952577706,31.51836089811817,1,0.6181140112071395,True
664600804138934400,129.16661289119094,0.01811161,20.60972628089803,0.012324196,5.345154839550741,0.022008061,242.87257,-34.56946627463398,0.02265183,-13.273127668114077,0.016143622,11.67617,12.070044,11.117445,0.9525986,0.3938732,0.55872536,1234.0382,33.699337,1.0180439,1.0621772,0.10099355,11.1476145,204.51694888478613,31.984546172196637,1,0.6176987860300852,True
664649040915007872,128.5277099245004,0.11147264,20.829624339585713,0.06978086,5.336359569391251,0.13354455,39.959396,-35.085147918166996,0.12684289,-14.299544106309485,0.08962682,17.814655,19.521849,16.544733,2.9771156,1.7071934,1.2699223,1003.1899,,,0.9527852,0.0,0.0,204.0353173169263,31.497012674071534,1,0.5854651654038471,True
664873173784204160,130.93621379278267,0.020900624,21.209469108389246,0.009494043,5.6059479061254995,0.023836749,235.1809,-37.54891484338704,0.024088083,-14.10499679207111,0.0179654,14.51331,15.520156,13.516546,2.0036097,1.0068455,0.9967642,1341.3558,49.779472,6.230202,1.0237153,0.0,0.0,204.50185989820065,33.74297888628009,1,0.5063271579064712,True
658642000872094464,130.57293726135418,0.0726171,17.98745571942109,0.034703434,5.377242046416947,0.08559342,62.823082,-36.19752466667579,0.08133569,-11.592041169943036,0.06711031,16.643272,18.252228,15.425571,2.8266563,1.6089554,1.217701,1207.7565,,,0.95156795,0.32232732,6.5594883,207.9671416721148,32.30808110748268,1,0.8571758857024279,True
659388466187693440,130.04080972972392,0.014427352,18.097171410254457,0.009525784,5.5078800422307745,0.01702536,323.51035,-36.431858711960516,0.018228048,-12.870232192376037,0.011848814,13.043964,13.676527,12.28388,1.3926468,0.63256264,0.76008415,3907.9111,36.29219,1.3306097,0.97754943,0.0,0.0,207.63033838988153,31.876088498323924,1,0.7152015254418405,True
659494049367276544,130.05525781087687,0.17990592,18.723938225706288,0.08757873,5.128142111021367,0.20187263,25.402859,-36.22004208115182,0.16522366,-12.248998852128942,0.117131054,18.181166,18.197367,18.296679,-0.09931183,0.01620102,-0.11551285,668.0221,,,0.9251574,0.0,0.0,206.946286092033,32.1137069789658,1,0.4207814623165821,True
659532399131904768,129.00181341696907,0.033438716,17.97589185482675,0.021914829,5.358304297426064,0.03866705,138.57547,-34.56526028778427,0.040082086,-11.631556264770207,0.025963955,15.511907,16.792555,14.383175,2.40938,1.2806482,1.1287317,1163.8359,,,1.0085347,0.0,0.0,207.3425024362062,30.911534249348236,1,0.6384868264045837,True
659671624791715840,129.36260602865778,0.09111758,18.810901461628823,0.064916894,5.475478914538756,0.11771124,46.516197,-34.727654697354836,0.120102264,-12.509306428256558,0.08055189,17.364876,19.03347,16.118225,2.915245,1.6685944,1.2466507,749.11835,,,0.99750155,0.0,0.0,206.57592069503897,31.531780380437457,1,0.6124456171104052,True
659714024708794240,129.03583296469802,0.02070721,18.747430488195064,0.01340581,5.49214193096484,0.023586527,232.85081,-36.173875563501824,0.024622383,-12.943997482052216,0.018684844,14.23812,15.155485,13.292022,1.8634634,0.9173651,0.9460983,2337.2234,37.820072,2.4207418,1.0557474,0.0,0.0,206.51609347821835,31.2201169360896,1,0.7793567229524775,True
659755630055476992,129.44729934433602,0.013436383,19.10681807530042,0.009132347,5.382425844330476,0.015034968,357.99384,-35.147705975896685,0.015781399,-12.7521113886141,0.011858439,12.019036,12.475515,11.405766,1.0697498,0.45647907,0.61327076,2270.5178,35.95541,0.64306223,0.9295089,0.06545063,5.669393,206.28436459329248,31.711628795013965,1,0.9887895551107911,True
659757283619334656,129.44531988804198,0.04064111,19.182132043118944,0.026202284,5.110426507231541,0.04744354,107.715965,-34.032960295148754,0.04522216,-12.506898695113982,0.03137689,15.771846,17.006145,14.651727,2.3544188,1.2342997,1.1201191,1508.708,,,1.0444704,0.0,1.2660036e-15,206.20074103340644,31.736454147329994,1,0.37498088550710273,True
660909812323424768,130.69377567834871,0.24469662,18.438531343167497,0.0886003,5.174130165526937,0.29896337,17.306904,-36.166184343819495,0.30131844,-11.525026026940424,0.20789455,18.591953,20.667505,17.208652,3.4588528,2.075552,1.3833008,637.4166,,,1.0610479,0.60381436,2.889847,207.5173254000439,32.577413176145186,1,0.3918826926066057,True
660948123431659648,131.31204304528464,0.08257725,18.761043274907298,0.040279467,5.415928328253926,0.0950491,56.980324,-36.15483393568731,0.103177525,-11.31422718875735,0.073845476,17.284693,18.949242,16.043867,2.9053745,1.6645489,1.2408257,972.1966,,,0.95826614,0.0,0.0,207.4062044800624,33.239739565924594,1,0.6988899642491712,True
660989973592859264,130.64542385767206,0.07844533,18.92933260919173,0.034918975,5.228899695076689,0.088631585,58.99589,-36.897287542204154,0.095167615,-12.041775878778132,0.062378116,17.154099,18.84468,15.916936,2.9277449,1.6905823,1.2371626,1157.6262,,,1.0747778,0.115116276,0.46551278,206.9531138476144,32.708835253104134,1,0.5202055459860012,True
661111538347104512,131.6969996762641,0.015596682,19.644672475718508,0.008251501,5.407580076601351,0.018117262,298.47665,-36.78876602494215,0.01843005,-12.676949159058388,0.013596205,10.59116,10.884378,10.134828,0.7495508,0.2932186,0.4563322,2199.4365,33.639645,0.24575959,1.0532286,0.09420842,13.020149,206.56415444507428,33.888317576048976,1,0.7532904698510634,True
661186202060520704,130.01613515918189,0.1663665,18.93253090655939,0.11350045,5.232326077892202,0.22729172,23.020311,-34.780049261077636,0.22239526,-12.236205097345996,0.16466251,18.383526,20.274044,17.075361,3.1986828,1.8905182,1.3081646,542.5835,,,1.0068161,0.3079702,0.5685947,206.70046697673055,32.153082424923326,1,0.4651728758778084,True
661194856416193024,130.22547217451535,0.20940194,19.08194047436129,0.13145113,5.096525004660705,0.28902948,17.633236,-35.322465474908924,0.28415814,-12.144198304457658,0.19136173,18.773668,20.806282,17.42314,3.3831425,2.0326138,1.3505287,438.06436,,,0.99612486,0.0,0.0,206.61772582291837,32.39099533044783,1,0.3793727526679333,True
661199911596105600,130.13715924088478,0.024555836,19.194265479069816,0.01639385,5.534865049491854,0.033919808,163.17502,-36.35055373003718,0.03452751,-13.34314995702169,0.023840798,8.600788,8.732945,8.344442,0.38850307,0.13215733,0.25634575,3230.4495,37.371582,0.6562276,1.0596844,0.11781061,12.423289,206.4584976901408,32.35236698442792,1,0.8778244462006178,True
661247602912908032,130.38961774149897,0.10731194,19.54999980431584,0.051284604,5.454574677501863,0.11855971,46.006985,-36.54542255604079,0.13103056,-13.510900661557066,0.08512294,17.659998,19.40514,16.399202,3.0059376,1.745142,1.2607956,1000.3609,,,1.0006183,0.0841126,0.12553877,206.1617124044648,32.699718329224545,1,0.8785181338888631,True
661263408392412928,129.711165292837,0.04413547,19.415004665806546,0.027808435,5.337915528714276,0.053267416,100.20977,-36.5463783688942,0.052492578,-12.895648398605577,0.0356626,15.937424,17.316498,14.772754,2.543744,1.3790741,1.16467,1308.2059,,,0.9646258,0.0,0.0,206.04768812812577,32.05315342992888,1,0.7664443626463482,True
661264439184662016,129.9404517431362,0.013901789,19.36692761055676,0.008945057,5.462930768618199,0.021412697,255.12578,-35.8350179479679,0.020643387,-12.85646450741582,0.012352554,10.51859,10.809184,10.066867,0.7423172,0.2905941,0.4517231,2015.3422,33.715504,0.42975754,0.82496595,0.057697155,4.062519,206.1902226835307,32.23896004707915,1,0.9563997696217132,True
661282031370596608,129.76697571795424,0.016616108,19.522631868432704,0.0096533615,5.343075185771333,0.019417286,275.17105,-34.213783826800864,0.020401126,-12.907956920626518,0.013559351,13.318716,13.998038,12.52634,1.4716988,0.67932224,0.7923765,3851.6357,34.324135,1.791069,0.93181366,0.0,0.0,205.95032689420364,32.14004116227109,1,0.7316610350425071,True
661283057865715456,129.67313814491817,0.13521925,19.5716356129972,0.08496306,5.524269678082207,0.16239113,34.0183,-36.50300077877138,0.16410056,-11.902007269401194,0.11216384,17.996151,19.70494,16.715876,2.9890652,1.7087898,1.2802753,605.6184,,,0.89308304,0.0,0.0,205.8597232404304,32.07422988801914,1,0.6276566147228808,True
661298004351199104,130.04466580902093,0.23053183,19.680464600814844,0.20183621,5.747604363492746,0.30368644,18.926115,-38.09243144097995,0.2776308,-14.29962003405857,0.21120474,18.891848,20.872269,17.519077,3.3531914,1.9804211,1.3727703,444.08362,,,1.0448575,0.4786062,0.75742877,205.88280625038067,32.440185080338495,1,0.3691902157288175,True
661347727189029504,130.49711995125384,0.034301553,19.74579295027939,0.015753658,5.453163332145983,0.037210003,146.55101,-36.44929970245171,0.039053634,-11.806668830621431,0.026642289,15.229515,16.402529,14.151309,2.2512197,1.1730137,1.0782061,1704.6855,34.241596,3.1971095,1.1715472,0.12036082,3.3013587,205.98487399214855,32.862446823737756,1,0.697950994338697,True
661350750845994240,130.5566501141869,0.03177255,19.835682654038376,0.014841241,5.378403795927818,0.03594823,149.61526,-37.17585671457216,0.035519604,-13.614064513818088,0.025783848,15.454395,16.667036,14.35896,2.308076,1.2126408,1.0954351,2468.147,33.36253,4.0680223,0.9743295,0.0,0.0,205.90733318867203,32.94599023728016,1,0.6316395975016142,True
661383731898310016,130.83373865231326,0.17512055,20.07380635021472,0.06902657,5.320073080003736,0.21030053,25.297478,-36.78842936259393,0.22607468,-11.944837589485402,0.1605709,17.985344,19.795485,16.69209,3.1033955,1.8101406,1.2932549,904.2457,,,1.0355402,0.5423594,4.586804,205.7466880267177,33.272229005406096,1,0.5785806909285686,True
661396140060387456,130.42374141478555,0.08700166,19.832558441592457,0.045795348,5.220120712588625,0.100118965,52.13918,-36.06640514488472,0.10112865,-12.334336147646688,0.06886798,17.45217,19.023994,16.210905,2.8130894,1.571825,1.2412643,1086.9263,,,0.97658455,0.0,0.0,205.85960762400256,32.8275222182257,1,0.5954307323700508,True
661401358444641152,130.3072175652647,0.023878,19.921937007980738,0.012234012,5.418462253108853,0.025570087,211.90628,-36.760328236183824,0.027961079,-13.12750844751958,0.019067418,8.286225,8.376525,8.095226,0.28129864,0.09029961,0.19099903,2946.445,34.555904,0.7723517,0.9566776,0.14593793,17.923262,205.71494645957307,32.75535625660401,1,0.7742546380679314,True
661429675164926464,130.4661373350239,0.042674154,20.346589660500623,0.018831806,5.406968331777767,0.04672808,115.711334,-36.65185761295657,0.050497666,-12.7097579721448,0.040803198,15.632096,16.888193,14.518337,2.3698559,1.2560968,1.113759,2375.7874,,,1.030613,0.0,0.0,205.3001908280395,33.04052070948117,1,0.8072704969215696,True
661463446491712384,130.688931948128,0.13979433,20.59258127009192,0.06255641,5.343372923457185,0.15334049,34.84646,-36.38809160957235,0.18310045,-12.454029173291504,0.13935567,18.157383,20.170296,16.868778,3.3015175,2.0129128,1.2886047,668.69885,,,0.9778565,0.0,0.0,205.10767214674772,33.32001354175934,1,0.7285636588073869,True
661836284012503552,131.0026090194029,0.15613231,20.645915333610255,0.07073113,5.379328424438377,0.1759474,30.573503,-36.72445732171395,0.19120143,-13.24123422921782,0.13730069,18.335567,20.197279,17.03228,3.164999,1.8617115,1.3032875,794.7937,,,1.0277405,0.65290475,4.693518,205.1654391338066,33.61448502969543,1,0.7098730633618341,True
661864566373175680,131.70866445374588,0.011938623,21.02018259416196,0.006331218,5.602270050647781,0.014112607,396.9692,-38.25383071241254,0.014264058,-13.860271041599043,0.010560776,12.723747,13.296944,12.011799,1.2851448,0.5731964,0.7119484,3425.3818,32.417774,0.86691105,0.8540366,0.0,0.0,205.00373473552645,34.36118230090976,1,0.4485402697292161,True
662235170512361856,127.6526122522504,0.11154452,18.377214956187636,0.072825365,5.415530054182489,0.12989074,41.692963,-33.765772030074466,0.1259634,-12.486548981876354,0.08756533,17.655489,19.715302,16.313023,3.402279,2.0598125,1.3424664,843.2256,,,1.0599462,0.32171378,1.5277705,206.3684425360473,29.863546448573157,1,0.509787271895606,True
662786743094868224,128.81323394627208,0.17846107,19.375399384391745,0.113388166,5.549992926590315,0.21915476,25.324537,-35.29006529968561,0.22837645,-13.069554050357212,0.16042781,18.514757,20.475386,17.195013,3.2803726,1.9606285,1.3197441,522.4069,,,1.0338866,0.39793262,0.8557095,205.7421560157488,31.24612976241971,1,0.5500820755509105,True
662798086105290112,129.04159823297024,0.11607911,19.638480704538814,0.08553365,5.131047509059485,0.14628893,35.074745,-35.013401176714595,0.14468837,-12.741134765870754,0.106374,17.930077,17.905788,18.05388,-0.14809227,-0.024288177,-0.12380409,691.3737,,,0.9359038,0.0,0.0,205.54190533772365,31.539945589412124,1,0.4534509693700939,True
662805061132155008,128.3247599335178,0.06286459,19.275706273418045,0.04086544,5.4160643672326945,0.0717894,75.44379,-34.38127550792947,0.07855729,-13.167909563331696,0.0525129,16.788385,18.492998,15.523538,2.9694605,1.7046127,1.2648478,705.0247,,,1.0241116,0.094798416,0.34234113,205.6611459884525,30.779660959289632,1,0.5638530222495525,True
664325170317925120,129.9207961458658,0.024946667,19.9912803504382,0.018171066,5.358285858124496,0.028756734,186.33151,-36.5147275876975,0.029221263,-14.028666774306842,0.02364757,14.618325,15.669391,13.594326,2.0750647,1.0510654,1.0239992,729.978,-5.069725,6.5633197,1.1502047,0.09107861,2.4698324,205.48950366838616,32.4380844532508,1,0.5208888031290992,True
664340696622352512,129.52788111481394,0.15582679,20.162307627335004,0.09823409,5.646817550804789,0.18840005,29.972485,-34.79885234493844,0.1928462,-13.8130892729369,0.1283231,18.036741,19.88627,16.759817,3.1264534,1.8495293,1.2769241,542.72687,,,1.0237923,0.28065854,0.7092126,205.14959225013496,32.150195245277274,1,0.3433556053335849,True
664353379662996224,129.0182889480723,0.022455068,19.920223088864876,0.014714057,5.381557557874674,0.025979768,207.14417,-35.49368268442086,0.026444813,-13.812348883660452,0.017638894,14.076538,14.939043,13.134767,1.8042765,0.86250496,0.9417715,3161.8691,34.261906,2.4025698,1.080045,0.01986028,0.15775919,205.222878376741,31.61735523152148,1,0.7286609334084518,True
664353860699329920,129.07964420778976,0.0600318,19.898513924847848,0.0377212,5.297976681161393,0.070236176,75.430885,-35.15685003014568,0.068095885,-11.889479587577334,0.045923118,16.26176,17.710575,15.070155,2.64042,1.4488144,1.1916056,1049.2491,,,1.1646526,0.164706,1.7324151,205.27027577251187,31.66394849948543,1,0.6654689371324494,True
664394439550157312,129.3548559486362,0.02568312,20.35546663863413,0.01727105,5.380563184175971,0.032959353,163.24844,-35.21577853506696,0.03310794,-13.80500433962229,0.022247234,14.797273,15.866008,13.765962,2.1000462,1.0687351,1.031311,2330.3406,29.02299,4.7907195,1.0762775,0.029708771,0.22858949,204.86974629622512,32.063777123922016,1,0.7146752048016748,True
664425054076741120,130.11054799191257,0.033956658,20.25359396649313,0.021971693,5.362092419433569,0.038426388,139.54193,-34.890233348765236,0.039737184,-13.448369963700596,0.02779489,15.656171,16.937038,14.531724,2.4053144,1.2808676,1.1244469,2071.4978,,,1.0388303,0.055808306,0.40535426,205.26938887259465,32.69526264969716,1,0.6490747796881113,True
664437286143573760,130.2607547881454,0.012439156,20.457649402325725,0.007698358,5.3994134742836835,0.015168635,355.95908,-36.81749295535736,0.015200407,-14.148980643445835,0.010684117,12.0841255,12.53938,11.469791,1.0695887,0.45525455,0.6143341,1769.8506,34.25758,0.85190046,0.89057904,0.042019535,2.254675,205.09793688159309,32.89700337500569,1,0.613156675798328,True
664487623160237184,130.5214152804243,0.027105935,20.96565248673412,0.012741129,5.3947547263705795,0.030434096,177.26022,-35.93254240395922,0.033203878,-13.449790904506848,0.024427816,14.977529,16.265833,13.856915,2.4089174,1.2883043,1.1206131,3057.6267,48.372074,2.9338205,1.0913745,0.052511815,0.8007537,204.62430250516155,33.297097035336456,1,0.9690936836777794,True
664573793087543936,128.91347578151746,0.07977024,20.40266527856529,0.055306513,5.43933474248322,0.09242787,58.849506,-35.67814209238649,0.090915404,-14.041392949522812,0.06342837,17.075594,18.887972,15.801449,3.086523,1.8123779,1.2741451,896.7237,,,0.9644801,0.0,0.0,204.6509729497103,31.691075232823714,1,0.6391863959080621,True
664610562304515712,129.27960525678023,0.06029152,20.77883888330041,0.041930135,5.447954615155519,0.08740739,62.32831,-34.68374734278253,0.07699375,-13.60208314761929,0.049267758,16.636724,18.270996,15.404219,2.8667774,1.6342716,1.2325058,988.8717,,,0.94355327,0.0,0.0,204.3714061429227,32.14125809950107,1,0.7081620656386349,True
664695087260752384,128.74678765311575,0.09333077,21.14366032592268,0.060879536,5.321697857385328,0.11055125,48.137833,-34.76375469673005,0.10820102,-13.897115827369568,0.081143975,17.560566,19.579348,16.248789,3.3305588,2.0187817,1.3117771,1066.0083,,,1.0311501,0.19519098,0.91614735,203.7690771178061,31.795486407070864,1,0.5627447511626004,True
664726045385110144,129.12245795009952,0.07134518,21.052810096637774,0.04657474,5.363438270453435,0.08703941,61.6208,-34.91781123156748,0.08949496,-13.59078683537992,0.058729034,16.980522,18.554243,15.754694,2.799549,1.5737209,1.2258282,1136.8572,,,1.0660776,0.21191508,1.5626893,204.00847278072104,32.095201693035776,1,0.6720967427885942,True
664889490365977984,131.26335948815793,0.037870426,21.330997923998808,0.018323867,5.580015893338347,0.04924681,113.30715,-38.89257740457809,0.048366267,-13.888868121182476,0.035104718,15.112927,16.341776,13.971445,2.3703308,1.2288485,1.1414824,2684.3557,46.75347,6.398585,1.3831958,0.221347,12.312113,204.4839793117004,34.07083381584152,1,0.35762418386102185,True
665129291274749696,130.15080411714973,0.018422814,21.561655165081547,0.010840676,5.363861643720371,0.021624597,248.04448,-36.15618727860882,0.020768182,-13.580040893305968,0.0146241505,11.535293,11.911762,10.996941,0.9148216,0.3764696,0.538352,2967.166,34.764084,0.51708454,1.069146,0.10345478,13.127246,203.81542221292364,33.16774469670183,1,0.7560898622339802,True
658875028617474048,128.51786785381805,0.09167513,16.973509800783983,0.058873627,5.2671814896590945,0.105593465,49.8817,-33.54636360730239,0.11377137,-11.468557180979936,0.073112786,17.415432,19.16792,16.166037,3.0018826,1.7524872,1.2493954,911.17053,,,0.95535374,0.0,1.2345602e-15,208.2258683949682,30.11235512515762,1,0.36233506946894245,True
659248858275152128,129.30751049381675,0.014265877,17.513484048779084,0.0088535035,5.311279889982488,0.016148366,328.9051,-35.350548281649104,0.016849488,-11.79671461186802,0.011247549,13.257988,13.917647,12.463806,1.4538412,0.6596594,0.7941818,2225.326,34.815235,1.4235858,1.0833639,0.03540787,1.0841551,207.96864648303057,31.01305230520326,1,0.59776204733101,True
659698219229186688,129.7370441267475,0.043893434,18.858082812267664,0.029272122,5.554473856628747,0.050390802,110.227936,-36.87305371062334,0.052088156,-12.882803043397637,0.035746705,15.864371,17.393362,14.6638365,2.7295256,1.5289907,1.2005348,1110.2574,,,1.0616951,0.05613151,0.3156805,206.67220671955135,31.879785078662735,1,0.5934787765388216,True
659739072957970176,128.89861921861103,0.023473686,18.995669253669277,0.015128548,5.373285599658744,0.027197244,197.56729,-35.009378379909364,0.02878529,-11.95954554268934,0.02031539,14.69426,15.704849,13.694381,2.0104685,1.0105896,0.9998789,2634.8135,34.161926,3.705551,1.0346798,0.0,0.0,206.19082722299643,31.187261990366903,1,0.6431124988318877,True
660327685339473152,131.97417154701813,0.088739455,19.131439412612245,0.046716355,5.362336127122989,0.098660864,54.351196,-37.59325362576271,0.10885977,-11.979280409381753,0.077234514,17.434742,19.162067,16.174522,2.987545,1.7273254,1.2602196,944.8196,,,1.0485758,0.14812614,0.5231849,207.25346541972337,33.956121750865115,1,0.5215357465685742,True
660953998946910720,131.33535981268565,0.026257524,18.875341235864475,0.012767989,5.492367912730847,0.032517932,168.90274,-37.56676761213871,0.033468463,-12.501060646946993,0.025692385,8.398536,8.516975,8.166572,0.3504038,0.118439674,0.23196411,4204.964,34.285915,0.6717811,1.0906453,0.15250815,20.364618,207.28758515371285,33.30069120923249,1,0.5984897367859037,True
660962863759344768,130.97763149288338,0.013073982,18.893527427557913,0.006100597,5.420221498858722,0.0150456205,360.25244,-36.34401724012457,0.015625853,-12.796823770036356,0.011231641,12.3910265,12.892677,11.737743,1.1549339,0.5016508,0.6532831,2948.779,34.839516,0.50739574,1.0998619,0.065842874,6.9491534,207.1248795999319,32.990310929024616,1,0.9485511036281822,True
660996295785836416,130.23199226617123,0.1054183,18.826115759373593,0.06130453,5.543826990256044,0.14366196,38.58939,-35.57158605406646,0.12519465,-11.856811217792558,0.090901375,17.31164,18.91352,16.074053,2.839468,1.601881,1.237587,1038.3126,,,1.0174658,0.31411466,2.3185837,206.9036095722496,32.30641363403115,1,0.599989520804818,True
661026012662301568,130.98591995205993,0.24767916,19.271617318521397,0.11032275,5.4567536501993015,0.30410525,17.943634,-34.858176422413315,0.35892496,-11.802037040154808,0.34517178,18.842724,20.637789,17.5272,3.110588,1.7950649,1.3155231,542.2181,,,1.0331728,0.6821132,2.5662153,206.70564992007996,33.13017895577117,1,0.5287905643268157,True
661060479775918592,131.61404619305455,0.12048587,19.209012879697784,0.063336305,5.324606730859026,0.13753003,38.715958,-37.84969846942911,0.14399631,-12.422575679778674,0.108169384,18.088068,19.943123,16.789042,3.1540813,1.8550549,1.2990265,740.85443,,,1.0210394,0.23754269,0.67470443,207.02340008075151,33.66426203763973,1,0.5067336772105866,True
661201389066412928,130.24528126953982,0.17320853,19.23791350866017,0.10785337,5.0980575294352555,0.21266395,23.972364,-34.65854401269223,0.24131179,-12.583130300244305,0.16919406,18.356447,20.470795,16.971634,3.4991608,2.1143475,1.3848133,581.0568,,,0.93240935,0.566066,2.224761,206.45249301030177,32.46328781658681,1,0.3799563060076758,True
661235439565517568,130.62805234581745,0.07179105,19.49188319945026,0.032349613,5.220357886314622,0.07894294,66.12824,-36.208808413547416,0.08805932,-12.411091459686247,0.05889156,16.978823,18.543951,15.77187,2.7720814,1.5651283,1.206953,1187.0471,,,1.0508305,0.15988877,1.0965763,206.3193408261256,32.890305119369,1,0.5273803192839539,True
661250145533531008,130.51939125454862,0.40803286,19.633500990089765,0.18978937,5.566140682649538,0.44877198,12.4030485,-35.62282592374507,0.47879478,-12.018037245504274,0.3178988,19.522202,21.39891,18.152346,3.2465649,1.876709,1.3698559,328.1347,,,1.0163232,1.444204,3.418583,206.1189389201979,32.84333771693121,1,0.6046129805465509,True
661251966599576576,130.33284243948893,0.01253879,19.634586972122616,0.0067440458,5.4044772410694275,0.014917911,362.2811,-36.5750665603463,0.015213863,-12.105975348395576,0.011119106,13.146451,13.786313,12.382252,1.4040613,0.63986206,0.76419926,3954.2893,33.985985,1.1189685,1.0093707,0.0,0.0,206.04540611220085,32.678872447429775,1,0.7725459545389237,True
661264679702825344,129.9713367126089,0.061701473,19.40098018381767,0.03998234,5.392035792886547,0.081017576,66.5539,-35.04053898209232,0.07950625,-12.391071004884822,0.05749464,16.790697,18.365458,15.580155,2.7853022,1.5747604,1.2105417,777.1828,,,1.0263971,0.0,0.0,206.1645373236723,32.27815943016688,1,0.8300606580919908,True
661265951013145344,129.90968877529275,0.014000278,19.440802608838624,0.008545761,5.398444417755352,0.016780678,321.70596,-34.762738184067075,0.017397791,-11.57216889506964,0.012002674,12.356053,12.842239,11.676241,1.1659985,0.48618603,0.67981243,3509.703,31.415796,2.6141984,0.9601401,0.048814554,2.9665112,206.09640198995928,32.23758638281421,1,0.5557979239787961,True
661297080936069632,130.09185584769432,0.030092854,19.669874772273747,0.018907797,5.410565568855176,0.029280394,184.78459,-36.23716977115824,0.046633452,-13.881460649047735,0.0336717,6.176117,6.6616106,5.5287657,1.1328449,0.48549366,0.64735126,3388.723,34.419373,0.12561242,1.0777385,0.14069113,21.070198,205.91282587063463,32.47819835879749,1,0.6721312060843674,True
661414213282680960,130.31406569927864,0.01598762,20.037697917745874,0.008436852,5.506390134919603,0.018343352,300.1845,-36.55063394837747,0.0189786,-12.647825383641756,0.013114054,13.7338505,14.521207,12.868636,1.6525707,0.7873564,0.86521435,2937.7024,34.631004,1.624428,0.9908296,0.0,0.0,205.58823831802948,32.801103337599955,1,0.6810103822657415,True
661441494914973184,130.96171390221485,0.024445882,20.365688265689556,0.0100920815,5.785935220173559,0.027807685,208.06966,-39.58193994344672,0.029451113,-14.041063926765414,0.019698001,14.761261,15.83951,13.728528,2.110982,1.078249,1.032733,3878.2246,36.17362,3.9910262,1.0149776,0.0,0.0,205.4666676969283,33.484216316023605,1,0.3099757725464221,True
661490693763838976,132.00519171586274,0.098977566,19.827489066724112,0.046866864,5.207612554095711,0.123442076,42.18669,-36.86524038787927,0.114201084,-13.340493680637028,0.07810322,17.437267,19.166317,16.18555,2.9807663,1.7290497,1.2517166,1110.8835,,,0.9942154,0.081304915,0.15491864,206.47664331661937,34.223454018493015,1,0.37942740533317837,True
661770729927747456,131.27527646945214,0.2507157,20.45363782542475,0.116668776,5.718693207463791,0.2723864,20.994783,-37.5553786973241,0.28610593,-12.899247515589911,0.20827095,19.097681,21.030731,17.770369,3.2603626,1.9330502,1.3273125,473.8409,,,0.97850084,0.0,0.0,205.48608908939067,33.790546150380266,1,0.3842405197977485,True
661838281173303808,131.0511582626454,0.11050055,20.716860603961507,0.05068005,5.441890467855625,0.12300895,44.23979,-37.17875656693016,0.12794739,-13.541389131193352,0.093280084,17.667847,19.517126,16.377697,3.139429,1.8492794,1.2901497,649.82336,,,1.0186641,0.47202462,5.069779,205.10335208253815,33.681005196680225,1,0.6697671523451387,True
662172429630090880,127.32404563287828,0.04756599,17.70312718714561,0.028546426,5.3721852526585385,0.05244802,102.42875,-34.192015894472796,0.05937153,-12.651942958133452,0.040819187,15.877312,17.42461,14.669639,2.7549715,1.5472984,1.2076731,1379.0499,,,1.089465,0.097548835,0.9623157,206.95803986920583,29.325810372939443,1,0.6955492225859182,True
662612440439438848,127.92025174681244,0.067590676,18.49523800959929,0.04007651,5.413320537357091,0.07842843,69.02242,-34.88402000287937,0.077837355,-12.04948826894288,0.053892102,16.796719,18.290903,15.596305,2.6945982,1.4941845,1.2004137,1203.341,,,1.0271097,0.0,0.0,206.34772136354923,30.14296414110858,1,0.7609522375905995,True
662647998471924480,128.2599922666307,0.07443472,18.85103967549486,0.054289196,5.082677818411827,0.09293106,54.69299,-33.09259489375735,0.093013085,-11.52297378081286,0.06317827,17.224506,18.782265,16.007275,2.77499,1.5577583,1.2172318,1075.8462,,,0.98132426,0.0,0.0,206.09723156356668,30.571295350529414,1,0.3006336794423266,True
662776439470251136,129.05934886831557,0.03600861,19.425010585958173,0.024980562,5.428998736072216,0.046704598,116.24121,-35.930138940006216,0.041311067,-13.856362132076354,0.030591935,15.648661,17.17057,14.446317,2.7242537,1.5219097,1.202344,1089.6796,-35.01198,7.332188,1.0378909,0.0,0.0,205.78332528323713,31.48089531589362,1,0.9065071876337027,True
662801827020165504,129.04495417244073,0.17856276,19.69474956494085,0.121729285,5.300315462290114,0.21454996,24.704342,-35.095840508855694,0.22671951,-13.605374833142331,0.1535514,18.254877,19.976555,16.948788,3.0277672,1.7216778,1.3060894,551.61597,,,1.082752,0.5677589,2.137574,205.4813151952569,31.562532716646675,1,0.646212820627239,True
662841379375655936,128.82402548339843,0.014601705,19.63613426854644,0.010213133,5.299598324006768,0.019723017,268.7012,-33.92726132593827,0.019578567,-12.886920738227,0.012937246,11.629958,12.019234,11.076325,0.9429083,0.38927555,0.55363274,1960.6268,35.128082,0.57329696,0.8540996,0.0779863,7.6299105,205.46058476598688,31.347114998339684,1,0.5871602561840654,True
663070971148025728,128.24810275235106,0.12517405,20.120741250467564,0.08455858,5.47000854793944,0.13843475,39.51326,-34.81219916631981,0.14670178,-14.250240056654444,0.11152881,17.974049,19.825598,16.701988,3.1236095,1.8515491,1.2720604,865.25635,,,0.97529215,0.0,0.0,204.70929192213768,31.0079757595415,1,0.5570502433412918,True
663078530290541952,128.42785817697717,0.013813712,20.24441382502768,0.009080317,5.352101870056612,0.016095899,332.51337,-34.44337819730244,0.0163655,-14.236007002167025,0.012352092,13.397341,14.090327,12.594752,1.495575,0.6929865,0.80258846,4164.01,34.72255,1.1657512,1.0536261,0.0,0.0,204.64184927882297,31.209038796170333,1,0.5058749790014,True
664288748995228160,129.3260532189169,0.016115082,19.698939097995048,0.010574053,5.422772696951008,0.018879415,287.232,-36.13188175309816,0.018181838,-13.773602978233296,0.013165266,11.284405,11.64702,10.762269,0.8847513,0.3626156,0.52213573,1766.3871,34.72576,0.42372563,0.80994123,0.09742624,12.439498,205.58498935291357,31.812083222654355,1,0.7853912490578787,True
664302424170984576,129.2977010233827,0.016439626,19.803624949832543,0.010587053,5.408965858748147,0.019137932,282.6306,-35.880611189070194,0.018754773,-12.108974947947836,0.013349031,11.138668,11.48276,10.630629,0.85213184,0.34409237,0.5080395,2707.002,35.13129,0.36025414,0.7910592,0.09534821,11.1826515,205.45855381162264,31.82342705816444,1,0.8082564528983369,True
664316546023530368,129.73097798896453,0.097055756,19.842527459872063,0.06144979,5.0527963521738295,0.12745337,39.64427,-35.0629616136431,0.12257289,-13.160543300781054,0.09388614,17.470407,19.28389,16.207645,3.0762444,1.8134823,1.2627621,783.4379,,,1.0413474,0.20535997,0.7908172,205.58196747043945,32.21928650015077,1,0.32710850544494263,True
664352692468240896,128.95924741522467,0.11012721,19.84996010447996,0.06978961,5.255533372385412,0.120380245,43.657772,-34.211760429158645,0.15343966,-12.809005510900832,0.09275634,17.473036,19.155344,16.226164,2.9291801,1.6823082,1.246872,757.25934,,,0.967393,0.0,0.0,205.27763038917143,31.540910366630676,1,0.5566119463012053,True
664374613981190656,128.7295219016677,0.031133076,20.10542320515342,0.020232612,5.463655052949389,0.03898384,140.1518,-35.80041623007126,0.036126897,-13.302664204838182,0.025783807,15.170221,16.295616,14.112485,2.1831312,1.1253948,1.0577364,1979.1592,38.242504,4.82907,1.045395,0.0,0.0,204.90892933726877,31.42683612278069,1,0.9690936836777794,True
664420381152602496,129.3875949203687,0.098169416,20.66939494384672,0.071623825,5.27764031552281,0.13824983,38.17466,-34.286656423562775,0.13345169,-13.179470405406589,0.09127322,17.525097,19.233446,16.293308,2.9401379,1.7083492,1.2317886,825.3845,,,1.0776078,0.28784513,1.4886699,204.53341993246175,32.19932810697204,1,0.6969195207393812,True
664461578478588672,130.32270829294114,0.078133516,20.54244457620273,0.041986667,5.439434641475769,0.095939994,56.696213,-36.5302150751796,0.10226711,-13.09729232706886,0.06990412,17.062208,18.696148,15.818279,2.8778687,1.6339397,1.2439289,719.7161,,,1.0214332,0.1053047,0.35647458,205.026198712419,32.98026736819457,1,0.8169868621586837,True
664591595728990336,128.82387989107602,0.022955157,20.564533023161633,0.01631478,5.425570273316165,0.023382751,232.033,-35.23332450593864,0.024050966,-14.255544649301896,0.018503726,8.373195,8.494132,8.136961,0.35717106,0.12093735,0.23623371,3094.1975,32.75968,0.71876824,0.89719576,0.118016936,11.591479,204.43851974651767,31.66745987028973,1,0.5980202323931733,True
664608638159278080,129.29938195493256,0.043291334,20.67978305690156,0.02802847,5.524295911242327,0.057741858,95.672295,-35.28171439210104,0.052499454,-14.61748280501121,0.036606945,15.863035,17.159874,14.731606,2.4282684,1.2968388,1.1314297,1193.3035,,,1.0237229,0.0,0.0,204.4888785519075,32.12518161492714,1,0.40857969607205985,True
664687248944151168,128.50629992971884,0.12462128,21.010806998706883,0.08228638,5.051152528280477,0.1405857,35.929344,-34.30380532163498,0.14263867,-12.608541616503018,0.10937715,17.871275,19.73169,16.595005,3.1366844,1.8604145,1.2762699,998.0394,,,1.0752996,0.4484818,3.4747643,203.827370901161,31.539472807198923,1,0.34321172440460024,True
664727247975949312,129.11592104057814,0.015107316,21.121072556049615,0.010657331,5.391501987220749,0.020217644,266.6731,-36.18483476980071,0.018687863,-14.60310730869842,0.013848773,13.591039,14.342177,12.749967,1.5922108,0.7511387,0.8410721,3337.2578,34.89788,1.5937132,1.0215758,0.0,2.112569e-15,203.9301322249414,32.112323187134756,1,0.4823719728314168,True
664836133986768768,129.4051927266538,0.16827804,21.806803076466647,0.11862213,5.2558732645581365,0.19248219,27.305765,-33.48423964367419,0.19127752,-13.900727230027371,0.14589374,18.370848,20.331038,17.085035,3.2460022,1.9601898,1.2858124,640.3149,,,1.0796632,0.5754569,2.390271,203.26957846959428,32.59328373138259,1,0.3208237465741077,True
664993531651217152,131.66650768034256,0.21968046,21.574786234497537,0.114720054,5.771348142918076,0.24986695,23.097687,-38.1582440982953,0.26177418,-13.99152690994897,0.17692822,19.077389,20.706738,17.751123,2.955614,1.6293488,1.3262653,452.19162,,,0.9799632,0.0,1.9497131e-15,204.35254427992191,34.504916793609674,1,0.34429997923324956,True
665054283965182208,131.76753491883775,0.0203636,22.273711607646195,0.011315243,5.480263890997527,0.025808794,212.34096,-37.92081099753076,0.025837282,-14.262036527397152,0.021463215,14.312318,15.241778,13.359096,1.8826828,0.9294605,0.9532223,3145.216,34.867977,2.3102455,1.0421777,0.0,0.0,203.58367121669343,34.81688741190218,1,0.48869234835431197,True
689080468457854464,132.24469853942105,0.070092,22.491285196393665,0.037985925,5.706174153087864,0.08218558,69.43035,-39.526753865430365,0.084277414,-14.713978220602478,0.062556274,16.94515,18.720438,15.652969,3.0674686,1.7752876,1.292181,1365.7068,,,1.1180866,0.26989564,3.0879366,203.5002147145568,35.30406505462031,1,0.31638697149744976,True
658399588621005312,130.19185687876274,0.14115119,16.818701591519016,0.08187563,5.344025945183518,0.17759372,30.0913,-35.851463560766774,0.18078156,-10.435944947570434,0.12098829,18.230936,20.136955,16.918541,3.2184143,1.9060192,1.3123951,625.81146,,,1.0177017,0.40702388,1.462,209.09019038514515,31.540171998660668,1,0.31261186495445625,True
659665096441437184,129.38765307200663,0.014482429,18.65427983102634,0.010458839,5.541342618185383,0.01947381,284.5536,-36.68000544480934,0.018782536,-12.364763574795024,0.012899145,10.532542,10.828239,10.077238,0.75100136,0.2956972,0.45530415,2879.7358,34.35505,0.5923253,0.8089702,0.049748324,2.654116,206.7574729757902,31.49804643754319,1,0.6792453606741697,True
659750892708009088,129.3598020128537,0.019774541,19.132080169555913,0.012123472,5.458825031031756,0.021638207,252.27715,-35.94397504960792,0.023003602,-12.193076590350309,0.016838424,14.12258,15.015838,13.192012,1.8238258,0.8932581,0.93056774,2123.851,35.70683,2.6212118,1.0563865,0.0,0.0,206.2222840976923,31.64320766083892,1,0.8584800783213333,True
659753126090987776,129.55580340130007,0.09885139,19.141569582367236,0.066952266,5.413109807148226,0.14985144,36.123177,-35.827641867418365,0.13710064,-12.195588089448927,0.08194995,17.599659,19.378592,16.325083,3.0535088,1.7789326,1.2745762,900.56744,,,0.983591,0.0,0.0,206.28867729279455,31.81981247633262,1,0.8636553127867552,True
660297796663113344,131.77051784074928,0.09837438,18.928450409755104,0.051500678,5.428775947686966,0.11841647,45.84477,-37.42464251806642,0.12711444,-12.15746597918141,0.08588109,17.490103,19.258078,16.203062,3.0550156,1.7679749,1.2870407,1041.6288,,,1.0941876,0.30324897,2.0751913,207.40141932104837,33.7047960531534,1,0.5683850857440621,True
660725571110046080,132.55678924144,0.2398979,19.68997546953562,0.12293707,5.713309430612443,0.25377235,22.513523,-37.53569437682485,0.28493252,-13.175964021930852,0.19643939,19.014072,21.003498,17.681463,3.3220348,1.9894257,1.3326092,465.6069,,,1.0179018,0.5049635,0.8966121,206.8481408856915,34.66451863506972,1,0.3655301236282493,True
660928259206807808,130.633397377117,0.025329994,18.59106065533914,0.012327308,5.411437551520839,0.03045433,177.69025,-35.895765424685735,0.031063117,-11.856119067551564,0.023428014,15.10981,16.252836,14.047558,2.2052784,1.1430264,1.062252,2854.002,31.617664,3.1933029,1.0305505,0.0,0.0,207.3239876838645,32.578329235268875,1,0.8571758857024279,True
661004400386393984,130.3439043671192,0.015642166,18.933818886581772,0.007447787,5.396196452308119,0.01861086,289.94882,-36.58363859530676,0.0187477,-12.452091663796445,0.01491501,12.648937,13.186989,11.96533,1.2216587,0.5380516,0.6836071,2368.674,33.04468,1.148312,0.9939663,0.05949701,4.4331937,206.8286887507355,32.443559989287095,1,0.8199697402513805,True
661116241335005056,131.15147866586528,0.25095472,19.288220136420097,0.10790051,5.5937427911355675,0.30963144,18.065811,-37.53468987560004,0.3128491,-12.93887574523078,0.22137249,18.81157,20.5597,17.487478,3.0722218,1.7481308,1.324091,502.35583,,,0.9997801,0.5919735,5.5332103,206.7521212564216,33.28244594429994,1,0.4876160249186817,True
661142393392058752,131.13258161669444,0.072927125,19.55475631180187,0.03466035,5.37125257559608,0.094623685,56.76436,-37.58567200222524,0.092023134,-12.883726202890436,0.06855829,16.842224,18.437551,15.605957,2.8315945,1.5953274,1.2362671,1008.68713,,,1.1534022,0.28319556,4.0016675,206.44555244873936,33.358173876360105,1,0.46565017428277733,True
661185755383916160,130.11746573702337,0.02817296,18.93575590017441,0.018459985,5.406045793257529,0.037173964,145.42558,-35.988843096758046,0.034615904,-13.461205600733564,0.024935981,14.959295,16.048931,13.9208145,2.1281166,1.0896358,1.0384808,2361.589,44.33847,5.949457,1.0530388,0.06162461,0.8654984,206.73696120428187,32.24387627471345,1,0.9690936836777794,True
661186683096853248,130.0592753497239,0.015207941,18.958671739192617,0.009688254,5.42981914504594,0.017993497,301.76566,-36.06012902924939,0.017609723,-12.492260588297889,0.013175278,13.323774,14.017173,12.52172,1.4954529,0.6933985,0.8020544,2434.4197,36.752357,1.6519634,1.0217605,0.0,2.3767427e-15,206.68862462520403,32.200493094735734,1,0.9611436307699565,True
661190153430426880,130.02364747228592,0.013581578,19.025129213225387,0.008225426,5.362769906739687,0.016276294,329.4835,-34.946810725982154,0.016199281,-12.574537056923702,0.011022442,12.306109,12.8715,11.587568,1.2839317,0.5653906,0.71854115,647.86786,28.41557,11.860475,0.9605141,0.025843492,0.84130275,206.60109178943577,32.19244549225225,1,0.9887895551107911,True
661206577385260800,129.99177383151326,0.01633826,19.201574098100743,0.010294569,5.460793461118429,0.023796212,229.48163,-36.69668649304156,0.02165238,-12.751848257603909,0.014750674,9.382404,9.585729,9.030169,0.5555601,0.20332432,0.3522358,5442.825,35.26014,0.2562602,0.81462526,0.066234425,4.681208,206.39337365218637,32.226375251105615,1,0.7286642644745744,True
661207024061875456,129.80055219813713,0.017665334,19.11555833987565,0.010819028,5.418459313777593,0.019239066,281.63837,-35.449167830985026,0.021305062,-12.256943167002424,0.014694635,10.447671,10.73025,10.003979,0.7262716,0.28257942,0.4436922,1995.1741,35.597,0.48820248,0.9267409,0.07300388,5.9494576,206.4134047930511,32.02703045255566,1,0.8728054998344783,True
661211142934329088,130.08858143218018,0.034436833,19.181090923425373,0.022615153,5.441208748618393,0.04465968,121.83716,-37.3113411901498,0.046560902,-13.965581056483192,0.031837203,14.500714,15.4121275,13.476928,1.9351997,0.9114132,1.0237865,2458.973,31.029627,4.268373,1.0390515,0.18725999,10.885599,206.45403135360465,32.304783124376314,1,0.6260976713771442,True
661229701489213824,130.66415995431646,0.08576141,19.414357921568637,0.037495572,5.348897598460775,0.09447787,56.61535,-36.63938319836052,0.106750235,-13.132728598191356,0.06926106,17.377508,19.113295,16.142378,2.9709167,1.7357864,1.2351303,885.86395,,,0.9967198,0.0,0.0,206.4200031280053,32.895291047623715,1,0.7739867402658694,True
661243273585807872,130.09448268223468,0.016923435,19.46470877122674,0.012056877,5.411796924962363,0.021092271,256.57727,-35.37086215936917,0.01885949,-12.809025694678096,0.015022191,10.54489,10.834932,10.094837,0.74009514,0.29004192,0.45005322,3081.961,35.961964,0.34354,1.0117242,0.08709832,9.14073,206.1418069816717,32.4092275824473,1,0.934489742884313,True
661247671632285312,130.3622401459166,0.015826115,19.542407493260043,0.008155953,5.51211205574567,0.01772971,310.89688,-37.15162764842696,0.019241612,-12.837923676027454,0.014367417,9.722683,9.950512,9.340509,0.6100025,0.22782898,0.38217354,6274.9243,34.59475,0.21081781,1.0359987,0.10133149,14.620113,206.15953203503233,32.672887201261126,1,0.6262853422412047,True
661253027453650432,130.45839401003226,0.028301906,19.65955803580441,0.014747007,5.491447471147377,0.03376174,162.65298,-36.121924346656,0.032983728,-12.67972625668492,0.02324724,15.247327,16.42469,14.167236,2.257454,1.1773634,1.0800905,1600.9817,32.750187,4.160705,0.9907385,0.011953891,0.031621475,206.06620193148032,32.79844994675347,1,0.7765297429525392,True
661270898815358720,129.90186937136133,0.10394734,19.51207025051323,0.06385339,5.527403884167145,0.1359052,40.671024,-36.04957547641742,0.12917846,-12.983131823467437,0.08916198,17.652328,17.555208,17.873615,-0.31840706,-0.097120285,-0.22128677,854.75885,,,1.0174735,0.11815368,0.23560561,206.01438807974765,32.25553208569246,1,0.7267501530434182,True
661281206736808064,129.52800875749395,0.09747969,19.57157176220922,0.06420251,5.387011667639485,0.11592244,46.470825,-35.66873100383109,0.1114032,-12.65514503617109,0.07715859,17.318144,19.000298,16.08265,2.9176483,1.6821537,1.2354946,781.3674,,,1.0864767,0.24762522,1.286809,205.80359734718783,31.946034722969717,1,0.8388858040855915,True
661285707862587520,129.79209522665747,0.017338192,19.678369515924658,0.009831017,5.478409421280695,0.022199787,246.77756,-35.73857669375813,0.022373391,-13.22031660827777,0.014909736,9.326675,9.525564,8.978461,0.5471029,0.19888878,0.34821415,5865.67,,,0.9015118,0.07630335,6.2236395,205.7875389398313,32.216395896498526,1,0.8381023184641966,True
661297901272035456,130.11689239590095,0.09739042,19.7261869490101,0.06479958,5.278076571795517,0.11471286,46.011204,-34.70411489466421,0.120448254,-13.496378149561387,0.08071904,17.684801,17.623768,17.747265,-0.12349701,-0.06103325,-0.06246376,890.4676,,,0.9782971,0.0,0.0,205.85986146363905,32.5198066083692,1,0.5843377316760752,True
661320067600915328,130.12727053825785,0.040648587,19.932942613262497,0.026509324,5.384086415240093,0.04931192,109.18428,-35.57152997349438,0.04956939,-12.39725231762866,0.033604648,16.026352,17.42406,14.859593,2.5644674,1.3977089,1.1667585,1472.2511,,,0.9698848,0.0,0.0,205.6335925042961,32.6002711298421,1,1.0,True
661488052360088704,132.0980701027003,0.053233482,19.836551473972627,0.027661141,5.494214067377399,0.067527,81.36322,-38.05950073228297,0.06633579,-13.02393905024018,0.046183486,16.541534,18.0741,15.33682,2.7372808,1.5325661,1.2047148,1366.7119,,,0.9822629,0.0,0.0,206.50236635508156,34.30868140981948,1,0.48630899702134595,True
661775845232285312,131.50798261925465,0.20552467,20.53413709627313,0.0941873,5.338010911486763,0.2506752,21.29453,-36.90762829425039,0.30974892,-12.911408311175698,0.23233509,18.611591,20.199415,17.29611,2.903305,1.5878239,1.3154812,565.20294,,,1.0035001,0.0,0.0,205.48277785980648,34.02289718011759,1,0.6318996818155601,True
661779796602531712,131.37687426799198,0.020221272,20.590107136248857,0.009880148,5.440263475795606,0.0237709,228.86232,-37.029038492354374,0.02491085,-13.285401938219549,0.019354384,9.725906,9.949029,9.3495,0.59952927,0.2231226,0.37640667,5741.301,34.91552,0.4743073,1.0595291,0.10906414,15.744115,205.3696611749932,33.925933259031396,1,0.6991825900808568,True
661806086098496000,131.5542779598992,0.014661825,20.728623258855094,0.0075281747,5.539845427517337,0.018412128,300.88025,-36.922563778182194,0.018225316,-14.187695444530592,0.012879483,12.602436,13.142374,11.917197,1.2251768,0.539938,0.68523884,4139.7554,34.158707,0.86147326,1.0615741,0.060414143,4.5928526,205.2788697550559,34.12861381528377,1,0.45620521711137063,True
610194662397070080,131.8484521734532,0.13759427,16.413643996364808,0.07733041,5.606582958901873,0.15301767,36.640102,-38.80413504675249,0.17221814,-11.607025350811323,0.13670304,18.070705,19.959091,16.784319,3.1747723,1.8883858,1.2863865,774.43945,,,1.0647664,0.35259604,1.3882554,210.23655558746657,32.86042172510855,1,0.3424222907555466,True
662912813272290688,127.71242960638334,0.017920863,19.352407023656323,0.011377296,5.480396400994371,0.02042813,268.27695,-34.96467830990454,0.021091742,-13.65288306365686,0.015960133,14.115659,15.002796,13.188447,1.8143492,0.8871374,0.92721176,3470.5686,36.66305,2.2520268,1.0640413,0.0,0.0,205.34022268439276,30.26644550982671,1,0.7081620656386349,True
663044514149509888,128.00767959091814,0.06515141,19.97970886897247,0.04471532,5.4293248819872035,0.07544846,71.96071,-34.95137387999458,0.07353953,-13.72498599233524,0.056281082,17.075987,18.761768,15.834039,2.9277296,1.6857815,1.2419481,1306.0232,,,0.92476094,0.0,0.0,204.7719851465289,30.74720028452572,1,0.6993239938959901,True
664353757620108544,129.13893433366368,0.03595855,19.915044170012443,0.02130166,5.416654579960152,0.04176751,129.68584,-35.18651294077219,0.040918868,-14.198125937964358,0.028123708,15.428356,16.639854,14.331437,2.3084173,1.2114983,1.0969191,1643.6647,39.149853,7.4179106,1.0285953,0.0,0.0,205.274743786481,31.72197064975198,1,0.6103930518566086,True
664359942372888448,128.9975185330955,0.08496184,20.077866610789044,0.062129233,5.475568955549563,0.10121849,54.096527,-35.55066347517561,0.097527064,-13.324451083074278,0.07331883,16.969326,18.657642,15.697326,2.9603167,1.6883163,1.2720003,539.14667,,,1.211905,0.43364292,5.6619315,205.04121274338132,31.653541483367956,1,0.7533529236937504,True
664417494934591488,129.3023765404815,0.020959865,20.544777384083297,0.013411434,5.448084935414177,0.026374564,206.56587,-35.93087072764166,0.027103318,-14.649741012225956,0.017695801,14.131765,15.010277,13.204417,1.8058596,0.8785114,0.92734814,2391.9753,35.74181,3.1626394,0.9495878,0.0,0.0,204.63993163571956,32.08203272078568,1,0.4802309622776182,True
664499954009909760,129.69020166156548,0.09177946,20.662157384839652,0.065413475,5.418149123731666,0.10715144,50.56534,-35.75117984924117,0.11062229,-13.1361835416044,0.08257258,17.54083,19.266266,16.291267,2.9749985,1.7254353,1.2495632,779.06396,,,1.0163996,0.0,2.4927487e-15,204.65474673588832,32.46335138820394,1,0.9538183401174898,True
664605889380126336,129.0261174880033,0.030758556,20.683260961288884,0.019488037,5.438266853420024,0.03644889,149.20255,-38.50985911867883,0.036337662,-12.993543953448096,0.027820453,14.645986,15.694567,13.628495,2.0660715,1.0485811,1.0174904,2589.5503,31.12258,3.9380512,1.3684142,0.17043403,9.684597,204.38287244631735,31.885826796408143,1,0.33018648577543724,True
664658700297947008,128.1350042603307,0.05221072,20.844672897459915,0.03322468,5.351097726320424,0.06227888,85.92155,-33.91622919783107,0.0591638,-13.974195315429087,0.040469915,16.468655,17.99315,15.264369,2.7287817,1.5244961,1.2042856,1201.2523,,,1.0413767,0.037408616,0.09572319,203.87287535036305,31.15690032961707,1,0.4962706504433863,True
664705773139587968,129.4725093038755,0.10031599,20.872902876083852,0.077211656,5.188447996034918,0.11960361,43.380363,-36.05098868767851,0.11820206,-13.129903856455584,0.09156998,17.81868,19.700645,16.533354,3.1672916,1.8819656,1.285326,660.2469,,,0.9416589,0.0,0.0,204.3385045729993,32.34270773795199,1,0.41341106888426316,True
664775729566784512,129.10460803878925,0.029080173,21.14895637397424,0.019738104,5.45038743775819,0.040177263,135.65851,-35.96475495684717,0.036157522,-14.234291761963483,0.02635916,15.357933,16.55763,14.27351,2.2841206,1.1996975,1.0844231,2092.5938,32.9966,5.971264,1.0070548,0.032333307,0.19702928,203.89494106537964,32.11170808543923,1,0.6118333905775994,True
664989722016905728,131.45262770442102,0.048706047,21.532342903808537,0.024044072,5.6866426037580045,0.055402387,102.642555,-38.837654930418374,0.056683462,-14.14705962055648,0.039426137,16.387434,17.932722,15.172656,2.760066,1.5452881,1.214778,1532.9897,,,1.0561204,0.035069842,0.09943209,204.32316976688475,34.30296402362321,1,0.38408460612173023,True
665196876879610752,129.6992773738459,0.111693665,21.759183031868925,0.06682431,5.484146340626882,0.13201214,41.54274,-35.322304970197806,0.13189788,-13.852180291512587,0.09078703,17.812126,19.557938,16.408022,3.1499157,1.7458115,1.4041042,738.6742,,,0.98076445,0.0,0.0,203.42917741577563,32.835795227484795,1,0.6634012323352989,True
665450383029558016,128.31915484419184,0.04987118,21.33893609154269,0.032315187,5.356888205863736,0.05626876,95.20182,-34.25442468905493,0.054362226,-14.115153471483978,0.03913429,16.096382,17.688208,14.870096,2.8181114,1.5918255,1.2262859,878.30804,,,1.0290048,0.10274694,0.969556,203.3960729783508,31.485397125648433,1,0.5050697609183035,True
652996141805564288,126.79663305775048,0.017929817,16.55429539352057,0.011575423,5.277116570799407,0.021394644,246.65596,-32.81334238585847,0.023286132,-11.247291884575157,0.01729298,12.84421,13.414399,12.134816,1.279583,0.5701895,0.7093935,2698.171,37.750694,1.4148837,1.0995065,0.09330295,8.723861,207.95854819304344,28.427860640404617,1,0.3402107792341414,True
658463772612207616,129.38318350829206,0.0642574,16.959895783348195,0.047035217,5.452405946838118,0.07802997,69.87579,-35.82856123092426,0.07412965,-10.599040888520358,0.05403803,16.907873,18.497784,15.675916,2.821868,1.5899105,1.2319574,1011.55536,,,0.9500127,0.0,0.0,208.59936418145577,30.87499370424565,1,0.3443809299093945,True
658600459948416256,130.27385380233548,0.055167835,17.541038529232935,0.028657928,5.4086247730147266,0.06196273,87.28835,-37.05009019175862,0.06689706,-11.189587259000009,0.051638182,15.786638,17.15793,14.627648,2.530282,1.3712921,1.1589899,1041.6984,,,1.1742499,0.32796592,14.042036,208.3354259547561,31.880216623785056,1,0.4599020008942885,True
659309232631451392,128.82087675463086,0.087634675,17.6067003812579,0.06073383,5.373867973447703,0.10683003,50.30297,-33.12551715225662,0.10760245,-12.245046208271985,0.07398244,17.197693,18.978659,15.918767,3.0598917,1.7809658,1.2789259,951.8238,,,1.1034302,0.429374,4.625288,207.66885460156817,30.61599443740626,1,0.32744676389860505,True
659559783843349120,129.13112466185578,0.086342655,18.3152253834632,0.053276476,5.489136066830862,0.09996798,54.908943,-33.7809883259376,0.0931023,-12.769246954924451,0.06968002,17.045935,18.864075,15.76286,3.1012144,1.81814,1.2830744,981.0948,,,1.1017481,0.28214005,2.3626876,207.02551243512093,31.149159676731255,1,0.38357572246186344,True
659713303154300288,128.91713235687246,0.051255625,18.707824463487047,0.03540502,5.331839227684251,0.060606867,87.974174,-34.47324127823989,0.062013566,-11.508698553490492,0.042635035,16.188799,17.75765,14.963448,2.7942028,1.5688515,1.2253513,909.2055,,,1.0599043,0.13309215,1.1615528,206.51233045796005,31.10097147760105,1,0.589355393906771,True
659774291689774848,129.26100111201828,0.05382823,19.328413591933774,0.035916377,5.211118148782376,0.063454695,82.12345,-33.50292859387048,0.06583521,-11.508442709356355,0.044884555,15.773745,17.140385,14.620621,2.519764,1.3666401,1.1531239,1683.2385,,,1.3727201,0.3123224,10.411882,205.9678701286513,31.625073882755697,1,0.37862416813573596,True
660953998946909952,131.33800131941237,0.10344725,18.884227463336735,0.048265886,5.246310052869127,0.12642783,41.496483,-36.65495013108888,0.13270237,-11.876409090182593,0.089101285,17.491493,19.266273,16.242546,3.0237274,1.7747803,1.2489471,843.6855,,,1.0165061,0.18174146,0.7336166,207.2786854956172,33.306158069032804,1,0.48126232768008764,True
660983750184396672,130.5916222531019,0.13314241,18.76822127028446,0.060480945,5.5583524751064,0.16337687,34.02166,-37.06671079329111,0.17477311,-12.371795075566473,0.116686575,18.139982,20.069578,16.840914,3.2286644,1.929596,1.2990685,797.43024,,,0.97989935,0.0,0.0,207.11074275862717,32.60425438009816,1,0.5529326414315867,True
660986297100929792,130.70682728524227,0.03206619,18.859685204306995,0.014979603,5.442855930651925,0.036197044,150.36742,-37.41504456421724,0.03874647,-12.476954087147352,0.027046835,15.108388,16.279238,14.025258,2.2539797,1.1708498,1.0831299,1490.342,34.7386,5.754927,1.3329448,0.16654877,7.7155147,207.05494518271283,32.73860978925363,1,0.6795563255043494,True
661001243587055616,130.4024075462538,0.04915308,18.904237493712372,0.022428134,5.305627916735575,0.0633111,83.80249,-36.61298978817565,0.06375252,-11.924983382339342,0.044507198,16.165894,17.674152,14.962377,2.7117758,1.5082588,1.203517,1746.9691,,,1.0089806,0.0,0.0,206.88465953352875,32.48488507999431,1,0.5219471301408768,True
661031480156796544,130.58352129927917,0.013352725,19.151524879327823,0.006451885,5.357064697030476,0.014322645,374.02762,-36.06625496240821,0.01519566,-11.650957463567716,0.01185179,13.085061,13.723373,12.321145,1.4022284,0.63831234,0.763916,4866.5386,34.45568,0.8630717,1.0235926,0.0,0.0,206.68142203193503,32.73218370219922,1,0.8571758857024279,True
661117134688210560,131.27440647594935,0.10266793,19.29925993526335,0.04463946,5.265668358633074,0.1246775,42.23431,-37.08640377588869,0.12474285,-12.434374209245217,0.08232697,17.475943,19.168306,16.22934,2.9389668,1.6923637,1.246603,1083.8353,,,0.9712896,0.0,0.0,206.78806067843985,33.39505988268153,1,0.5054847145915248,True
661216743570426240,129.96789753364206,0.01593877,19.312577682374833,0.009993869,5.429122654022656,0.020537531,264.3513,-35.913927695916016,0.020614212,-13.597653614833543,0.013831602,10.114902,10.370845,9.700335,0.6705103,0.2559433,0.414567,3842.5342,34.387356,0.34645873,0.8932787,0.080271125,7.513469,206.2611326796424,32.24419817813692,1,0.9690936836777794,True
661216885306765824,129.92714337629764,0.06814448,19.307940773588097,0.038713627,5.112760458317328,0.08814571,58.003506,-34.68078517364411,0.08845386,-12.977145371815707,0.053653184,16.655863,18.348616,15.396097,2.9525185,1.6927528,1.2597656,1145.0842,,,0.9850176,0.0,0.0,206.2503414916397,32.206549224320995,1,0.38925009227384766,True
661243307945543936,130.10624743049257,0.016630953,19.47570653183826,0.012655304,5.425844798490785,0.020155614,269.1977,-35.73444989377458,0.019799858,-12.086059303782246,0.015776554,9.747096,9.977015,9.364058,0.612957,0.22991848,0.38303852,5056.2793,35.692497,0.4017834,1.0855105,0.09587904,10.196755,206.1341734485553,32.42345632579288,1,0.8112462351074137,True
661244647975316736,130.2969396844161,0.030418191,19.529583140362835,0.016827036,5.463028227339808,0.035036523,155.92381,-35.61408962029269,0.036046673,-12.680824290767102,0.024863483,15.463237,16.823227,14.310502,2.5127249,1.3599901,1.1527348,2525.2139,40.170013,6.8180594,1.0406466,0.036291774,0.22318634,206.14843141112536,32.61072280652182,1,0.8500595707559007,True
661253272269624576,130.41322793278553,0.039122023,19.67443812236976,0.020009063,5.535345340159194,0.044309594,124.92431,-36.90138774113468,0.04477277,-12.860103519845833,0.03209873,15.973061,17.403336,14.795727,2.6076088,1.430275,1.1773338,1554.3418,,,0.95179987,0.0,0.0,206.03210226578895,32.76368777942404,1,0.602523983609217,True
661268253115601792,129.9905402852347,0.031002637,19.541420575364736,0.021520622,5.403336785707,0.04485864,120.45254,-35.28531309245936,0.043198425,-13.047255661484844,0.029601699,7.5015326,7.605361,7.293408,0.31195307,0.10382843,0.20812464,4308.64,,,1.093879,0.18911041,22.85397,206.0162622728271,32.34409309897348,1,0.897185579429448,True
661305838371084288,130.29431942534174,0.01753317,19.82947986610345,0.009272821,5.396320308211809,0.019323384,279.26373,-36.33418332840965,0.021675136,-13.421808988370836,0.014102661,8.9524765,9.123121,8.648869,0.4742527,0.17064476,0.30360794,2033.7594,31.526815,0.9558018,0.98250335,0.11057098,15.100641,205.81318936082607,32.712160270997614,1,0.8554216003982344,True
661325908755275648,130.7946912759219,0.02156103,19.52623218061991,0.009693601,5.356002053390971,0.024421737,219.3129,-36.00716459893337,0.0259013,-12.438930256627284,0.01767479,11.595354,11.972906,11.050672,0.92223454,0.37755203,0.5446825,2550.7844,33.814907,0.28153706,1.2783488,0.15873861,46.716476,206.34586796919143,33.049541312278954,1,0.6923855679286771,True
661342710667273856,130.9657235104994,0.01614458,19.913546434961926,0.0071079456,5.344902066156989,0.021564035,247.86186,-35.99780871098942,0.021540925,-13.197836852786352,0.014479441,13.6968,14.472098,12.83746,1.6346388,0.7752981,0.85934067,4854.883,33.98699,1.4865137,1.0852654,0.0,0.0,205.97759220857913,33.33406536945708,1,0.7925110601685105,True
661348517463001216,130.56439410716382,0.04915654,19.815949110536263,0.02322439,5.47743981389377,0.058465514,93.686676,-36.76382869060441,0.055267513,-13.406632509595578,0.041502714,16.25184,17.691038,15.074979,2.6160593,1.4391975,1.1768618,1980.6836,,,0.9626805,0.0,0.0,205.93239950214323,32.94604334558926,1,0.8034765278637381,True
661353770206306560,130.75762306999312,0.14879747,19.901208447295797,0.06470969,5.55823303947578,0.19095327,29.107819,-35.76844804186711,0.19540498,-12.914484959363698,0.13707991,18.136576,20.026396,16.844963,3.1814327,1.8898201,1.2916126,856.65216,,,1.0471815,0.36450362,1.6259822,205.9113274185881,33.14600833444484,1,0.5605905480197372,True
661391982532062848,131.0965300035639,0.07784733,20.232075295987,0.03753735,5.45131920964884,0.09264475,58.841103,-37.821177155670554,0.10103565,-14.415954967336866,0.064601704,17.344418,19.071514,16.098791,2.972723,1.7270966,1.2456264,927.02844,,,1.0146037,0.12584682,0.490411,205.66878177153384,33.558030201681,1,0.47923172204034353,True
661424143247274624,130.40553505162856,0.07631829,20.210177213638097,0.040237166,5.184598035800587,0.08478225,61.151928,-34.59880415133028,0.08654415,-12.8175633701971,0.06777822,17.137625,18.798128,15.895472,2.9026566,1.6605034,1.2421532,804.9384,,,0.97776234,0.0,0.0,205.4301322610264,32.94071538307939,1,0.4916290471584687,True
661438913637806208,130.75210802817932,0.028188616,20.33774305212752,0.011310514,5.4373198732935375,0.03467682,156.79985,-37.21483983973308,0.03453606,-14.306663662051252,0.024373338,11.260078,11.617512,10.735025,0.88248634,0.35743332,0.525053,2872.1843,34.511696,0.31820035,1.1639187,0.17979829,52.574783,205.4186141163067,33.28981552019212,1,0.5404888201090668,True
661458365546507776,130.82415376641725,0.019995535,20.51034659539519,0.009312336,5.536739541858072,0.024676112,224.3765,-38.27686624340758,0.02438294,-11.28791290274124,0.017422184,11.608485,12.029002,11.014606,1.0143957,0.42051697,0.59387875,2420.6511,33.135056,0.3465975,1.2337991,0.14363779,38.52993,205.25137333274455,33.41161237414085,1,0.3834975200317338,True
661492274311844352,132.03088029336223,0.0897218,19.9163896123047,0.043651257,5.32659098312206,0.107362114,49.61332,-37.59214715769133,0.10000604,-13.08151333430813,0.07352994,17.348492,19.031921,16.099873,2.9320488,1.6834297,1.2486191,1054.0845,,,1.0036862,0.0,0.0,206.38546935383553,34.27643801521965,1,0.3973721516290209,True
661541374377652992,131.7475657907137,0.21107088,19.91646075708455,0.10551598,5.043250752944458,0.24441661,20.63383,-35.935421522692266,0.2624279,-12.427213067266807,0.23060381,18.763573,20.768164,17.433163,3.335001,2.004591,1.33041,534.3875,,,0.96536,0.0,2.115493e-15,206.275864648524,34.02598740334533,1,0.319892839176014,True
661598175321463936,132.2080948897286,0.030478308,20.443274363971295,0.014416642,5.346993708395603,0.034427226,155.31294,-37.340497284650155,0.036595833,-12.502018868988737,0.023357518,15.164766,16.315903,14.100478,2.2154245,1.1511364,1.0642881,1933.0905,31.886158,4.68292,1.0677642,0.04132077,0.4007184,205.85192267658823,34.61060893010522,1,0.5750880161939127,True
662284369360831232,127.46170065253806,0.25297862,18.399039691807538,0.16599038,5.383313711181834,0.29657146,18.151827,-34.825540490914605,0.29118368,-12.674636739108418,0.21103047,19.009142,20.95513,17.669313,3.2858162,1.9459877,1.3398285,474.32724,,,1.0987451,1.1862715,4.9371386,206.26916151101108,29.70269897444452,1,0.7493093870963327,True
662632540886348928,128.26189803766894,0.019040102,18.682581511646376,0.014212412,5.376664336773761,0.025605708,209.97914,-34.03264788379727,0.024639597,-12.695088393015505,0.016350763,12.97333,13.585369,12.231134,1.3542347,0.61203957,0.7421951,3639.463,37.632782,0.9464624,1.115157,0.11467796,11.347415,206.28056345742456,30.51255626942433,1,0.7090881291071675,True
662740739702048512,128.6456140887362,0.09996084,19.073012398182023,0.068127744,5.494288100469331,0.11393439,48.223263,-35.7928989905196,0.11054247,-12.90015149625945,0.084699444,17.347095,19.10309,16.075117,3.0279732,1.7559948,1.2719784,821.16833,,,1.0391692,0.19259347,0.71396923,206.0071893732098,30.991164877581983,1,0.848001415051897,True
662797806930496256,129.0585725703571,0.013849495,19.621439742824517,0.010200215,5.27239044686087,0.016473081,320.061,-34.34597165726581,0.016825551,-12.93755243347815,0.012957945,12.315075,12.795953,11.673087,1.1228657,0.48087788,0.6419878,3332.3818,33.412457,0.68216944,1.0442061,0.064639576,4.8859277,205.56719212670976,31.548978338865393,1,0.6643441087328491,True
662855810465648000,128.82046871577137,0.04312573,19.914760423893917,0.030335171,5.369189651705284,0.058903646,91.15208,-34.630787130674975,0.05622421,-13.697888629430008,0.036256876,15.816538,17.122917,14.659242,2.4636755,1.3063793,1.1572962,1361.5364,,,1.1350135,0.1668013,2.8206909,205.1532407874269,31.441009294341946,1,0.6321890562838072,True
663070352672827136,128.28092039857805,0.015611763,20.130009573609197,0.010371157,5.484076758838533,0.017235324,318.1882,-34.69613210592395,0.018862111,-13.487165903840664,0.01466766,13.556682,14.304692,12.7173605,1.5873318,0.74801064,0.83932114,4960.0596,37.164803,1.2470833,1.0234953,0.0,0.0,204.71159805567288,31.040092586062897,1,0.7081620656386349,True
663800698974475008,126.45804736655884,0.21458033,20.11728091453413,0.13978003,5.409326593582785,0.27921298,19.373478,-34.116523331030834,0.26671058,-14.626910851560815,0.16326927,18.958776,20.876299,17.63,3.2462997,1.9175224,1.3287773,488.3199,,,1.0040761,0.35741517,0.4668783,204.03488340360695,29.431397104504995,1,0.3669634985371536,True
664281911407300480,129.4190462123092,0.06101814,19.55081503992036,0.039519068,5.720217693259836,0.073734954,77.5781,-38.264825442701536,0.070019245,-13.832793588283009,0.047933795,16.551025,18.111725,15.342001,2.769724,1.5606995,1.2090244,1001.9525,,,1.053116,0.18586975,1.8701622,205.78432296929873,31.842570052656857,1,0.4163596607416003,True
664402170491377920,129.53025722474055,0.03625699,20.44874660071589,0.024614947,5.570036802826336,0.04349099,128.07335,-37.19733802347624,0.042145196,-14.810189146386492,0.030814696,15.513262,16.771978,14.38913,2.3828487,1.2587166,1.1241322,1375.9796,,,0.9838011,0.0,0.0,204.8323449265852,32.250124435025874,1,0.39871166510356554,True
664438248216250880,130.19893320431558,0.04856434,20.47990099281192,0.026753712,5.431092464621049,0.054139946,100.3158,-36.99021445681379,0.05523607,-14.06458420779753,0.03722979,15.96535,17.432035,14.78213,2.6499052,1.4666853,1.1832199,1321.6521,,,1.0957469,0.13572042,1.6922137,205.0496766570668,32.850026820983565,1,0.6574508524449395,True
664464808293984000,130.41654473657525,0.018450428,20.67213937580547,0.008177614,5.363669411862708,0.024175178,221.86679,-35.883830635880116,0.024862813,-13.556757602902358,0.018374333,9.528989,9.74141,9.167582,0.5738287,0.21242142,0.36140728,6440.65,35.205833,0.22206658,0.91275823,0.08443347,9.302762,204.91576890127456,33.106625238150436,1,0.8425731872708819,True
664506143059189888,129.8250493261495,0.032235116,20.739208522902636,0.021456556,5.432787747636768,0.036983263,146.89854,-35.76835039068925,0.03832091,-12.898644586759012,0.026648264,15.4313965,16.644695,14.340096,2.3045988,1.2132988,1.0913,1532.5802,43.817806,4.32582,1.030129,0.0,1.2560739e-15,204.61914491562203,32.608084890085685,1,0.9690936836777794,True
664524456799674624,129.5957158915055,0.23353508,20.92647781888233,0.18207793,5.1735053872960695,0.28014448,18.467276,-35.13829678200079,0.27602214,-13.135977859735974,0.23854521,19.046219,20.94925,17.749111,3.200138,1.9030304,1.2971077,394.16702,,,1.0372847,0.5667634,0.76564336,204.32450251378688,32.46911431044115,1,0.5381350920573973,True
664580909850406528,128.5129259932639,0.05216517,20.34177405231108,0.03634785,5.338342635208131,0.06952317,76.78509,-34.28010382873238,0.066137984,-14.079092192706195,0.05222414,16.7092,18.216648,15.507901,2.708747,1.5074482,1.2012987,1333.3472,,,0.9730647,0.0,0.0,204.567043723748,31.317465565913945,1,0.5221766904814499,True
664720238589375232,129.55779687599994,0.03976599,21.157242074240635,0.02592275,5.432246407654824,0.045914978,118.31099,-35.79554115012365,0.042188823,-14.51701564968237,0.031128587,15.774225,17.094097,14.639664,2.4544334,1.3198719,1.1345615,1587.9132,,,1.0057783,0.0,0.0,204.05262495218693,32.51288658820496,1,0.5077785321854604,True
664744427845176576,129.65434742176015,0.10276573,21.24683686915452,0.065660864,5.236699087949413,0.1203378,43.516663,-35.24775454599988,0.11765582,-13.526611421978636,0.07718755,17.466438,19.139067,16.223885,2.915182,1.6726284,1.2425537,806.6781,,,1.0565758,0.2991187,1.7064298,203.98788382209628,32.627574069231535,1,0.5307282423623229,True
664879667774808576,131.18410945376837,0.08519104,21.12032117694203,0.036789723,5.6342857879575465,0.099126,56.839634,-38.55150871393252,0.11061503,-14.46554447290073,0.07659387,17.118076,18.801025,15.871865,2.92916,1.6829491,1.246211,1009.682,,,1.017008,0.15294199,0.87040097,204.6948072803292,33.93193271561233,1,0.363963877218922,True
665139697978259200,130.13095012302665,0.12684457,21.67847367797707,0.08407872,5.309589279286176,0.15374151,34.53582,-35.661792685782714,0.1657507,-14.231874959069312,0.11042067,18.000967,17.963797,18.106606,-0.14280891,-0.03717041,-0.105638504,638.6836,,,1.0330994,0.21650732,0.4617179,203.67630880515125,33.18848857152879,1,0.533372885379369,True
665555175934680320,128.72876203882595,0.07615348,21.64843324498261,0.05076994,5.227559427252582,0.09938532,52.598907,-34.057043146899574,0.095235735,-13.567419590290491,0.07207627,17.253084,19.024328,16.003645,3.0206833,1.771244,1.2494392,747.3849,,,1.10304,0.27444148,2.5461564,203.20204378813483,31.94778226656335,1,0.43986285966674993,True
658893995192969728,128.27995659923266,0.22079587,17.10437624585995,0.138485,5.18913874399808,0.267612,19.39053,-33.379832051980756,0.26000237,-10.863744693499642,0.1622781,18.590147,20.665298,17.315176,3.3501225,2.0751514,1.274971,474.03534,,,0.9928254,0.7300268,2.333534,207.98747314555789,29.950273068340756,1,0.31155715865043887,True
659151177834641152,127.66087533269504,0.028545095,17.472018399102634,0.019509898,5.529671820750441,0.034322936,161.1072,-35.39868546971919,0.033507306,-12.051948890882528,0.02544419,15.140816,16.313362,14.068756,2.244606,1.1725464,1.0720596,2080.8054,40.658363,5.076308,1.0320835,0.047176745,0.42658883,207.34107236828916,29.538459323412617,1,0.5917365467672361,True
659230166577197056,129.5294507137609,0.026781816,17.31052913148178,0.01860934,5.52363881819405,0.02976257,185.59012,-36.952788757688374,0.03117328,-11.59106460353101,0.024517471,15.086274,16.221085,14.025758,2.1953268,1.1348104,1.0605164,2164.921,36.81102,4.704147,1.0086763,0.0,0.0,208.28011161395676,31.134999310287835,1,0.49322705698152963,True
659343111333443968,129.04997309268686,0.095456876,17.87960051925507,0.06539853,5.275589913389326,0.11480975,45.950714,-34.49085594475791,0.11150888,-11.46924885456431,0.07470082,17.579077,19.402641,16.306097,3.0965443,1.8235645,1.2729797,624.2896,,,1.0327002,0.16396591,0.45263857,207.46648923941183,30.91906226156216,1,0.5452000535151457,True
659370461684793216,130.15089890225562,0.050543886,17.95007670097989,0.030281447,5.271398898724055,0.058429286,90.21844,-35.91912791135785,0.06418896,-11.460532859720844,0.042481832,16.381422,17.933561,15.163096,2.770465,1.5521393,1.2183256,1125.3303,,,1.0233169,0.046747066,0.14007182,207.8365003993692,31.92037220602992,1,0.5160704374232796,True
659436153207801344,129.906145677812,0.0120272515,18.17034565953413,0.008575801,5.352637917039327,0.014111234,379.3175,-35.29072549662506,0.013716531,-11.110285950173466,0.01029015,12.043598,12.489428,11.437575,1.0518522,0.4458294,0.60602283,2418.2815,36.69791,0.59609276,0.89339125,0.040565256,2.1046636,207.495591686423,31.783213477197673,1,0.44209406846246696,True
659466222274840192,129.9539092230772,0.36691144,18.34787570013801,0.2633302,5.237942110822671,0.4411875,11.872372,-35.21667085370676,0.422667,-10.935988513663604,0.3407351,19.173939,19.828646,17.610004,2.2186413,0.65470695,1.5639343,205.54381,,,1.1462606,1.519922,4.811879,207.3199004111108,31.889495183008993,1,0.3718261400008914,True
659472235229782912,130.38123718011528,0.018327314,18.500561032271165,0.008736361,5.4937110173796935,0.021821102,251.76138,-36.289945645016665,0.022382112,-13.054612605247735,0.016846996,10.262821,10.532958,9.832489,0.700469,0.27013683,0.43033218,3107.844,34.79982,0.278125,0.99493265,0.09524896,12.632958,207.3231458725598,32.32270855583569,1,0.7279595930428014,True
659248862571213184,129.30828250395194,0.025466487,17.51356336858677,0.015749972,5.298589935418748,0.029269762,181.02606,-34.47762055149108,0.030530805,-11.439509191785458,0.020095976,14.335271,15.20933,13.355825,1.8535042,0.8740587,0.97944546,2146.5205,37.166035,3.9247499,1.3019704,0.13480303,6.960524,207.9688767229506,31.0137660139735,1,0.5047283062512944,True
659254394489166848,129.63679098931613,0.11624639,17.393873051608765,0.08152788,5.559424557043873,0.13473164,41.262947,-36.24151086992248,0.13243084,-11.143651503817908,0.10139548,17.912004,19.702938,16.640327,3.0626106,1.7909336,1.271677,765.543,,,1.045039,0.15634353,0.27146274,208.233793803311,31.260989659491084,1,0.3664416865614975,True
659284390540626816,129.75752007586482,0.03001221,17.85573002592388,0.019288484,5.6076872213280895,0.038719244,144.82947,-36.91815116446497,0.03847425,-11.97916806900567,0.026796428,15.059099,16.213165,13.9930525,2.2201128,1.1540661,1.0660467,1703.4681,22.897688,7.5416183,1.1338569,0.1031506,2.2797034,207.77978929308287,31.537360151425883,1,0.47672994524360657,True
658530400441951744,130.61678521805612,0.07548553,17.24674971619968,0.034309857,5.383604397436836,0.0876679,61.409073,-36.58722146767827,0.09067528,-11.200272170169647,0.062728785,16.827639,18.377802,15.622185,2.7556171,1.5501633,1.2054539,1349.478,,,1.0445131,0.3472025,6.4929185,208.79992436131272,32.07631482058435,1,0.5906219810854401,True
659321499058103424,129.34496339085712,0.07455602,17.687519494084764,0.04441283,5.26912410425258,0.089520834,58.859196,-35.034998168369526,0.090641335,-11.526955800537047,0.057799246,16.976349,18.682856,15.729656,2.9531994,1.7065067,1.2466927,994.9157,,,0.9516829,0.0,0.0,207.7949970834438,31.110192207087454,1,0.5546481211233137,True
659691656519169920,129.6345159427063,0.04492257,18.781294508868015,0.028762082,5.364887786840293,0.052353773,102.473755,-35.06088632760719,0.051647663,-12.21869997675228,0.035740826,16.103468,17.486736,14.94798,2.5387564,1.3832684,1.155488,1800.3463,,,0.9971867,0.0,0.0,206.71607657825209,31.761780773642787,1,0.7920662751358682,True
659612285523485056,128.84021978122698,0.04452609,18.49277741015698,0.029450947,5.223035252394066,0.05050561,103.414955,-34.12684635693897,0.05253717,-11.956963521699372,0.03528543,15.842389,17.185036,14.70035,2.484686,1.3426466,1.1420393,754.1686,,,1.0375289,0.07002703,0.48035508,206.71601653435044,30.955732443786054,1,0.44197340811001157,True
659651004652040064,129.42294940819502,0.1901265,18.513247123791967,0.14513868,5.234646724390368,0.2755017,19.000416,-35.587040039835756,0.2454749,-12.282548988929854,0.1737953,18.847029,20.798084,17.52941,3.2686749,1.9510555,1.3176193,454.40656,,,0.99632424,0.0,1.2345602e-15,206.92593873967385,31.478765158924375,1,0.5861700316843329,True
659660316141171968,129.09680151871962,0.3132418,18.545039602853976,0.20070292,5.5283398138640525,0.3527654,15.671434,-34.977413258549106,0.38734257,-12.676647816965817,0.286054,19.252697,21.075052,17.922047,3.1530056,1.8223553,1.3306503,327.83267,,,0.93567985,0.0,0.0,206.76122545853516,31.20154719242301,1,0.5051686841234874,True
659744295638254336,129.36256645258868,0.048460882,18.97661800332726,0.033122063,5.552022901537111,0.0629614,88.18137,-35.776313836446924,0.063797474,-12.274444023489917,0.043320637,16.060843,17.454418,14.900679,2.5537395,1.3935757,1.1601639,1322.9022,,,0.98767865,0.0,0.0,206.3941161148759,31.590637472177026,1,0.6394594772308175,True
659772195745778688,129.39030949869937,0.042169034,19.310936814365395,0.02453722,5.510939251299252,0.049415246,111.523056,-36.24200217081918,0.049181256,-11.980284027129043,0.03281083,15.624946,16.976599,14.4778385,2.4987602,1.3516531,1.1471071,1256.344,,,0.9038134,0.0,0.0,206.037491344866,31.733174059470613,1,0.7212664452254759,True
660134446170679040,131.08447772910677,0.013994813,18.049810116607883,0.0065682535,5.338256946261414,0.016129568,330.96094,-36.06786214734332,0.017764665,-10.941591572982157,0.012037502,12.626378,13.166862,11.941752,1.2251091,0.5404835,0.6846256,4742.124,34.781013,0.4305133,0.99473065,0.06426088,5.7049947,208.10662750920991,32.78421011422148,1,0.47683035531750173,True
660161349846373760,130.98624139254585,0.16677947,18.35593634913647,0.081764236,5.502346810033918,0.19118664,28.779976,-36.36133779292082,0.20771402,-11.759641709124583,0.14710301,18.553524,20.517551,17.230576,3.2869759,1.9640274,1.3229485,655.6308,,,0.97376,0.58684075,2.783526,207.7268810016984,32.80705628928164,1,0.6110341386151378,True
660194820527281792,131.5759248760354,0.0738786,18.71913875138413,0.03978801,5.318869483265822,0.087767296,60.60195,-37.523895593707906,0.09157272,-12.221942275617028,0.06308299,17.125807,18.8287,15.878773,2.9499264,1.7028923,1.2470341,1043.1935,,,1.0468502,0.13460837,0.5962454,207.5587851106149,33.45873081582912,1,0.5263911567092978,True
659415129344636544,130.2936592985013,0.035229977,18.268587283148975,0.018249413,5.594857504788239,0.041381914,135.20056,-36.90225913551589,0.041299418,-12.546276243288943,0.028477717,15.520315,16.822386,14.389117,2.4332685,1.3020706,1.1311979,1493.3899,16.232792,4.8786454,1.0258322,0.0,0.0,207.5439610902113,32.16196801809482,1,0.5940813083557851,True
659488349947010176,130.07094601235195,0.1012146,18.60822834921865,0.061219368,5.55321627784875,0.13200141,42.069366,-36.71131085322207,0.12041576,-11.972982453790516,0.07947194,17.26622,18.938065,16.015116,2.9229488,1.6718445,1.2511044,877.3618,,,1.0451701,0.16752337,0.6181201,207.0801669476356,32.08637390843031,1,0.5666320303269913,True
659558993569374848,128.99646055896773,0.03921024,18.30818063052667,0.029083937,5.2791331950002975,0.046413917,113.74031,-34.689723531443875,0.04405893,-11.688364861050411,0.032175463,15.739374,17.026388,14.615846,2.4105425,1.287014,1.1235285,1349.4979,,,1.0893537,0.14447843,2.3086176,206.9792436104545,31.02740609511717,1,0.6355765141899878,True
659713818550364160,129.05011423601533,0.083910555,18.735455827601175,0.054729715,5.524962825748739,0.09559628,57.794746,-35.61480825954466,0.10161965,-13.055411871350442,0.07391768,16.909399,18.674637,15.639655,3.0349817,1.7652378,1.2697439,923.7418,,,1.1262449,0.26588327,2.1572883,206.5348239670255,31.2284679453373,1,0.6984134101143301,True
659760650873719040,129.2149793271075,0.015056964,19.076343163641273,0.010120028,5.399575410374221,0.018815974,286.96765,-34.32226429595258,0.018840097,-13.131467072131478,0.0128007345,13.329974,14.004798,12.540646,1.4641523,0.67482376,0.7893286,2644.5498,37.052345,1.9055296,1.0885127,0.0048726797,0.017747486,206.2266911356976,31.4954934373922,1,0.6788408347446644,True
659763880689114240,129.2642330149485,0.016148742,19.178045390888197,0.01141583,5.7504541395733435,0.018727655,307.05682,-38.129184818416235,0.01925685,-13.337883104964297,0.014555535,13.150255,13.7924385,12.3845215,1.407917,0.6421833,0.7657337,4321.6724,25.51246,1.7893789,0.9632052,0.0,0.0,206.13436465127785,31.574969496234555,1,0.38899526873756146,True
660225916090501376,132.00706589031125,0.016163796,18.677070225646357,0.008220099,5.476848052881587,0.018239684,300.271,-38.07295863083377,0.019496396,-11.919998643707151,0.014612574,10.250106,10.589467,9.740855,0.84861183,0.3393612,0.50925064,2428.383,,,0.9372765,0.090227015,11.543379,207.77923607564608,33.825972343783654,1,0.420798798351494,True
659086512807199232,128.24594882414848,0.041514743,17.30645659753363,0.03042601,5.437505240107255,0.04864556,111.77804,-35.128083694824795,0.047815215,-12.486921628644511,0.03483829,15.881801,17.390675,14.6851225,2.705552,1.5088739,1.1966782,1395.5841,,,1.04153,0.079989724,0.6063577,207.75701146313423,29.995390427523247,1,0.7059004075808464,True
659685540485811072,129.85876060359757,0.15494637,18.80467496529878,0.102537796,5.035801943838902,0.18584062,27.097424,-36.765823245281155,0.18186696,-12.030842320195552,0.12985429,18.167545,20.036434,16.853788,3.1826458,1.8688889,1.313757,558.0089,,,0.98681426,0.47572666,1.9220924,206.779234568272,31.968508691107157,1,0.33402888254196755,True
659696982278606080,129.60557549876174,0.033068165,18.941632558232772,0.02115943,5.658435524646361,0.03899199,145.11789,-36.95923236038692,0.04056289,-13.967067638768524,0.026333978,15.416605,16.843113,14.236724,2.606389,1.426508,1.1798811,1579.9883,19.40223,5.5288763,1.0465547,0.0,0.0,206.5283218103183,31.793131351713654,1,0.4356680547762564,True
659765598675979904,129.03713439287458,0.04923743,19.158526742977426,0.034418482,5.473467261586581,0.061189685,89.45081,-35.92698309122251,0.06340229,-13.160160298933,0.042726334,16.089172,17.547924,14.907248,2.6406765,1.4587517,1.1819248,1281.8347,,,1.1560932,0.1922094,2.878,206.06693660832337,31.367394792456093,1,0.8256662037282629,True
659462855021155840,130.07939332771576,0.04823907,18.361897444516455,0.031548604,5.297786385367453,0.058386758,90.73609,-35.27464620357421,0.058355197,-11.9434365454963,0.038488276,16.063524,17.4255,14.917885,2.507616,1.3619766,1.1456394,1283.2303,,,1.0734463,0.14670752,1.6903466,207.3549084973155,32.00568039869112,1,0.6356204129714492,True
659485807326329600,129.91897571515736,0.090910636,18.616255616818343,0.059021376,5.164170932604877,0.111676574,46.242203,-35.299386735034254,0.10055364,-11.49286027451372,0.07268152,17.050997,18.850739,15.774384,3.076355,1.7997417,1.2766132,889.9474,,,1.1849911,0.38159227,4.197395,207.01070122454055,31.954700096462147,1,0.37971589957414087,True
659524805629742592,128.7242374966254,0.109463714,18.018117610754032,0.07741043,5.505140587991296,0.13836469,39.787178,-34.963957202758664,0.13868192,-12.551137415472116,0.09672025,17.821222,19.695194,16.549625,3.1455688,1.8739719,1.2715969,838.8701,,,1.0790497,0.37820816,1.8068612,207.1847001069852,30.681094992092955,1,0.5761350957815679,True
659608295497452160,128.65175864982388,0.020916441,18.39800759592264,0.0135901645,5.238035232722707,0.025061952,209.00348,-33.339723236494066,0.025606072,-11.150019836013888,0.017810723,14.458054,15.416958,13.487009,1.9299488,0.95890427,0.97104454,2825.4268,34.09454,4.141566,1.0199146,0.0,0.0,206.74387142503105,30.754805956658597,1,0.3728649201799807,True
658615440793299712,130.35880262471608,0.051410165,17.80347303280656,0.027289959,5.505120404261859,0.05928028,92.86597,-37.15010773245844,0.059347853,-11.782045666413527,0.045322694,16.536423,18.111086,15.31994,2.7911463,1.5746632,1.2164831,1191.1125,,,0.9875418,0.0,0.0,208.08231074926647,32.05142586427359,1,0.47469146346354957,True
659432034335876352,129.62784639200282,0.12679042,18.121216671137507,0.07219003,5.451651995582535,0.16524614,32.9911,-36.95722535180389,0.15067808,-12.107167991142065,0.10113306,17.400675,,,,,,344.66547,,,0.9550554,0.5058182,5.167421,207.43704073132744,31.518888281018732,1,0.6078643262967108,True
659466222275521792,129.95647966167485,0.021058304,18.347377160358484,0.013646699,5.334380785202341,0.024645975,216.44025,-35.08494714730737,0.024039177,-11.700487967746062,0.016218754,9.0355015,9.202791,8.733015,0.46977615,0.16728973,0.30248642,4914.898,38.81819,0.75922406,0.9885714,0.12194733,15.659783,207.32148123255132,31.89159267712508,1,0.6518624915376259,True
659488826687020672,130.0798702239525,0.19482669,18.63399321397095,0.12927201,5.25598053863782,0.23139341,22.714478,-36.828568723720814,0.22317818,-12.35535315315676,0.15075406,18.590382,20.512592,17.23192,3.280672,1.9222107,1.3584614,482.3082,,,0.9760249,0.0,0.0,207.0553144393688,32.10346388226663,1,0.5048623776817512,True
659559027929113728,128.97024014550013,0.040266342,18.31408362434261,0.028214622,5.472257017144919,0.04749456,115.218605,-36.48728505385699,0.04453227,-12.178610411678756,0.03198735,15.808823,17.15987,14.6592865,2.5005836,1.3510475,1.1495361,1273.925,,,1.0162549,0.04231229,0.18605657,206.96232255166305,31.006330124841185,1,0.731273684087851,True
659668841652926592,129.21037184005868,0.09104399,18.68163846974596,0.05712424,5.315473658065118,0.11645784,45.642902,-33.76182413520744,0.11476222,-11.871092145780068,0.074580394,17.251637,18.941687,16.00259,2.9390965,1.6900501,1.2490463,806.5768,,,0.97076905,0.0,0.0,206.6571469469385,31.3509820709678,1,0.4142043779363026,True
660178942032517760,131.50775076997712,0.13152267,18.513431295168058,0.070784934,5.626586308722735,0.16710927,33.6701,-38.56850496661507,0.16902384,-12.07794422207183,0.13289444,18.228079,18.207981,18.363016,-0.15503502,-0.020097733,-0.13493729,742.1171,,,1.0196666,0.0,1.9406022e-15,207.7617755754392,33.32544294304396,1,0.31318712633109896,True
660197019550544256,131.40347860970985,0.10481029,18.723574936683505,0.052155904,5.422983366384862,0.13153403,41.22875,-37.22381744508044,0.14269128,-11.69921578817069,0.09935274,17.648489,19.400913,16.369768,3.031145,1.7524242,1.2787209,1072.8502,,,0.9743912,0.0,0.0,207.48471754734177,33.30750657403667,1,0.49560353936563567,True
660933073866203264,130.84949378525084,0.030406171,18.679127475684997,0.013808105,5.401920382049592,0.034919098,154.69817,-35.81925016866536,0.03687709,-11.734632375874543,0.026309235,15.577761,16.838156,14.467723,2.3704329,1.260395,1.1100378,2559.1167,32.398895,4.083532,1.0175705,0.0,0.0,207.312640473725,32.801026587536356,1,0.8571758857024279,True
660947122703009536,131.14522509357576,0.389138,18.812150047263955,0.1814093,5.061695380947322,0.44070518,11.485446,-36.39341954317018,0.45694456,-12.24327037166208,0.30257577,19.562172,21.124714,18.146029,2.9786854,1.562542,1.4161434,365.94046,,,1.1055492,1.3655764,3.763764,207.2824614721031,33.11002237796669,1,0.3344022997495997,True
660983891919259776,130.54269347379918,0.10515606,18.766696762393273,0.048671894,5.747225477059867,0.12630488,45.5028,-36.61399996800261,0.1325575,-12.459194230473432,0.09013129,17.764292,19.573622,16.497028,3.0765934,1.80933,1.2672634,933.7356,,,1.0181469,0.0,0.0,207.09295078296432,32.56039333712496,1,0.31953809837417674,True
661028284701128576,130.62791373218562,0.09436043,19.115980432431172,0.046683945,5.223950080910504,0.10336219,50.54024,-35.98150846679506,0.105207145,-11.41067701639112,0.07712576,17.651209,19.506748,16.38788,3.1188679,1.8555393,1.2633286,822.1429,,,0.9415432,0.0,0.0,206.7384865573657,32.75899357628523,1,0.42941774868929355,True
661036840275967872,130.780740267097,0.038115453,19.237476505539483,0.015962007,5.607056117314556,0.041518938,135.04816,-38.42980090406665,0.040701218,-13.693723286192572,0.030776037,15.714093,17.033468,14.576521,2.4569473,1.319375,1.1375723,2411.617,,,1.0689694,0.065839164,0.7156365,206.6631759302055,32.936740810484494,1,0.39751065156409754,True
661117272127169280,131.30131878417404,0.15547149,19.306815437916818,0.0637927,5.542199239487645,0.19633351,28.228493,-36.4621057221149,0.18308978,-13.97016291150016,0.117125005,18.002937,19.860733,16.691683,3.1690502,1.8577957,1.3112545,813.01624,,,1.0166823,0.21338904,0.61910206,206.7901556339327,33.421501447408104,1,0.5786070502109174,True
661189706753828608,130.04504072133406,0.052346546,18.982438531046448,0.032299474,5.456546426996842,0.061329745,88.970634,-35.80835709998338,0.060869776,-10.825853542837365,0.044075053,15.777843,17.313707,14.569965,2.743742,1.5358639,1.2078781,1044.5311,,,1.2774693,0.24815805,6.7236476,206.65672914185384,32.19629783227476,1,0.3994801647600696,True
661221828810801408,130.41243794226648,0.015038938,19.265724275605,0.0074587604,5.48958019791779,0.017024418,322.45334,-37.92542230458159,0.018674772,-11.770760166151558,0.0128296185,12.757768,13.316425,12.049022,1.2674036,0.55865765,0.70874596,4208.8906,34.349125,0.79719734,1.0446137,0.06421154,5.165024,206.4871272632899,32.62084633915771,1,0.41655650323065435,True
660913179577777152,130.91370577966262,0.04496143,18.42551957984393,0.020624114,5.36543024268731,0.051234476,104.72304,-36.97693480866123,0.057386898,-11.253866197111693,0.039993867,16.25924,17.718004,15.076295,2.6417093,1.458765,1.1829443,1692.9528,,,0.9963088,0.0,5.344752e-15,207.6203149248324,32.767642945134334,1,0.44774891560395996,True
660992344414836992,130.22174651345256,0.118357785,18.74825498119677,0.068531245,5.413138458401071,0.15193546,35.62788,-36.37720845097207,0.14820121,-12.769927950043265,0.10045607,17.742325,19.585491,16.455784,3.1297073,1.8431664,1.286541,617.0784,,,1.0314128,0.046033222,0.02995102,206.98564933459673,32.26972054693017,1,0.980175059537289,True
661150124333238656,131.5419037991382,0.022207102,19.52879223367401,0.010157317,5.353173095559766,0.024985291,214.25298,-37.13246975685594,0.025097203,-12.291166757818903,0.017360246,14.405945,15.354319,13.442624,1.9116945,0.9483738,0.96332073,2531.646,33.128094,2.61738,1.0842106,0.0,0.0,206.6345523175247,33.71123726257899,1,0.6795563255043494,True
661154522379748480,131.44967277196608,0.06972749,19.60516051740704,0.0346728,5.3160390408261655,0.07872785,67.52425,-37.17823336908096,0.08245783,-11.797704781880832,0.05763807,17.047306,18.858181,15.759525,3.0986557,1.8108749,1.2877808,1190.7917,,,1.0251197,0.0,0.0,206.51240277608255,33.65597955750243,1,0.4904509848849584,True
661173317156579328,131.23834555272802,0.067733906,19.815436032414222,0.031092916,5.416545714971789,0.077870466,69.55841,-36.163149586596965,0.09010768,-13.035528108961133,0.058174092,16.879345,18.523592,15.641089,2.8825026,1.644247,1.2382555,1352.7537,,,1.0309975,0.12511979,0.75943106,206.19326692560423,33.541369937197665,1,0.8731607526383259,True
661210734913600000,129.93593344469824,0.029313138,19.275160498457495,0.018211948,5.5286245027688325,0.041843105,132.1275,-35.88042065838316,0.040647194,-12.140085754075145,0.027982626,7.6315365,7.716714,7.450721,0.26599312,0.08517742,0.1808157,2313.5723,31.744678,0.5130117,0.9187581,0.16165073,15.53844,206.2900611399862,32.20283042014985,1,0.6726959042832577,True
660158674082552320,131.23499072628704,0.02350334,18.3713237074056,0.01334148,5.562343077012768,0.026941285,206.4617,-37.58241058418547,0.028494464,-12.18626985827953,0.023563227,14.973653,16.132427,13.902158,2.2302694,1.1587744,1.071495,1215.9076,46.05243,5.5254803,1.1229802,0.047362834,0.65571797,207.81028804061927,33.03304193156924,1,0.5664772552734277,True
660327960217390848,131.96035059010592,0.083226554,19.15302138868676,0.044267368,5.360861736264336,0.093143776,57.5547,-37.6322306487521,0.10274504,-11.517658360829536,0.072190404,17.375795,19.119411,16.122276,2.9971352,1.7436161,1.253519,1031.6902,,,0.9634178,0.0,0.0,207.22359447940116,33.95139617988003,1,0.36646531511645936,True
661010069743524480,130.77305101153925,0.17374825,18.918269161010905,0.0748455,5.21619203029026,0.19596373,26.61815,-34.58391684513025,0.202824,-11.403460039705262,0.14100493,18.483648,20.192375,17.174025,3.0183506,1.7087269,1.3096237,729.05334,,,1.0164757,0.52494943,2.5572689,207.01604719960923,32.81790959277215,1,0.412528566495272,True
661068932271565696,131.36082045610468,0.07592697,19.236815201813407,0.03791672,5.372051216299309,0.09114269,58.94111,-36.50667005459381,0.09710012,-12.5925155003339,0.067921445,17.085348,18.91819,15.790499,3.1276913,1.8328419,1.2948494,1148.0261,,,1.0115973,0.05902962,0.13153219,206.8922170570962,33.4497989298296,1,0.8199106076388678,True
659674614089017984,129.84765366282434,0.029274963,18.666423608473163,0.01929717,5.276202065595552,0.03465661,152.24231,-35.45926205921435,0.032714337,-11.60735592162151,0.02403708,15.222378,16.380314,14.153616,2.226698,1.1579361,1.0687618,2532.6533,60.883423,5.0846314,1.0066433,0.0295156,0.16422458,206.92706671536877,31.90946764291699,1,0.6494458155823121,True
660225160177145600,131.9534298658703,0.07168312,18.605373294208313,0.042233147,5.399260001712068,0.088104516,61.282444,-37.749812472287395,0.087437525,-12.410794302034596,0.067646794,16.701475,18.428112,15.439723,2.988389,1.7266369,1.2617521,1303.6489,,,1.0708095,0.3896405,7.906303,207.83833692336,33.75309724532852,1,0.5671758779147799,True
660302744465435904,131.7235948147695,0.09518252,19.04907052969977,0.048347924,5.51456615026971,0.10767044,51.217087,-37.811713838716805,0.12250461,-11.897630277020363,0.08100288,17.645044,19.491272,16.372795,3.1184769,1.8462276,1.2722492,915.67114,,,0.97919244,0.0,0.0,207.24693025844695,33.7054674912209,1,0.4430135597998946,True
659684264879024128,129.91680627942637,0.15715297,18.84696217212534,0.095559664,5.323233361633954,0.16742365,31.79499,-34.42171214114235,0.18365994,-11.59203060358798,0.12875171,18.15642,20.022886,16.865602,3.1572838,1.8664665,1.2908173,448.79987,,,0.9791417,0.0,0.0,206.75561929368408,32.03488338952017,1,0.5736763695283342,True
659685231248166784,129.82856871596778,0.062174298,18.810086122038435,0.039673198,5.327723290251536,0.07570613,70.37373,-34.47639289623302,0.0718431,-12.137310988866506,0.050537094,16.636261,18.244202,15.411938,2.832264,1.6079407,1.2243233,838.54706,,,1.0112762,0.06398277,0.19514456,206.76130511734357,31.943716041508797,1,0.5565776429188426,True
659744978536843264,129.4896646684623,0.16556673,18.97306850083381,0.10063156,5.435246499402351,0.20319432,26.749008,-34.21976859870204,0.21193103,-12.47436118066421,0.13499,18.155752,20.40976,16.828585,3.5811749,2.2540073,1.3271675,558.5078,,,1.0134045,0.295535,0.70641637,206.44806449692052,31.701765535090026,1,0.532894452487408,True
659920144486898944,132.8911413651782,0.14331457,17.706696672386062,0.08517284,5.525875701853058,0.16863108,32.769024,-38.22635076713535,0.18606381,-11.31594758926668,0.16006097,18.239683,20.08103,16.936909,3.1441212,1.8413467,1.3027744,660.0656,,,1.0884589,0.34256512,0.9382577,209.23518197154024,34.263762233170006,1,0.39532149852335113,True
660999491240341888,130.26289465947727,0.070052296,18.9318888504204,0.043084964,5.019760160042876,0.09582767,52.383205,-36.42805925403929,0.093410894,-11.7667859997517,0.07394747,16.885952,18.488985,15.662725,2.8262596,1.6030331,1.2232265,901.7464,,,0.97917753,0.0,0.0,206.79876622699288,32.37119120095477,1,0.30663786849349317,True
661061098251203968,131.64510112512087,0.05400812,19.257177491953172,0.02852688,5.478186175057593,0.066352315,82.562096,-37.04165413720159,0.066864975,-12.898010664617134,0.047372628,16.66753,18.223341,15.450921,2.77242,1.5558109,1.216609,1120.5463,,,0.9533755,0.0,0.0,206.98138782521517,33.708506135669765,1,0.6489591524329987,True
661098550366013696,131.67821198868674,0.06251785,19.42615793083016,0.034186635,5.4250497812623975,0.07033128,77.13565,-36.40038416467715,0.07714733,-12.02807760799383,0.054727446,16.978453,18.639606,15.749291,2.890315,1.6611538,1.2291613,1353.2094,,,0.993674,0.043092996,0.07776957,206.8037801181266,33.79639066265973,1,0.7972725047551961,True
661137789187132288,130.78480303263973,0.051592562,19.468310786770125,0.021531481,5.307498088295844,0.05772586,91.94315,-36.85562275387258,0.062112216,-12.317602008665684,0.041523226,16.320818,18.025057,15.061173,2.9638834,1.7042389,1.2596445,1268.7546,,,1.0131885,0.058463216,0.30750176,206.40681647392984,33.02071358441396,1,0.6902227300999577,True
661195303092794624,130.27675937011034,0.16262054,19.10285346846105,0.10296805,5.738246408227035,0.20788284,27.603271,-38.965228744273944,0.22834617,-14.397249552331216,0.17673458,18.364702,20.193756,17.059128,3.1346283,1.8290539,1.3055744,598.0171,,,0.9771764,0.0,0.0,206.61473324032625,32.44372032608078,1,0.35333493146748995,True
661214136527890944,130.19185379639046,0.020331087,19.30954236378915,0.013290525,5.411880118763071,0.022182867,243.96666,-35.68686965268766,0.024096295,-13.005960457920764,0.018097065,9.456571,9.662156,9.103741,0.5584154,0.20558548,0.35282993,4526.614,34.09362,0.4446779,1.0136098,0.08550005,7.940908,206.35205680148323,32.44112311527787,1,0.9316283931877417,True
661222073627319296,130.43269168016096,0.02317097,19.30221826707729,0.011007781,5.386990423354129,0.025837654,208.49379,-36.43012744227123,0.02905381,-12.318131134679016,0.01837278,14.72523,15.739889,13.723632,2.0162573,1.0146589,1.0015984,3161.2397,35.163258,3.0310032,1.0492113,0.0,0.0,206.45446179291815,32.651515476930754,1,0.8199697402513805,True
661244270018200192,130.29159069139172,0.014975426,19.508854280420156,0.008021712,5.34718939418416,0.016798588,318.31183,-35.48143334911133,0.017761173,-11.668659174049353,0.012003115,9.986646,10.23673,9.580269,0.65646076,0.25008392,0.40637684,4615.9062,35.033653,0.3759107,0.94344115,0.08421799,9.438542,206.16942430922415,32.59879138177883,1,0.6586786941262602,True
661323641013704832,130.06378918524007,0.015940085,19.994245680574146,0.010710152,5.378021474956225,0.017898628,300.47116,-35.43023643472176,0.01836985,-12.41157519290865,0.013949519,8.755451,8.902307,8.482422,0.41988468,0.14685535,0.27302933,5063.069,35.941643,0.39637202,0.85493803,0.09510142,9.454032,205.54093795583464,32.565300528458536,1,1.0,True
661331028356266752,130.64160696794758,0.046302296,19.603351753435657,0.019430134,5.5389411867740845,0.05087749,108.86821,-37.83580256606445,0.054510366,-13.669178964324384,0.036151487,15.807616,17.329693,14.613725,2.7159681,1.5220766,1.1938915,1562.732,,,1.1721643,0.1591196,3.622022,206.20005939133353,32.94091837508442,1,0.4605602084579096,True
661401908200502912,130.35341257219423,0.4226706,19.957448098217576,0.24218814,5.691142934147905,0.49269453,11.551058,-35.67417357234781,0.5020709,-11.996631591609743,0.35935003,19.855549,21.209936,18.417883,2.7920532,1.3543873,1.4376659,258.58698,,,1.035635,1.2241218,1.6522909,205.69300859437791,32.8083340714409,1,0.32804628835453925,True
661486158278348160,132.12723720682467,0.22532773,19.75194571492561,0.12031645,5.785156644348274,0.2781523,20.798523,-38.00455977966412,0.27900806,-13.158276523447652,0.19638407,18.91172,20.677464,17.59218,3.0852833,1.7657433,1.31954,482.27072,,,1.0534769,0.55872375,1.2779202,206.6099810554852,34.30561976376581,1,0.32567471293556816,True
661271238116475648,129.96164928784802,0.01895438,19.550519849786287,0.012744964,5.452470363087352,0.027811743,196.04921,-35.82749876970175,0.026096087,-12.615689663933228,0.01750222,11.623737,12.014614,11.064226,0.95038795,0.39087677,0.5595112,1564.1526,34.212708,0.5031034,0.8402051,0.08109289,6.9887543,205.9949550628251,32.32173405046481,1,1.0,True
661281756492696448,129.6954448852271,0.020137178,19.50086415038321,0.012099235,5.32535467756503,0.023354227,228.0253,-33.973319314674164,0.024028655,-12.473940706797965,0.016156225,8.923931,9.07836,8.640412,0.43794727,0.15442848,0.2835188,4694.8726,35.785393,0.67841214,0.9357498,0.097067624,9.348785,205.94665000862568,32.06925982253723,1,0.6286825371748455,True
661295466028469120,130.05159135831684,0.06684964,19.638322503693928,0.047621537,5.471429341647944,0.08606947,63.56992,-36.98173907217851,0.08784077,-11.867086018224342,0.06515243,15.989913,15.958493,14.471696,1.4867973,-0.031419754,1.5182171,176.5223,28.883076,11.162402,0.99440044,0.32862008,8.62874,205.9323204803128,32.431692699732295,1,0.51788838565336,True
661340614723243392,130.86480519416142,0.06578729,19.82786190860842,0.02766363,5.31587297937952,0.08668854,61.321518,-36.3574175566724,0.09117535,-11.97940356986759,0.06528783,16.732641,18.350552,15.506142,2.84441,1.6179104,1.2264996,1410.9327,,,1.0472136,0.09493183,0.5235738,206.0349617792372,33.215536072637114,1,0.571689457610184,True
661355934869899648,130.88575586556286,0.081312776,19.99245819996873,0.034010146,5.51244863383456,0.100675315,54.75472,-37.50631930577829,0.10384569,-12.881791293967057,0.079401985,16.760645,18.36099,15.520261,2.8407297,1.6003456,1.2403841,1515.2877,,,1.2156255,0.3232721,5.9847665,205.85810307624632,33.290407491563876,1,0.6262853422412047,True
661358241268943616,130.65657177170547,0.085939184,19.988527106895873,0.040795982,4.996478611560398,0.10553622,47.34373,-34.14084427377872,0.112355106,-12.333781214177764,0.0867588,17.339325,19.11316,16.079193,3.033966,1.7738342,1.2601318,868.6496,,,0.9880477,0.0,0.0,205.7745396593039,33.086663486316766,1,0.35193114213935217,True
661383770554619136,130.8343996463511,0.10904399,20.07926970193577,0.04575745,5.26681932720351,0.13979289,37.675877,-36.744846585055,0.14625636,-13.44979062174872,0.10117321,17.528492,19.205582,16.267805,2.9377766,1.6770897,1.2606869,1126.678,,,1.0421504,0.24409878,1.4860873,205.7407977927244,33.27467481134803,1,0.437895893533105,True
661391157898332160,131.20278395354822,0.01168189,20.290501449363095,0.0059630033,5.4704159465160105,0.014001059,390.71442,-36.53973343632491,0.014921717,-13.102490977930731,0.010215455,12.596136,13.143718,11.905504,1.2382135,0.5475817,0.69063187,3156.141,33.44189,0.6088017,0.8869171,0.026255134,0.978841,205.6432478864563,33.671596985068945,1,0.8113186451729076,True
661421939927520384,130.2418049737273,0.14213143,20.213927817744285,0.08351318,5.485772049363558,0.16317871,33.618183,-36.329339481636616,0.15761584,-12.970465720328749,0.11628668,18.184452,20.19539,16.887363,3.3080273,2.0109386,1.2970886,575.4727,,,1.0554641,0.3860634,1.2919645,205.36362267232687,32.79753341097045,1,0.7896238954836976,True
661429292911672320,130.4237681017987,0.18424118,20.318957976934183,0.09465435,5.290522936104383,0.22586627,23.423254,-35.639094838936686,0.20863691,-12.79819957156731,0.15893261,18.579586,20.509008,17.206179,3.3028297,1.9294224,1.3734074,628.9933,,,0.9710871,0.0,0.0,205.3151227388101,32.99377504188113,1,0.5889482247401316,True
661438982357836544,130.71032590419972,0.15786538,20.334353737815412,0.063597545,5.603257846160927,0.18719359,29.932959,-36.914282550281456,0.19917631,-13.473767783546716,0.16526407,18.191652,20.18453,16.89183,3.2926998,1.992878,1.2998219,788.39813,,,0.99268234,0.0,0.0,205.40656960026524,33.251802597780774,1,0.528694555967438,True
661216949728995584,129.91860456636402,0.07998948,19.314905983998074,0.052554138,5.563860301374148,0.113201216,49.15018,-37.67690349173104,0.10535869,-12.864504301283723,0.06917489,17.090788,18.721964,15.8491125,2.8728514,1.631176,1.2416754,693.59503,,,1.1293787,0.18284212,0.91486937,206.23929531085955,32.20144148266772,1,0.5160098289200418,True
661221764391246080,130.43937991976665,0.01938576,19.267231512939944,0.009213659,5.586041662198903,0.021736672,256.98697,-36.92193627440725,0.024193492,-12.989507508886692,0.015891612,10.04542,10.299957,9.632183,0.6677742,0.25453758,0.41323662,3779.1038,34.710644,0.19422524,0.93771225,0.13021067,26.567133,206.49601339538685,32.64520022540502,1,0.5597046152341131,True
661224577591160448,130.3266461793529,0.031985156,19.260355822003227,0.01320256,5.317702479108128,0.034949183,152.15527,-34.42608259727351,0.042492446,-11.97623137817043,0.023409521,10.22309,9.75368,9.109921,0.6437588,-0.46940994,1.1131687,870.06433,34.136875,0.89554244,1.3603722,0.19111928,52.259594,206.4594648875361,32.54309885469401,1,0.6355765141899878,True
661239631450927488,130.24261006842625,0.24291448,19.447886208653184,0.1423218,5.092846065541266,0.28485447,17.878765,-36.011330215996686,0.29892242,-11.498898761595369,0.18882187,18.73962,20.503685,17.430128,3.073557,1.7640648,1.3094921,499.25992,,,1.1728247,0.9072174,3.0761662,206.2181777953185,32.53428368487384,1,0.3441522755158749,True
661253478428045568,130.48262437131152,0.016894544,19.68962092715769,0.008977684,5.424979880936136,0.019428175,279.2326,-36.4423830196716,0.019219114,-13.23821088386143,0.014916592,10.896363,11.220029,10.4059725,0.8140564,0.32366562,0.49039078,2282.8757,33.637615,0.3340806,1.1775702,0.12098648,22.676483,206.0420193188058,32.830250581002375,1,0.9124389994716404,True
661289105178505344,129.76161234864065,0.015352181,19.724661129898816,0.009393191,5.4098691600477045,0.019482948,277.672,-36.52971761544116,0.020638121,-14.192522950115128,0.013195838,9.186539,9.426195,8.787346,0.63884926,0.23965645,0.3991928,5139.9067,,,0.8448338,0.062411208,4.246515,205.72445839192488,32.205535138714986,1,0.6012272677696073,True
661294052980833792,130.1144647293816,0.017484523,19.655433176448007,0.011254869,5.308374991789239,0.020204637,262.73053,-35.10766274833486,0.020351408,-12.863841686163376,0.014417131,12.855571,13.432824,12.1407995,1.2920246,0.57725334,0.7147713,3285.5696,34.67692,1.2121321,1.0521542,0.08173962,5.933201,205.9376320047096,32.49316526390306,1,0.9143078980952342,True
661294327859643264,130.16846766674814,0.18280236,19.670701294216553,0.111872785,5.037722725279032,0.21096371,23.87957,-35.523903418010406,0.20612758,-12.386822566107757,0.14393914,18.514048,19.32759,17.100231,2.2273598,0.8135433,1.4138165,452.89453,,,0.9190689,0.50933814,1.4239466,205.9415403932208,32.54615935353651,1,0.33262019811061266,True
661295324291154816,130.04016945681187,0.015497844,19.62135923807859,0.010388681,5.22770473896624,0.019066937,274.17642,-35.29377446606719,0.018832402,-12.861897650361172,0.013476171,11.790918,12.1972275,11.22191,0.975317,0.40630913,0.5690079,1886.6443,34.91943,0.8465804,0.8695365,0.06352365,4.7800903,205.9467460082481,32.41571717385663,1,0.5698339840605361,True
661313917207778304,129.81979974631554,0.035785113,19.795115833804815,0.023559136,5.417624420631035,0.053468313,101.32402,-36.021239134582814,0.05184053,-13.678925656927223,0.036800314,15.513301,16.736658,14.411247,2.3254108,1.2233572,1.1020536,1548.6885,45.211246,6.83564,0.9215438,0.0,0.0,205.6687290362935,32.281303988052045,1,0.9690936836777794,True
661326011834490496,130.82665455906502,0.061089937,19.518788278619972,0.025327047,5.297349053812144,0.06934581,76.39033,-35.67292315584173,0.071478255,-12.360090828395844,0.062131923,16.334084,17.771162,15.155579,2.6155834,1.4370785,1.178505,1804.7095,,,1.0075339,0.0,0.0,206.3666541308765,33.075222050500216,1,0.6220440895693273,True
661327248785037184,130.80256869649574,0.10039504,19.57465827196332,0.042132825,5.483958163658697,0.12336752,44.452206,-36.41523606276054,0.12284967,-13.56288177384882,0.090393394,17.378178,19.13548,16.120335,3.0151463,1.7573032,1.257843,1189.691,,,1.0189344,0.14512879,0.61947817,206.29472618350684,33.073271165338916,1,0.7477796084923102,True
661401431460014720,130.2936752998618,0.037156805,19.935129771803503,0.019724144,5.6268481808374045,0.041666277,135.04562,-36.94628290568358,0.04387881,-13.68765897573824,0.028975122,15.697986,17.207613,14.503118,2.7044954,1.5096273,1.1948681,1572.0918,49.227226,3.5958354,1.0746666,0.07054853,0.67307013,205.69501459563585,32.747931153175045,1,0.46123000232510736,True
661470460174102144,132.27778235151166,0.018475275,19.68644943408667,0.010197526,5.395622159996101,0.024389844,221.22414,-36.646437903750595,0.025104089,-11.76300124283394,0.017343273,11.716242,12.114959,11.153337,0.96162224,0.39871693,0.5629053,2113.481,33.36127,0.33890653,1.0992762,0.1251989,23.579899,206.74321119731405,34.41642393894578,1,0.6169158512792773,True
661675033760403328,133.1389401703821,0.25531417,20.96253858913995,0.12348582,5.533629122217852,0.3024652,18.295094,-37.77946765047871,0.34777132,-12.550139267376387,0.217866,18.923443,20.868238,17.590616,3.2776222,1.9447956,1.3328266,433.6259,,,1.0138547,0.66333467,1.6971672,205.60417941031807,35.603954261653946,1,0.6262853422412047,True
661749048932896512,131.4185390967594,0.04367587,20.17374130131812,0.02290543,5.492455908625737,0.052128587,105.36361,-37.54177134390804,0.051755965,-12.533170790979757,0.03811514,16.221773,17.640223,15.050082,2.5901403,1.4184494,1.171691,1685.3417,,,1.0145177,0.0,0.0,205.8577378122398,33.822620578852934,1,0.5974536843681427,True
661767843709723776,131.36754871431282,0.022004005,20.395329715169364,0.010860701,5.573395753190734,0.02482584,224.49979,-37.667810938995714,0.025717815,-13.525409374430868,0.01907906,8.461295,8.590004,8.2139,0.37610435,0.12870884,0.24739552,3251.3843,35.984764,0.64695233,1.0210836,0.13629353,18.574562,205.5871817396252,33.85238136861466,1,0.45512459177838155,True
661150154396988032,131.51310018581125,0.050117467,19.52971202662624,0.02391137,5.3889467308714725,0.0597435,90.201385,-35.82187372638268,0.059859384,-12.048756800152422,0.042434048,16.21933,17.68302,15.033779,2.6492405,1.4636898,1.1855507,1890.9249,,,1.0713427,0.16937564,2.624616,206.62225765125856,33.68607469683267,1,0.8571758857024279,True
661166513928414464,131.60788269563415,0.34559575,19.893129718781985,0.17375988,5.254326790765104,0.36967796,14.213254,-36.09490229620602,0.39487144,-12.54087842740063,0.3120997,19.501627,21.213871,18.091352,3.1225185,1.712244,1.4102745,350.37683,,,1.0179542,0.911812,1.6494212,206.24834113361308,33.89456078362891,1,0.5977297102912466,True
661211147230556160,130.0887327432804,0.019321894,19.18175854710713,0.012831785,5.410819362687126,0.025164928,215.0143,-36.11059362554273,0.026119461,-12.67398483355408,0.01806206,13.962626,14.7717,13.0039015,1.7677984,0.80907345,0.958725,2949.4233,37.389046,4.008086,0.93476903,0.0,0.0,206.45335118383963,32.30515142631232,1,1.0,True
661212933936844416,130.1141535649122,0.022222815,19.277982340018948,0.01593723,5.215410208938402,0.032053735,162.70836,-35.29748509769786,0.030034134,-11.525581806269514,0.021253409,11.010231,11.337093,10.519734,0.817359,0.32686234,0.49049664,2300.7725,34.10337,0.5997103,1.0717934,0.13030566,18.093458,206.35666876083053,32.361379200926685,1,0.439824088372988,True
661233584139655040,130.50649850325905,0.07538474,19.446069750437,0.036679126,5.245293537592195,0.08341268,62.883648,-35.17241642807174,0.09280425,-12.15109787236825,0.0599877,17.100718,18.73086,15.880397,2.850463,1.6301422,1.2203207,1056.0348,,,1.0224798,0.13865617,0.68001795,206.32307242731468,32.766923456985,1,0.5670802670830336,True
661293812462666240,130.1392620008837,0.013848255,19.63353310842928,0.008588217,5.376964969763738,0.015724488,341.94852,-36.536288692998106,0.01714471,-13.508849248047154,0.011601031,11.963045,12.404102,11.363196,1.040906,0.4410572,0.59984875,2399.4307,35.502216,1.1109952,0.85208446,0.053305842,3.2899113,205.97158781802847,32.507479250059326,1,0.78175018674011,True
661294705815866240,129.99975520163346,0.017946167,19.57785811514889,0.011125271,5.423246933217886,0.021989387,246.6302,-35.942335099444065,0.022374624,-11.611836370176476,0.015248799,12.5628605,13.079146,11.895272,1.1838741,0.5162859,0.66758823,2093.633,33.50209,0.97130525,1.0335531,0.06575902,4.394702,205.97939522686224,32.36490584900074,1,0.8571758857024279,True
661300551269631360,130.1798531089657,0.026893763,19.719261819614488,0.016687065,5.355951886118715,0.031134712,172.0251,-35.94634199085495,0.03201758,-11.854366342627394,0.023887224,6.8043456,6.894305,6.621073,0.27323246,0.08995962,0.18327284,3488.6934,32.97104,0.30062553,1.0026152,0.18567413,34.675346,205.89188589957948,32.57302147865916,1,0.8196308264699597,True
661387756285499136,131.20741923898274,0.29920852,20.17761163417074,0.14784236,5.656625647669239,0.33358696,16.956976,-35.6514375019236,0.3399475,-13.67400311544349,0.24573654,19.36669,21.418236,18.044071,3.3741646,2.051546,1.3226185,391.96686,,,1.0579089,1.1337072,3.14344,205.77263442564117,33.63748523310363,1,0.3913458312701275,True
661416274866976384,130.3853092025721,0.09529504,20.101820842107006,0.050651245,5.462487728995633,0.11162052,48.938023,-35.71387997631195,0.1078171,-13.716337506073092,0.0776216,17.603567,19.327503,16.350557,2.9769459,1.7239361,1.2530098,913.0288,,,0.94521093,0.0,2.0327164e-15,205.54375566553085,32.885914780249834,1,0.8736596260636577,True
661424074528836480,130.4323951523891,0.021224657,20.2268145537126,0.011537848,5.540482086910993,0.024264084,228.34087,-36.25265138715738,0.024599403,-13.771001934678928,0.020184208,10.354437,10.631867,9.913274,0.7185936,0.27743053,0.44116306,2526.9607,33.826576,0.30903536,1.1581074,0.1655694,37.557766,205.42171150081995,32.97007808913456,1,0.6215135300932871,True
661866451862557312,131.58339534491986,0.11934395,21.00887232842494,0.06197136,5.496921756564901,0.15301876,35.923187,-37.287666328519755,0.15481548,-13.392810456883817,0.10968813,17.933897,19.811373,16.638783,3.1725903,1.8774757,1.2951145,860.67395,,,0.96646005,0.0,0.0,204.9700562894145,34.24704069457982,1,0.6183996362358988,True
660751581432060800,132.70750590506637,0.05249516,19.810095709247324,0.027976397,5.405380801747341,0.058738183,92.024994,-36.131806783530784,0.06108287,-12.692782604808215,0.046949126,16.508348,18.162685,15.271506,2.891179,1.6543369,1.2368422,1289.6383,,,1.0762508,0.17128806,2.031224,206.76948140040352,34.838798951685355,1,1.0,True
660976676374207616,130.5528226062399,0.10012768,18.683555339569025,0.04249146,5.54375608248035,0.13374995,41.44866,-37.2106013317502,0.1391721,-12.31632116022794,0.09719712,17.411726,19.049911,16.168322,2.88159,1.6381855,1.2434044,1092.4957,,,1.028244,0.13877274,0.49853,207.18920591348004,32.53986148523606,1,0.5817552537249041,True
660990484692472448,130.53866737555234,0.2910261,18.930250604262167,0.13312234,5.3595749510648725,0.3494701,15.336289,-36.73787486151534,0.36703843,-12.47284308569948,0.2523419,19.251184,20.768587,17.86914,2.8994465,1.5174026,1.3820438,446.23343,,,0.9916,0.5412136,0.88067484,206.90978130922187,32.614667646504294,1,0.7999680770966582,True
661018835773136512,130.93620807719864,0.034871407,19.066241702031,0.012135739,5.511220636770757,0.036715277,150.10703,-37.43535134158965,0.03716636,-13.251309884676289,0.024424061,15.191929,16.335667,14.129193,2.2064734,1.1437378,1.0627356,2424.5796,25.10035,3.9528663,0.99698097,0.0,0.0,206.9156629006816,33.014366708142006,1,0.5160098289200418,True
661186373859208832,130.08243407865712,0.034319397,18.927227833338616,0.022053065,5.338902763824707,0.041677233,128.10118,-36.43707450702485,0.039733566,-11.14157740360217,0.029892817,15.1055155,16.440018,13.963666,2.4763517,1.3345022,1.1418495,1294.0483,22.88184,7.6285834,1.243116,0.14292213,4.16399,206.73253874314804,32.20986491768544,1,0.5193272707686184,True
661216747867811328,129.9637913744356,0.08818153,19.3055417439038,0.055175435,5.358658362688426,0.11439747,46.842453,-35.915748369486,0.118406154,-11.51862876579058,0.07610213,17.243624,18.852127,16.002338,2.8497887,1.6085033,1.2412853,937.85815,,,1.0549009,0.19140999,0.85098815,206.267319622687,32.23810413252645,1,0.8196308264699597,True
660933310088402688,130.7999949707693,0.10825225,18.69580454933872,0.049125493,5.499811565413627,0.12014846,45.775135,-35.53639513765272,0.12547979,-12.352437956596445,0.09290681,18.011091,19.81371,16.731256,3.0824528,1.802618,1.2798347,1041.0288,,,1.0324616,0.0,0.0,207.27431088709656,32.76310202865212,1,0.67577239805289,True
660957400560960256,130.89405035086426,0.07141305,18.753773311356507,0.03400928,5.479595422002624,0.08133315,67.37222,-36.548778026030575,0.08283214,-12.482394253944197,0.062144823,17.301842,19.093067,16.030466,3.062601,1.7912254,1.2713757,748.07,,,1.007554,0.0,0.0,207.24736376988224,32.866939550402975,1,0.6386153210806718,True
660981619879849728,130.37063501159457,0.166181,18.7596378992346,0.082446255,5.172719460583257,0.25668192,20.152254,-36.567240288423406,0.27453583,-12.27254237445171,0.1756488,18.375006,20.313335,17.066534,3.2468014,1.9383297,1.3084717,679.687,,,1.0223576,0.0,0.0,207.0322884434734,32.40556293347068,1,0.46798711608928295,True
661006019590629760,130.29464376810955,0.083056085,19.031537362515873,0.04690395,5.787568069480535,0.10926104,52.970097,-37.930939392945035,0.11393578,-13.095977257269226,0.09013144,16.867666,18.642534,15.573522,3.0690126,1.774868,1.2941446,1407.9813,,,1.1692157,0.38247958,5.6617904,206.700876998654,32.43444063805458,1,0.3127220520859155,True
661052405238360704,131.5091205089146,0.102227375,19.1164516279315,0.052520234,5.212753127442142,0.1208331,43.14011,-35.17885968359124,0.12360714,-12.14176942611714,0.09171733,16.593094,17.863064,15.009408,2.8536558,1.2699699,1.5836859,883.43317,,,1.2980714,0.7309517,30.56472,207.08606550667832,33.53909624435399,1,0.5224303188706202,True
661066664529794688,131.28544028486004,0.11240235,19.15222744488759,0.05626355,5.317241648962194,0.12757505,41.67932,-35.13800845193239,0.14810851,-11.157410848095337,0.10904375,17.632055,19.344318,16.3771,2.9672184,1.7122631,1.2549553,868.21497,,,0.9436916,0.33427483,2.3636558,206.9574349006379,33.353576826396306,1,0.4424867853915642,True
661190290869387776,129.94035390379582,0.056729686,18.97606212710113,0.033757582,5.318561643364072,0.0673101,79.0158,-35.87988006586653,0.06589745,-11.617264494158093,0.044040885,16.26075,17.742943,15.06809,2.6748524,1.482193,1.1926594,1037.7491,,,1.0394657,0.14150092,1.341275,206.6224567574697,32.10143585629572,1,0.6827961231606549,True
661252997391718272,130.42605956499767,0.020541912,19.660478856559905,0.011366472,5.532514567011723,0.024331683,227.37904,-36.54628981783236,0.023734165,-14.72016756930557,0.0173063,9.475089,9.688435,9.109364,0.57907104,0.21334553,0.36572552,6919.257,50.620457,4.6875706,1.3210536,0.15651414,32.342247,206.0526481031147,32.77019790748929,1,0.43387678371189764,True
661263305313199360,129.672583012386,0.019014457,19.421685261726925,0.012419141,5.421369434601694,0.022008589,246.32971,-35.26350159701525,0.022563254,-12.8175985954096,0.015155594,13.990094,14.839445,13.0872345,1.7522106,0.8493509,0.9028597,2835.224,38.724655,2.9565504,0.98769563,0.0,1.2463744e-15,206.02529191433055,32.02140058926002,1,0.9315258053043194,True
661775265413200640,131.4410320802098,0.043885246,20.49468254501345,0.018667575,5.575401374846803,0.05018634,111.094,-38.30280429588785,0.0531275,-13.98269110329315,0.039745644,15.571946,16.851496,14.454033,2.3974628,1.2795496,1.1179132,1367.408,45.149406,13.665793,0.9888489,0.0,0.0,205.5022861329863,33.95059984938616,1,0.4868530920273622,True
661829588159547392,131.44897188977114,0.08584023,20.712876889541512,0.041541617,5.549215563122042,0.11753243,47.214336,-37.893747824767985,0.12318424,-13.796918984109643,0.08404942,17.200344,18.901968,15.935609,2.9663591,1.7016239,1.2647352,669.98914,,,1.032563,0.20056242,1.2634753,205.2572361354332,34.03049124020595,1,0.48221988393018933,True
661960739281626368,131.82934271762818,0.101204805,21.18387481210475,0.052933037,5.279765099326981,0.109504595,48.215008,-36.33504909674871,0.12734132,-13.474995097445458,0.08583209,17.66501,19.462275,16.39158,3.070694,1.7972641,1.2734299,887.80237,,,1.0360612,0.38289016,2.9699762,204.86100725891825,34.52123052148784,1,0.5320745669953396,True
662635083506980992,128.28201167210227,0.09036408,18.754325251778035,0.066879265,5.2658605105077605,0.12169272,43.271782,-32.903120127782685,0.110742316,-12.052293956933491,0.07388373,17.38208,19.07016,16.151144,2.919016,1.6880798,1.230936,874.04913,,,1.0761235,0.23854809,1.1766579,206.21076666402013,30.556098411347943,1,0.321496545926782,True
662640615424927744,128.43295035801376,0.046029583,18.79741066326668,0.032295328,5.305183977048402,0.057050798,92.99053,-33.75087565626033,0.058422912,-12.250505799604015,0.040525105,16.157934,17.556692,14.996733,2.5599594,1.3987579,1.1612015,1195.119,,,1.0707183,0.092404194,0.64047194,206.2235464665928,30.70495298220092,1,0.4488043921996568,True
662644326276577664,128.50187391718313,0.05678361,18.9266703730957,0.03530291,5.304054231266634,0.065205276,81.34395,-34.299491841261656,0.0648639,-12.346202989274664,0.045704298,16.2668,17.800724,15.071741,2.728983,1.5339241,1.1950588,905.24945,,,1.0415034,0.11280056,0.76693964,206.1101908873762,30.812066669843748,1,0.5415215121911139,True
662768914687563776,129.03722785773323,0.035819326,19.22995147831003,0.024289506,5.492878688358722,0.05025532,109.299446,-35.02278811183794,0.046515457,-13.211240605619796,0.030349396,15.466321,16.701956,14.365361,2.3365946,1.2356348,1.1009598,1397.3497,37.293293,13.048645,0.9385614,0.0,0.0,205.9887040436188,31.39270571483492,1,0.5743334357479057,True
662792790408901504,128.90038186949505,0.17714587,19.53278801973021,0.13531867,5.342041560062559,0.27409303,19.489883,-36.239328249921606,0.23174916,-13.728642305897733,0.1650468,18.52096,20.438505,17.194765,3.24374,1.9175453,1.3261948,503.85605,,,0.9876725,0.0,0.0,205.60344457462875,31.37833948828332,1,0.6263238121914512,True
662849900590743936,128.93763033023686,0.025902651,19.771102437884643,0.018299555,5.594003640596384,0.03327203,168.1293,-35.79780860340085,0.031505708,-13.045347965629814,0.02200926,7.4599524,7.520744,7.320773,0.19997072,0.060791492,0.13917923,2775.4922,25.21256,0.54066193,0.9508404,0.16296224,17.166405,205.35607118447385,31.4944272965261,1,0.513781046756387,True
662859654460073984,128.51463983532872,0.017685296,19.795227462749473,0.0118878735,5.519276440268023,0.019744284,279.53793,-34.89783686978474,0.020776829,-12.868958224725294,0.015493766,12.965888,13.574995,12.226595,1.3484001,0.609107,0.7392931,2585.3945,37.853245,1.4792353,1.0267224,0.09500181,9.284873,205.1672896458361,31.12974439704862,1,0.596585928778778,True
662919066744669568,127.75069376250728,0.13766117,19.40441747700068,0.08331828,5.482435254471599,0.15859716,34.568306,-34.637603105377806,0.15741363,-13.5857949946422,0.10830281,18.130527,20.014545,16.824093,3.1904526,1.884018,1.3064346,909.74786,,,1.0352945,0.2932766,0.99248946,205.29870824357195,30.318628783961746,1,0.6984192125189497,True
663052962348209664,128.3935429013074,0.18175365,19.95155234371376,0.11094831,5.4488404872695,0.20387791,26.725998,-35.94871411853771,0.22526085,-13.730944364229105,0.16126356,18.443666,20.220276,17.142649,3.0776272,1.7766094,1.3010178,616.62726,,,1.1152501,0.74945056,3.9323509,204.9498304299324,31.077415707520377,1,0.8570756852694413,True
663154740190053504,127.98903964242804,0.26917112,20.705908996032655,0.1685456,5.332435062489506,0.2947087,18.09392,-34.05400001809022,0.32660627,-13.972611559249255,0.24213701,19.180714,20.924162,17.839363,3.0847988,1.7434483,1.3413506,346.32483,,,1.0201391,0.6236907,1.2428333,203.9708814251696,30.98130568977765,1,0.5532019126304225,True
662600689408917888,127.92888566233596,0.08315427,18.48508886319569,0.05225333,5.413811298222986,0.096829824,55.910576,-34.62621053773833,0.1033896,-12.238043301336416,0.07068044,17.295572,18.987175,16.036137,2.9510384,1.6916027,1.2594357,945.6823,,,0.99023265,0.0,0.0,206.36208850540015,30.146925690024055,1,0.6431014946540078,True
662744210035689728,128.9151367795911,0.04688712,19.12671164647883,0.03147326,5.238681858603601,0.053887524,97.21512,-34.774312078414766,0.059615158,-12.487013329892791,0.040791295,16.031834,17.505941,14.844846,2.6610956,1.4741077,1.1869879,1001.067,,,0.99378645,0.0,0.0,206.0540368982757,31.24834142863729,1,0.48541126056836476,True
663082653459050752,128.34771597498406,0.17030783,20.300873506931516,0.107367806,5.186624950740303,0.19179167,27.043015,-34.751764377057576,0.19474642,-13.414972700451102,0.14529206,18.42792,20.423206,17.101946,3.3212605,1.995287,1.3259735,677.23157,,,1.0759072,0.70308477,4.066818,204.5496124040104,31.15792501691903,1,0.4619479856468637,True
661406546764571392,130.58777065969178,0.08314777,20.05573544511897,0.037335347,5.395712819730531,0.107301846,50.28537,-37.64222975869049,0.11274746,-13.656582182113748,0.081083715,17.180061,18.831038,15.951637,2.8794003,1.6509762,1.2284241,1225.4543,,,1.0234109,0.026896894,0.02380903,205.67280324894625,33.04889083646549,1,0.4989900468677629,True
661528184534528896,132.54257413928565,0.019172523,20.148545862371225,0.010330155,5.498519465740644,0.02208055,249.02095,-38.428463250267285,0.023573948,-13.360470529644148,0.018086923,14.272574,15.205616,13.315793,1.889823,0.9330416,0.9567814,3866.9316,30.555672,2.4594576,1.0580955,0.0,0.0,206.31763748461984,34.80736254647855,1,0.41373065779196,True
661851612751722880,131.178043596043,0.07373573,20.962985259375092,0.032960612,5.377096767181708,0.086630166,62.069565,-36.45817019713947,0.09119246,-13.351861654669218,0.06636319,16.799574,18.571943,15.531218,3.0407257,1.7723694,1.2683563,1213.0881,,,1.051828,0.17790087,1.5820771,204.8714953854984,33.87465162976004,1,0.8334707762142739,True
662227439571084032,127.3356050415117,0.06502941,18.179332631380433,0.04153463,5.6734477486955734,0.074156545,76.50636,-35.649392485424315,0.07843579,-13.312020301263932,0.051619228,16.962389,18.676102,15.706816,2.969286,1.7137127,1.2555733,705.74493,,,0.94801843,0.0,0.0,206.45427147559008,29.51111753385492,1,0.3746755741189086,True
662625978176332160,127.97595986818712,0.10448322,18.76001648116847,0.06788197,5.244676955179784,0.11713807,44.77346,-34.44309370312753,0.12223083,-11.98356021357391,0.089069225,17.614841,19.37466,16.36448,3.0101814,1.759819,1.2503624,964.0376,,,1.059528,0.17631884,0.5151937,206.08394732451575,30.28766675035821,1,0.5415215121911139,True
662633228081183872,128.20700625332148,0.014795257,18.70169915305256,0.0093129,5.363839977932667,0.017094404,313.77756,-34.07593006649068,0.0180144,-12.169697796853594,0.01154387,12.377144,13.008809,11.621056,1.3877535,0.6316652,0.75608826,3730.5234,36.71347,3.6622362,1.0235454,0.047863234,2.548815,206.23817282941988,30.470905155620567,1,0.557061447705224,True
662633743477189632,128.231758456435,0.018482463,18.732774222364338,0.012745927,5.412420476144746,0.024793733,218.29793,-34.96426262542338,0.0211216,-12.90533702133894,0.01410787,12.749789,13.316886,12.043404,1.2734823,0.5670967,0.7063856,3434.0828,34.080994,0.8341181,1.1221844,0.08849326,6.897916,206.21429099190203,30.50394614714563,1,0.8770455052995161,True
662645284052268416,128.14669301786182,0.13969213,18.735964613481016,0.09540987,5.432527971974162,0.17053276,31.856213,-34.39454290837509,0.16782415,-12.078333757858651,0.11366175,18.041286,19.912554,16.750668,3.1618862,1.8712673,1.2906189,571.2432,,,1.0337542,0.38654903,1.4761201,206.17727191899667,30.429907265132613,1,0.5310265596149568,True
662741564335762560,128.66524228668737,0.061456215,19.136831631390542,0.043402817,5.532285817590831,0.07215425,76.67304,-36.67429335021728,0.07104035,-13.394619505670892,0.055435464,16.612774,18.21238,15.390169,2.8222103,1.5996056,1.2226048,772.2539,,,1.018337,0.11812695,0.66683286,205.9452504794821,31.031149740488814,1,0.8650934543110023,True
662787468946178176,128.85109721631838,0.22846203,19.428885973898858,0.15324861,5.4513542977168585,0.28031757,19.447065,-34.78879163785792,0.27906403,-13.94520691776298,0.20543279,19.045105,20.710928,17.710657,3.0002708,1.665823,1.3344479,412.14355,,,0.94414824,0.45456102,0.61055017,205.69827139472372,31.298372823275887,1,0.6529894632944331,True
662794787570424448,128.99928724148953,0.014682742,19.52547071817775,0.010131321,5.66387297810981,0.017834011,317.5883,-36.86471418677225,0.01731033,-14.39858937851936,0.012265258,12.834803,13.437584,12.100826,1.3367577,0.6027813,0.73397636,3816.9912,36.752243,1.4182097,1.0416163,0.060285944,3.6855464,205.64973752268384,31.463086502291297,1,0.37835721583269216,True
663069150081902592,128.13906999592294,0.017437223,20.08004418225842,0.011313,5.508006333367591,0.018670479,295.0115,-34.797560963745184,0.020297637,-13.485308026387884,0.015197816,12.852614,13.448745,12.122559,1.3261862,0.5961304,0.7300558,3779.0288,35.48649,0.7568285,1.0974668,0.09868743,11.949091,204.7124082354723,30.89782502547654,1,0.6436860292814085,True
662859104704260224,128.60034189799742,0.016071267,19.79335951418467,0.010467794,5.3729889465843295,0.01923677,279.30826,-34.077721444285956,0.019537156,-12.547486087225588,0.014543513,12.856821,13.437426,12.141679,1.2957468,0.58060455,0.71514225,3648.426,36.219627,1.6606046,1.0394298,0.0795161,6.785787,205.2021955638812,31.204670709660903,1,0.7214433396085617,True
662930091923625216,127.4944010752022,0.2167024,19.482988959492964,0.13967723,5.461208686442121,0.2413406,22.628635,-33.46007588401363,0.27600926,-13.050197295360492,0.19961898,18.867395,20.714287,17.563992,3.1502953,1.8468914,1.3034039,580.0594,,,1.0142866,0.7400216,3.0513804,205.11466149179248,30.120415344817797,1,0.3335319219491221,True
663140171661012480,127.87430358666997,0.017137537,20.41036400821083,0.011126114,5.434233003065411,0.01941475,279.90228,-34.44830979797944,0.020550614,-13.359666222305432,0.015391094,13.990405,15.010764,12.98056,2.0302038,1.020359,1.0098448,909.1928,55.29411,5.333926,1.0798485,0.0,0.0,204.2513792242947,30.77898279461509,1,0.650554073294098,True
663883132283474560,127.10258232357155,0.16484971,20.46491748922166,0.11124606,5.502054016582347,0.1886236,29.169489,-35.67015826735499,0.20118578,-13.775128413620369,0.14930768,18.603447,20.44767,17.32751,3.1201591,1.844223,1.2759361,543.56744,,,1.0181574,0.0,0.0,203.90224741704623,30.11919105766824,1,0.6656710935121606,True
664297064051880832,129.62330333868272,0.015812548,19.862426175316944,0.009934072,5.44645424729031,0.019332929,281.71902,-35.556511260377995,0.019002404,-12.403461294150135,0.014106371,13.512722,14.242854,12.684726,1.5581284,0.7301321,0.82799625,3265.6584,34.991856,2.3156226,1.0304598,0.0,0.0,205.51855484253448,32.13112865397049,1,0.7874323211912252,True
663781564897655296,126.87756714612568,0.021120569,20.21822244571137,0.013226926,5.395011206068317,0.02408307,224.01675,-34.1637652103384,0.026051242,-13.653085005928377,0.016785976,13.531776,14.271741,12.697612,1.5741291,0.7399645,0.8341646,2833.7905,35.77528,1.9120693,1.0341808,0.10784132,8.694825,204.0846318582145,29.83561979136392,1,0.5943319415552228,True
664323280532234240,129.76477889913798,0.02823119,19.99969080932882,0.018749721,5.238281455512287,0.03412116,153.52003,-34.317264454483876,0.031243846,-13.034532644633057,0.024125325,8.28062,8.375589,8.086355,0.28923416,0.09496975,0.19426441,3312.996,34.458347,0.47621983,1.0099013,0.17926092,20.021048,205.4204653000629,32.30330351091746,1,0.5658127029891844,True
664481743348692352,130.31777967726438,0.20049123,20.815164849721462,0.12331902,5.401847608103495,0.27464807,19.668251,-37.13208669678773,0.28508165,-13.987323832341684,0.23154935,18.715912,20.696598,17.384882,3.311716,1.9806862,1.3310299,510.85117,,,1.0031335,0.73652405,2.5483117,204.71798642093293,33.06754599459586,1,0.6801527152514943,True
664505898245002496,129.86346430460586,0.2360472,20.73299766559595,0.14345856,5.598322893634294,0.2907036,19.25784,-35.19984641563861,0.26784834,-14.37629617754747,0.18226373,18.833044,20.847761,17.492964,3.3547974,2.014717,1.3400803,363.36118,,,0.9584457,0.47868437,0.8808182,204.64044562419664,32.6398251372912,1,0.3767372225034703,True
664678006173827328,128.82082219434787,0.18059903,20.969641569056343,0.11661183,5.217713061830482,0.2178625,23.94957,-35.796500938868675,0.2287256,-14.266479516378611,0.1489144,18.56045,20.507395,17.22949,3.2779045,1.9469452,1.3309593,629.61475,,,1.0256368,0.44799766,1.2047316,203.98924037948336,31.802049900023572,1,0.47185401275269084,True
664769059480885632,129.80221629642054,0.12956369,21.59911221510882,0.078950115,5.1547457243670864,0.16045962,32.124878,-35.30647886612694,0.17556547,-14.184109851215226,0.105235085,17.999487,19.812405,16.712864,3.0995407,1.8129177,1.286623,684.34424,,,1.0151564,0.0,0.0,203.64650646758088,32.87377427284643,1,0.34481260097673266,True
664922956749165696,130.4304157543378,0.12727119,21.361645412801433,0.06661132,5.187394521950429,0.14545496,35.663235,-36.07425949280458,0.15392154,-14.57966653501043,0.1119324,18.00533,19.84688,16.719883,3.126997,1.8415508,1.2854462,815.70544,,,1.0706607,0.36467123,1.6132443,204.1434696275653,33.34794131225487,1,0.3276580849724566,True
664293387559886464,129.5591074225973,0.025480896,19.789787131806097,0.016759733,5.212063348531818,0.029526532,176.52135,-35.22363271266845,0.027249623,-13.454063001214504,0.021256858,14.026043,14.990613,13.048858,1.9417553,0.96457005,0.97718525,2063.722,34.269604,3.1456394,1.3361266,0.097735986,4.1549926,205.57432941891688,32.04933232320824,1,0.5808649751664664,True
664322421538783104,129.65758187707638,0.0298499,19.989687983753804,0.018046897,5.445897125851683,0.035132036,155.01228,-36.96699139792071,0.03789299,-13.638055874981726,0.026325366,8.114049,8.202514,7.9297013,0.27281237,0.08846474,0.18434763,2913.8064,35.74668,0.6133229,0.98166233,0.18011862,24.626087,205.3905765944492,32.205278896047965,1,0.7069822566795649,True
664325857512593920,129.923772791556,0.027702453,20.02814802933215,0.020116722,5.339347826735232,0.031754248,168.14594,-34.50185511451257,0.031465065,-12.797745500629055,0.025196414,14.953092,16.021042,13.926872,2.0941696,1.0679502,1.0262194,2806.7925,34.961533,11.09966,1.1044132,0.06719671,0.9921217,205.4496136989923,32.4533763283444,1,0.6792830318515914,True
664329946321463168,129.8433513584519,0.047826804,20.081817880286383,0.035285767,5.338421285239193,0.058262542,91.62699,-34.15547206126769,0.05947673,-13.24690185178564,0.045837484,16.07299,17.436157,14.92068,2.5154772,1.3631668,1.1523104,1219.2673,,,1.0671407,0.15479769,1.9145545,205.35917656438147,32.400837138627175,1,0.6601534743157451,True
664407427531262464,129.24938083595504,0.025790075,20.40645391692788,0.014464651,5.4214377953778,0.031496547,172.128,-35.57706747452856,0.030724952,-13.579526778234076,0.018840102,14.238442,15.152647,13.293867,1.8587799,0.9142046,0.9445753,2645.4482,33.20164,3.228097,0.9935462,0.0,0.0,204.77340766098868,31.98825007889427,1,0.9320460473674809,True
664437320503310336,130.27198291857522,0.022371508,20.47341848914591,0.013213917,5.273090040318188,0.025245579,208.87181,-35.99724601651121,0.028494496,-13.41958974208729,0.019237977,14.401893,15.333899,13.445855,1.8880434,0.9320059,0.9560375,2695.2102,38.434395,4.3883805,1.1424754,0.06133645,1.4242282,205.0844993834241,32.91223635521954,1,0.5969020691261923,True
664451609857973376,130.14545196580983,0.14587605,20.60100462214941,0.08961724,5.751927959920193,0.16318819,35.247208,-37.35167502434722,0.16374893,-14.033887159084342,0.11342268,18.034233,20.049593,16.732939,3.3166542,2.0153599,1.3012943,602.6875,,,1.036021,0.2866231,0.7426777,204.89386411576413,32.84378470989542,1,0.3497785650793162,True
664453778817920256,129.96351510233762,0.028454369,20.58047825372572,0.018444372,5.4924030592027755,0.033635005,163.29425,-35.77065017088425,0.034791775,-13.600629124213237,0.022356099,15.087264,16.269127,13.999619,2.2695084,1.1818628,1.0876455,1253.5605,-27.708294,8.658193,1.019977,0.0,0.0,204.8484906507842,32.676535503030934,1,0.7280964246014318,True
664539094048241536,130.36534789479552,0.06293021,21.061299038824753,0.032822866,5.439807111663735,0.08796559,61.840168,-37.2674532394374,0.09097643,-14.092281593287112,0.06804832,16.648813,18.281984,15.414792,2.8671923,1.6331711,1.2340212,851.65,,,1.0754277,0.11118176,0.636629,204.4585576602738,33.19146526369944,1,0.5736395040308465,True
664593309419200000,128.58700865305295,0.14507003,20.528961395763275,0.09124336,5.235235600163444,0.16363421,31.993528,-34.49593117099764,0.15980753,-13.37542719313032,0.11865433,18.19407,19.973291,16.906496,3.0667953,1.7792206,1.2875748,764.36176,,,1.0201652,0.31354827,0.98308563,204.3889274234388,31.446833269590872,1,0.6136268971861568,True
664639454547865472,128.30920986660396,0.10028566,20.60584923004838,0.062418483,5.408379446956782,0.13061853,41.405914,-34.519514779417925,0.12524636,-14.041223365614332,0.086115636,17.746546,19.525105,16.46607,3.0590343,1.7785587,1.2804756,992.821,,,1.0140016,0.120137766,0.2952084,204.20026344243416,31.228674864019137,1,0.674047745090084,True
664642516861165312,128.5202151996,0.04480438,20.67977787582772,0.029322833,5.463899057975227,0.05269811,103.683014,-34.604346915215004,0.053037502,-13.787105232449012,0.036109958,16.10665,17.627129,14.906089,2.7210398,1.5204792,1.2005606,1917.5338,,,1.065655,0.10863452,1.2300959,204.1977582069793,31.439507792310607,1,0.6619516937536699,True
664683130072400384,128.74827111177757,0.018879885,21.096928368834647,0.012401261,5.490877896890874,0.022186676,247.48538,-36.07137497095299,0.02145778,-14.936495206708615,0.016955817,11.012841,11.339876,10.512713,0.82716274,0.32703495,0.5001278,2548.6992,35.474873,0.2942256,0.99633765,0.12297853,24.469517,203.821412089102,31.781102442418497,1,0.37662306720603717,True
664310601788795392,129.50458816759976,0.080175176,19.97855766325493,0.051522408,5.426715001940491,0.094075225,57.68485,-35.12982204946128,0.0973601,-12.740325688248705,0.064111866,16.869097,18.670206,15.600125,3.0700808,1.8011093,1.2689714,1050.627,,,1.049926,0.1773862,1.0533749,205.34441294416055,32.0664663490498,1,0.9887895551107911,True
664316614743007360,129.71245961992716,0.047343057,19.850487844163876,0.028299602,5.620268343958038,0.060415402,93.02708,-36.79031135531623,0.055180945,-13.974898742168364,0.04152981,16.130512,17.689651,14.919412,2.7702398,1.5591393,1.2111006,1776.8015,,,0.97971994,0.0,0.0,205.56602424656032,32.205691913762706,1,0.5181716011825731,True
664363584505245824,129.26825422890744,0.044639427,20.10356192035575,0.028993662,5.402091868986207,0.051053237,105.81291,-34.833933990172625,0.054086454,-13.504960169597537,0.035863735,15.602681,16.69399,14.443296,2.2506943,1.0913095,1.1593847,1137.6738,,,1.3480207,0.19996378,4.8321295,205.11589343787875,31.90108667209469,1,0.689233890945989,True
664367020479085568,129.18740692437433,0.112240806,20.145999511295926,0.073402464,5.293853643135855,0.1281053,41.324238,-34.831979145149575,0.12739034,-13.243139509569897,0.09581649,17.72848,19.533287,16.450668,3.0826187,1.8048077,1.277811,861.153,,,1.029736,0.035228208,0.016987594,205.0382204052312,31.844407632899735,1,0.6310514462620189,True
664385059341602560,129.07251472849214,0.042838994,20.34144598200539,0.021794243,5.48823891007088,0.051797736,105.95519,-34.50627594344463,0.04520058,-13.270706484068157,0.029936558,7.4582815,7.505546,7.3411694,0.16437674,0.047264576,0.11711216,2578.4238,32.376423,1.0927359,1.1467216,0.23958173,38.55937,204.77861979004535,31.810214805749315,1,0.5492256555083347,True
664441615470632064,130.0054268882674,0.15164928,20.372870543639436,0.105343424,5.3229542906691725,0.17486306,30.440702,-34.992569058784774,0.18702197,-12.853656225114364,0.13257553,18.312014,20.120934,17.006851,3.1140823,1.8089199,1.3051624,465.34766,,,0.9180007,0.0,0.0,205.0963052437503,32.64314218502063,1,0.9887895551107911,True
664455118847781760,130.0932196802115,0.018217899,20.640804527499636,0.012131671,5.523035536895915,0.02209326,249.98734,-36.71100400061045,0.021281354,-13.439813170875162,0.0154174315,14.190178,15.099974,13.250424,1.8495493,0.90979576,0.93975353,2487.1125,26.978859,4.33232,1.0115954,0.0,0.0,204.82966463415315,32.81117259997932,1,0.7833317258901951,True
664518856162322304,129.72801220890256,0.1676376,20.787970209722253,0.10847195,5.360473429391708,0.19783649,27.095474,-35.873060747219746,0.18462642,-13.92448591388963,0.13281107,18.27377,20.131268,16.955965,3.1753025,1.8574982,1.3178043,493.9142,,,1.0107797,0.3461607,0.78240216,204.52842775349285,32.539046688759214,1,0.6496619970413425,True
664715836246507520,129.6492977666936,0.46175516,21.072288607345097,0.3154201,5.56482051972481,0.53630996,10.376127,-34.38821005396423,0.53616315,-13.743962125069608,0.3826607,19.904793,21.367529,18.502098,2.8654308,1.4627361,1.4026947,216.71634,,,1.0404816,1.4386182,1.7000012,204.1813909520016,32.56503292854021,1,0.3844525933970438,True
664759580489791872,129.5655905829993,0.022993274,21.385604835116112,0.016120981,5.379694910954799,0.027335461,196.80278,-35.52438435495718,0.027390776,-14.407353801697102,0.019492107,14.78216,15.824203,13.7686615,2.055541,1.0420427,1.0134983,2498.1316,38.255444,3.0825944,0.9723737,0.0,0.0,203.79992172753433,32.59555276415865,1,0.6145761501350869,True
662811653905586176,128.32325281529782,0.014122547,19.430633792831543,0.009430322,5.377738635196953,0.015841655,339.46823,-34.23860922968453,0.016334595,-12.899675064069108,0.011601205,13.348411,14.041425,12.545275,1.49615,0.69301414,0.8031359,3104.5198,35.081387,1.5315386,0.9333692,0.0,0.0,205.49181220266303,30.833059387351316,1,0.7214433396085617,True
664922102051593472,130.39922524054538,0.08029453,21.293561170721027,0.04269524,5.7201768975955,0.104290895,54.848286,-37.51074103993928,0.104167365,-14.725059772859058,0.0742316,17.31911,18.987011,16.056095,2.9309158,1.6679001,1.2630157,1086.7231,,,0.99324685,0.0,0.0,204.20896641593137,33.29809710037458,1,0.3249001137661742,True
664922411288014080,130.38857411840158,0.29928723,21.321907605051475,0.16536485,5.197802812089844,0.35302308,14.723691,-34.49475102509108,0.36215627,-13.80425468922732,0.25788158,19.365585,21.035765,18.015951,3.0198135,1.6701794,1.3496342,385.88684,,,1.0773673,1.0841222,2.5290883,204.1730341890934,33.29806481467247,1,0.4155430441761131,True
665490339108666368,127.87428968922882,0.345399,21.444048441242032,0.23062426,5.2097114659237125,0.46090835,11.30314,-35.97180720081425,0.42464244,-13.880768389064222,0.29659054,19.373817,20.99392,18.033955,2.9599648,1.6201019,1.3398628,327.3068,,,1.1233231,1.5255775,4.865265,203.11776874638696,31.130310479743205,1,0.41616762264609075,True
661246022364851072,130.23439312909014,0.025488634,19.580279849536424,0.013585109,5.452030494514453,0.029891325,182.39508,-35.63581811263532,0.028575793,-13.807738346533355,0.01918202,6.743771,6.817877,6.5779777,0.23989916,0.07410574,0.16579342,3605.8083,35.970585,0.39100298,0.93672234,0.17220433,31.236208,206.06771195306104,32.57305578696034,1,0.8777959494177224,True
661265229458645120,129.88213490680172,0.065812185,19.404825686006387,0.039649196,5.370187065512385,0.08203536,65.46185,-34.95135390037345,0.076963186,-12.372133495785508,0.056520626,16.5115,18.045,15.3061695,2.7388306,1.5335007,1.2053299,858.3596,,,1.018451,0.12107418,0.7409445,206.12551998314723,32.20067089714769,1,0.8283133831131687,True
661270486498500352,129.9017236590819,0.023090567,19.485460838988978,0.013728971,5.409887366076698,0.029826581,181.37805,-35.53518832869521,0.029358894,-13.661964496525794,0.019744981,14.428582,15.373278,13.465227,1.9080505,0.9446955,0.96335506,3236.7266,21.016804,5.527921,1.0438462,0.0,0.0,206.0438220630115,32.24612875427314,1,0.9133728940059623,True
661288628440350080,129.77528360460042,0.02403231,19.676756881213873,0.013598871,5.300880621877432,0.031057296,170.68068,-35.37339778864664,0.029851902,-13.035400985478631,0.019847374,7.3830824,7.5041075,7.1392407,0.36486673,0.121025085,0.24384165,3530.817,,,0.8289123,0.103439525,7.0023394,205.7828331907392,32.20099030856648,1,0.7601417684219125,True
661295672186702336,130.04811888256984,0.04065612,19.653216153876183,0.03029407,5.245999499926786,0.05094173,102.98039,-35.27730808405259,0.05218573,-13.218000843694009,0.0385707,15.909716,17.541637,14.67869,2.8629475,1.6319218,1.2310257,1250.8907,,,1.0235559,0.0,0.0,205.91442582834463,32.43379056912253,1,0.6351858560512641,True
661300993647979776,130.23604719215413,0.0139814755,19.73472008766892,0.0079183355,5.304798177155926,0.015666086,338.61667,-35.39150794865745,0.016242044,-11.996459120684708,0.01091528,11.970447,12.402983,11.376409,1.0265741,0.43253613,0.594038,2670.9524,34.290012,0.6531869,0.9183293,0.070706554,6.731542,205.89637254209097,32.6280003248732,1,0.625366339483479,True
661303471847393664,130.163973790632,0.16078347,19.715030714394658,0.10082392,5.524581416016811,0.17731434,31.156992,-36.282341416704725,0.18753637,-12.128088900663538,0.12897532,18.271326,,,,,,468.35092,,,1.0965933,0.6007507,2.7233803,205.89046215751543,32.55753230818282,1,0.7431112978376164,True
661311752544249088,130.00243373349105,0.02019518,19.806498992839305,0.013201014,5.427925886976582,0.024722448,219.55457,-35.841103186399394,0.023688076,-12.208603860379291,0.016580718,10.165247,10.423574,9.754804,0.6687708,0.25832748,0.4104433,1835.1636,34.52244,0.64652425,1.0943191,0.10054307,10.547672,205.7263893426949,32.446486064102025,1,0.9727069148195103,True
661319620924311296,130.21594129335583,0.041955635,19.941671240573648,0.025099602,5.412026565536228,0.047637526,113.608475,-36.492009815479776,0.049761094,-13.617270826879436,0.032921128,15.951167,17.28395,14.808514,2.4754372,1.3327837,1.1426535,1382.867,,,1.0703454,0.10693042,1.1559974,205.6578798532072,32.68154971859839,1,0.8334707762142739,True
661401122222444288,130.35751078400327,0.01698938,19.943513385163197,0.008299366,5.36952400178561,0.01907521,281.49225,-35.54739665380464,0.021835022,-12.495077171731136,0.013808184,10.579792,10.874394,10.12277,0.7516241,0.2946024,0.4570217,2837.4717,34.579754,0.23572972,0.99535125,0.091329,10.46971,205.71015389155585,32.80717067816975,1,0.9764653719184401,True
661422837576998784,130.46644679390428,0.025370196,20.16693162419858,0.010706619,5.391887906804149,0.026675472,202.12904,-36.30997474807312,0.031441264,-12.315671887280132,0.018982071,11.817413,12.239061,11.23056,1.008501,0.42164803,0.586853,1565.0455,35.130787,0.4726668,1.2655534,0.15438391,34.831,205.5017990133412,32.979736967663605,1,0.7912015411443123,True
661459774295767936,130.90334359982657,0.043987393,20.540055607584804,0.019849768,5.221473604915508,0.04923307,106.05622,-36.062505120116946,0.051538114,-13.735022858210652,0.03851248,16.327873,17.85561,15.125347,2.7302628,1.5277367,1.2025261,1753.3557,,,1.0201722,0.0,0.0,205.24772360914335,33.491446324392605,1,0.4554308843919125,True
662227022957355520,127.52483649778544,0.18041116,18.27946977244749,0.116367176,5.24487306269498,0.22009535,23.830004,-33.8977232189749,0.20664078,-11.25247945929372,0.15050772,18.394169,20.2935,17.077911,3.2155895,1.899332,1.3162575,547.1005,,,1.016238,0.5202641,1.8771641,206.42249753308704,29.71500172558459,1,0.37494666684484396,True
662796814795084160,129.12992667096032,0.0597695,19.59254871780587,0.04404041,5.358554842555556,0.07287744,73.52831,-35.43459206587183,0.07021693,-12.4475785044,0.053059753,16.807508,18.37097,15.587606,2.7833633,1.5634613,1.219902,1379.4966,,,0.9512658,0.0,0.0,205.62652177421188,31.60187337474912,1,1.0,True
663063068408290944,128.39126864527657,0.046614848,20.07371387173827,0.028802054,5.27812881167754,0.053623,98.43032,-34.34576323842584,0.056899555,-13.6597419284371,0.038154602,16.155617,17.57202,14.987048,2.5849714,1.4164028,1.1685686,1416.4592,,,1.0225506,0.0,0.0,204.8151669946624,31.117806736048863,1,0.5366583051142098,True
664305104230586240,129.11285200948245,0.024818065,19.865122305461306,0.0149212275,5.410372043190329,0.028651984,188.83063,-35.3832076415038,0.027959635,-14.127966239378594,0.019480957,14.564816,15.73361,13.491456,2.2421541,1.1687937,1.0733604,2776.2332,35.36943,3.6420896,1.0832361,0.0,0.0,205.31979763604764,31.681666432888463,1,0.6743427999961189,True
664327438061177344,129.97926069030385,0.017194089,20.06496967775872,0.01279765,5.366873706132506,0.020006875,268.25146,-36.25951229250904,0.019677721,-12.682310321314796,0.015247227,9.994544,10.23674,9.601538,0.6352024,0.24219608,0.39300632,3539.9854,34.438183,0.26903465,0.7752136,0.11940592,14.675337,205.42981394336263,32.514971898558926,1,0.8365133187912442,True
664387808120781440,129.3424440526408,0.019230744,20.17695170685676,0.013311204,5.2831184052118205,0.023142321,228.28818,-35.25285651259832,0.023352267,-13.30232309279604,0.016309585,11.253187,11.601088,10.746064,0.8550234,0.3479004,0.507123,1333.3062,36.317375,0.50748163,0.8296148,0.10581942,12.296934,205.06288386596032,31.9917197797363,1,0.6697356692771497,True
664403506224429184,129.50548192868104,0.14927281,20.5414642508361,0.10893438,5.536461822226508,0.19919808,27.793749,-36.490532477196275,0.1870513,-13.326004002724206,0.13277258,18.16506,20.221825,16.83385,3.3879738,2.0567646,1.3312092,683.19476,,,1.0581293,0.5484537,2.443217,204.71990647722023,32.259797560030805,1,0.8104963109501916,True
664459031561436544,130.42511341699503,0.1310189,20.568858527518056,0.06300881,5.438041055461933,0.15309712,35.520203,-36.73309138526925,0.17346859,-12.87972341058654,0.11681752,17.912872,19.774748,16.614414,3.1603336,1.8618755,1.2984581,805.8349,,,1.0584561,0.36966857,1.6937723,205.03508629277505,33.07944467410913,1,0.8062579574334955,True
664497209527231872,129.69193929856917,0.012944518,20.57671445699999,0.009074182,5.363167163798387,0.015363152,349.0929,-35.54971250830077,0.015366532,-13.445145550322325,0.010959133,12.168027,12.629104,11.550658,1.0784454,0.46107674,0.6173687,2060.135,34.48441,0.7722113,0.939541,0.05284814,3.1034253,204.75068789696985,32.43599406398543,1,0.7785316556439558,True
664293387559886592,129.55787467191536,0.03557846,19.78966556255444,0.024633007,5.441360525277384,0.04377576,124.300766,-34.56135362092111,0.041926835,-14.42251385577902,0.030696,15.141225,16.274857,14.069112,2.2057447,1.1336317,1.072113,1634.5492,35.936523,5.443221,1.1612933,0.124116346,2.8033407,205.57398981177408,32.04820210338285,1,0.49393630338952693,True
664340426041558272,129.5517512804151,0.13652542,20.133983919437576,0.086485334,5.446645293919243,0.17242932,31.587698,-34.907467429926825,0.18300916,-12.35232340978112,0.11676808,18.076519,19.903023,16.774597,3.1284256,1.8265038,1.3019218,584.49084,,,0.99929124,0.0,2.4691203e-15,205.1900983230055,32.161528124191236,1,0.7521039495579326,True
664354994570694400,129.0356312190195,0.10846277,19.95699045839632,0.07104412,5.310837275155385,0.12071827,43.993652,-35.93362345260472,0.12803304,-13.40886657322735,0.08955796,17.289604,19.18355,15.981726,3.2018242,1.8939457,1.3078785,707.75275,,,1.125481,0.36778218,2.759195,205.18899667635685,31.64538019563782,1,0.6659876845160965,True
664380695654828416,129.1755516952827,0.09489451,20.27298436058931,0.059763834,5.497833905657148,0.11501914,47.799294,-36.594324353347474,0.11609578,-13.354432455280184,0.078585394,17.478037,19.217525,16.221731,2.9957943,1.7394886,1.2563057,815.7571,,,0.9590128,0.0,0.0,204.89329880438495,31.877553552532845,1,0.8785181338888631,True
664403991557398784,129.56223520281122,0.026380891,20.567758963921634,0.018172465,5.387575434249819,0.032066654,168.01176,-35.06662432952215,0.03190217,-14.058534953393169,0.022867173,11.246682,11.609264,10.726621,0.8826437,0.3625822,0.5200615,1313.735,36.71808,0.42950547,1.335041,0.18147796,38.302887,204.7119623354212,32.318705939642605,1,0.6448939826050534,True
664429005446645376,130.15768902165536,0.01977793,20.33824129672534,0.012639288,5.367459292475292,0.022814192,235.26843,-35.796284161822285,0.023964288,-13.11767261971575,0.016073423,14.372905,15.306706,13.41542,1.8912868,0.93380165,0.9574852,3978.5486,37.402924,3.6924245,0.96040446,0.0,0.0,205.1926496605389,32.76563836886761,1,0.8999608457049293,True
664508616960346752,129.8421389661424,0.09942604,20.799484280553056,0.06225973,5.162071966536414,0.11395929,45.29751,-34.75183425692806,0.11062524,-13.807465140833948,0.07539098,17.379652,19.106516,16.102955,3.003561,1.7268639,1.2766972,980.293,,,1.0277646,0.22251183,1.0063926,204.5581236466877,32.64340180779288,1,0.3817747733757311,True
664537032463944960,130.31004798837,0.119847946,20.996154443063578,0.061822437,5.312429124510618,0.15397973,34.500835,-35.68084176374063,0.15119849,-13.249471825674595,0.10870758,17.714586,19.453737,16.445469,3.0082684,1.739151,1.2691174,872.9767,,,0.9921679,0.0,0.0,204.51145499836517,33.12113037496091,1,0.7648464583868332,True
664909835625851392,131.22426802110374,0.050241694,21.61843679454088,0.024104211,5.641156553280708,0.06642402,84.92646,-38.82604309153542,0.06764447,-14.591267621381306,0.046817187,15.479057,16.720182,14.360661,2.3595219,1.2411251,1.1183968,1611.7251,31.367031,6.9720755,1.0172217,0.29755798,17.42659,204.14145011263585,34.12996558122597,1,0.32123812705201465,True
664914164952043008,131.1356420772674,0.05083675,21.68301353652532,0.021655295,5.304433261797709,0.06347809,83.56321,-37.103283991017385,0.05987994,-14.32264941070989,0.043067597,16.18938,17.703165,14.985874,2.7172909,1.5137844,1.2035065,784.8953,,,0.97249633,0.0,0.0,204.0354604937348,34.07293083653803,1,0.41298026838388063,True
664513049366544256,129.5992554295025,0.020169156,20.72794966530677,0.012353167,5.333773541288619,0.022183022,240.44395,-35.78062994162313,0.023537152,-13.246329756393326,0.016228797,14.241891,15.155042,13.296468,1.8585739,0.9131508,0.9454231,3011.8022,33.18439,2.909635,1.0330329,0.0,0.0,204.547349635996,32.4054672443538,1,0.7559802812790263,True
664516000007445632,129.45485880828332,0.23542096,20.78516973773091,0.17270882,5.732130878017663,0.2936319,19.521484,-37.43774394463894,0.29124105,-14.190613967965929,0.21787302,18.837168,20.855011,17.500343,3.3546677,2.0178432,1.3368244,409.77133,,,1.0336746,0.9073894,2.8489542,204.42969210995568,32.29764131615474,1,0.38826498455469804,True
664876747197002112,130.6913374126618,0.016209174,21.271118361248213,0.007500238,5.402768263101351,0.018872458,286.27792,-36.54233940999366,0.020621968,-13.318359043992857,0.013815249,13.813163,14.62827,12.919028,1.7092419,0.81510735,0.8941345,1332.1683,31.740273,5.092322,1.0315031,0.0,0.0,204.3417318536289,33.54772256964197,1,0.9124389994716404,True
664923064123308672,130.6084575375965,0.07901262,21.23078429170602,0.06357317,5.645423853149972,0.09155939,61.658604,-36.388019521298645,0.100807205,-13.975055242963426,0.07411276,16.636402,,,,,,434.05255,,,1.0693914,0.46615574,9.870005,204.35690082929543,33.46150471960824,1,0.43408955630080553,True
663981126257232768,127.36637592857568,0.03011058,21.1439241807227,0.020205926,5.245639307090017,0.035841934,146.3548,-33.973488466974985,0.035647415,-14.176443353515952,0.024485745,15.070245,16.183403,14.022675,2.1607285,1.1131582,1.0475702,2436.7378,41.7348,5.610995,1.1142317,0.07949271,1.3131862,203.2610078544515,30.58358554220477,1,0.3726675470399836,True
664320497393421952,129.81036568416374,0.026374757,20.021925664837376,0.01857895,5.428314771416809,0.03223642,168.39076,-36.40285615899853,0.034603193,-13.487761564489126,0.029125866,15.05092,16.171892,13.992845,2.1790476,1.1209726,1.058075,1543.8162,30.052149,7.7602625,1.0366408,0.0,0.0,205.413185109676,32.35117154703751,1,0.8785181338888631,True
664510949126187136,129.51909214092075,0.07714715,20.659720019657858,0.05090667,5.5484096406649295,0.093585074,59.287334,-35.41030180040849,0.09302473,-13.96535680238938,0.065233186,16.958553,18.59062,15.723049,2.8675709,1.6320667,1.2355042,809.6315,,,0.928931,0.0,0.0,204.59339758944137,32.31184044888366,1,0.4803414981088089,True
664516107383262208,129.4574839047116,0.120862395,20.7945943846041,0.087862134,5.294754862906698,0.15604319,33.931343,-36.134197877770426,0.15257506,-14.244450920737806,0.11197005,17.897324,19.797922,16.59078,3.2071419,1.9005985,1.3065434,565.4446,,,0.93486834,0.35279378,1.3887728,204.4201728916057,32.30312817597159,1,0.46982118650006427,True
664742946079427712,129.64832540275953,0.1791709,21.177212842455457,0.11203816,5.36219890864308,0.20464237,26.20278,-35.28882387616412,0.19891107,-14.469738690577865,0.13578875,18.532223,20.54868,17.210531,3.338148,2.0164566,1.3216915,503.5769,,,1.0090445,0.11049985,0.064692006,204.06362727083385,32.599140130873344,1,0.6215667579348322,True
664845308036464256,130.72092219552022,0.018027637,20.819176382854263,0.00785923,5.4555664701909725,0.020575615,265.1472,-37.42050341541639,0.021764794,-14.063904575178526,0.015239957,8.77069,8.923352,8.487356,0.43599606,0.15266228,0.28333378,5531.4263,33.04872,0.44124243,0.9026179,0.09246474,12.834123,204.86398644387003,33.42406240587059,1,0.5815231100482775,True
664916570133718272,130.51350767216675,0.13670315,21.172575343054724,0.07106217,5.429402709782422,0.16297328,33.31468,-36.309127627395966,0.16914907,-13.235002882056785,0.12377833,18.12212,20.08352,16.830679,3.252842,1.961401,1.291441,712.5591,,,1.0898566,0.41692737,1.884016,204.38772675242217,33.358730836885165,1,0.8113186451729076,True
666002578385539840,129.25139726054613,0.015083071,22.546331460036313,0.009418591,5.413083623336783,0.016926263,319.80383,-35.703604254720645,0.01736054,-14.531584423479869,0.013124559,12.438365,12.9458,11.780321,1.1654787,0.50743484,0.65804386,4070.5085,33.594986,0.6067179,0.9519966,0.051521737,3.4510875,202.38383115580655,32.69788220040428,1,0.5521441053350175,True
609835229470198144,132.72367255388357,0.013953353,15.38425223450662,0.007046597,5.415386325651035,0.016547218,327.26868,-38.08438047058594,0.017427996,-13.298821326219551,0.011364542,10.461052,10.771523,9.9850235,0.7865,0.31047153,0.47602844,7500.6772,24.434017,0.24934211,0.9432255,0.07540111,8.509187,211.75439030553903,33.24737934121901,1,0.3958479188707643,True
685979429054822016,132.79356139752304,0.2763267,21.78484538436398,0.14167286,5.766653567135466,0.3018057,19.107172,-39.15597735402474,0.3800509,-13.428922820305672,0.30117705,19.14235,21.06708,17.774996,3.2920837,1.9247303,1.3673534,404.25235,,,0.9149659,0.4554963,0.58103085,204.51955993215128,35.564311062314054,1,0.30818634092049535,True
658628905514597376,131.04967788916198,0.016469914,17.902133857081196,0.0075874403,5.31650205198934,0.019197967,276.93048,-35.775659645124264,0.01956483,-11.39931433571357,0.014075437,9.819591,10.052826,9.432242,0.62058353,0.23323536,0.38734818,6262.107,34.179264,0.3360836,1.0765786,0.09788358,14.85259,208.2561206944034,32.699988777554715,1,0.651583972819074,True
659364448730632448,130.25720848830318,0.09829189,17.81426851122608,0.05622877,5.102149144866173,0.1147484,44.463795,-35.14933503795577,0.11413632,-11.404158227006343,0.088979274,17.527008,19.26234,16.27962,2.9827213,1.7353325,1.2473888,1072.6167,,,1.0821552,0.37125108,2.742791,208.0289321369292,31.96526515519056,1,0.30897285317443524,True
659550884671134336,128.94659363229448,0.06709147,18.141584220630204,0.04881913,5.4722602320303775,0.07608798,71.920166,-36.85837493515656,0.07445653,-12.385547132351114,0.055003546,16.525005,18.078415,15.295356,2.7830591,1.5534096,1.2296495,471.48428,,,1.1773494,0.26197395,3.176064,207.14033874236884,30.922905732472692,1,0.6403353684188906,True
659561604909477632,129.09743818527716,0.028432988,18.40578964248189,0.018264776,5.279177539194327,0.03356264,157.29326,-34.46869428228296,0.031914335,-11.872407000766284,0.023732591,15.156292,16.288668,14.102225,2.1864424,1.1323757,1.0540667,2149.4263,37.76758,5.2972574,1.0169986,0.0,0.0,206.9133386013208,31.152014955186345,1,0.6190782403002235,True
659742367196651392,129.38410920094157,0.03737073,18.883925463190145,0.026415534,5.319872697713145,0.04511184,117.926315,-34.19913430785426,0.04644972,-12.648659041921125,0.03122209,15.454876,16.68656,14.357552,2.329008,1.2316837,1.0973244,1667.0345,46.09068,6.5393143,1.012157,0.070768304,0.69546455,206.50433046211677,31.57678034738851,1,0.6981968499529614,True
660298621296880256,131.92399653650926,0.051151782,18.94125340216846,0.028023716,5.468461668341258,0.05693299,96.05084,-38.79703293505938,0.06164402,-12.814209119418514,0.046667304,16.33651,17.866945,15.119685,2.74726,1.5304356,1.2168245,1206.2887,,,1.1639647,0.22647843,4.06854,207.44821043491368,33.84524735598984,1,0.3265491587602126,True
660302538307005312,131.77167982015231,0.1728115,19.036023539420604,0.08142929,5.225513698902182,0.19813414,26.373615,-36.96414290130062,0.22803727,-11.697437367145543,0.14700559,18.479053,20.399586,17.151787,3.247799,1.9205322,1.3272667,636.68744,,,1.0351962,0.21678603,0.3228176,207.28073188222172,33.74349240303708,1,0.3716671424868774,True
660317068180478336,132.49723155494135,0.05656243,19.16688666831672,0.03201975,5.310222309810746,0.06916936,76.77131,-37.0404661931912,0.073390186,-12.07229916937252,0.054190863,16.84558,18.554712,15.599005,2.9557076,1.7091331,1.2465744,1240.0616,,,0.9788137,0.0,0.0,207.42095511647912,34.43174397568612,1,0.5840736666728497,True
660950593036567296,131.33755057078673,0.18136872,18.825694190925827,0.08216174,5.649636637345139,0.23320438,24.226118,-37.62401941490525,0.23873185,-12.305358899806004,0.15701911,18.395987,20.253073,17.108719,3.1443539,1.8570862,1.2872677,640.4128,,,1.0260016,0.2214251,0.38357636,207.34404768307667,33.285144500647775,1,0.388569877810334,True
660981349298550272,130.3985437308422,0.051099073,18.74299626142348,0.022477932,5.390217030998223,0.069077715,78.0312,-36.278669481798296,0.07278589,-11.944347017691022,0.054273132,15.955235,17.365757,14.786623,2.579134,1.4105225,1.1686115,1270.6888,,,1.0484705,0.10399037,1.0991521,207.06182753562567,32.4243650695395,1,0.8552062577622017,True
661017216569202432,130.8159386450233,0.078349106,19.109137287318912,0.033611402,5.18247370067193,0.08802853,58.87266,-36.16622253144149,0.093765065,-12.729491041354098,0.06302768,17.237532,18.945919,15.992115,2.953804,1.7083874,1.2454166,1191.6376,,,1.0119792,0.09233719,0.31564265,206.82027410869657,32.92296965497252,1,0.4663530908264331,True
661079652509975936,131.8306371496051,0.06865271,19.214404467544263,0.037532307,5.554425817136493,0.075397335,73.668724,-37.72324994101439,0.08174728,-11.766879909380783,0.061205316,17.080803,18.76598,15.819705,2.9462748,1.6851768,1.2610979,741.63684,,,0.9584676,0.0,0.0,207.10290658340807,33.85789073939085,1,0.46254996688005795,True
661179158312129024,131.59935198275886,0.053504158,19.967786507347387,0.027527735,5.3251300268979715,0.058389746,91.199745,-37.154723948455874,0.068422474,-13.29524609289144,0.052842166,16.39047,17.910862,15.181045,2.7298174,1.5203915,1.2094259,954.0371,,,0.96977615,0.0,0.0,206.16048045362888,33.91245689446899,1,0.5274869659616758,True
661239390935360512,130.2800171497586,0.013853763,19.446861707718575,0.0072169737,5.51018254205024,0.018202841,302.71002,-38.01966977200048,0.01885464,-12.074203057123215,0.01126734,12.170433,12.638067,11.545835,1.0922327,0.4676342,0.6245985,3549.2764,35.69028,0.6720754,0.9614813,0.058226533,4.5579534,206.23389263573696,32.56699093564664,1,0.5052245833329788,True
661259040408504064,129.8153709353128,0.15756601,19.333992596762094,0.10340692,5.535455592394356,0.18802677,29.43972,-34.64266453944191,0.17821425,-12.52150623870912,0.13970514,18.26104,20.049427,16.952328,3.0970993,1.7883873,1.308712,588.1654,,,0.99618715,0.192932,0.2689644,206.177868256992,32.11688263716328,1,0.40557464460952214,True
661260212933886464,129.71238077868193,0.12949644,19.30913644862786,0.08330589,5.439219468547732,0.15166913,35.8624,-35.726403917536416,0.14335564,-12.846544230392816,0.10249433,17.89679,,,,,,471.88513,,,0.9781863,0.3839807,1.7685579,206.16513655304976,32.01714699520452,1,1.0,True
661268940310277888,129.85390844632494,0.0205033,19.459287719606724,0.012176811,5.3890364338391805,0.028133871,191.54976,-35.01254366746589,0.02649862,-12.781415134378763,0.018115424,10.330844,10.630808,9.86649,0.7643175,0.29996395,0.46435356,2322.1353,32.240353,6.187296,0.97615886,0.10541076,12.12491,206.05422701644665,32.19474997577783,1,0.9887895551107911,True
661269043386545536,129.86892844592822,0.021760445,19.473594513562976,0.013306789,5.4193228558734745,0.028739156,188.56932,-35.755698562002465,0.027282815,-12.47731493810403,0.018016871,11.37276,11.831926,10.759586,1.07234,0.45916653,0.6131735,2002.0309,35.58327,2.9603837,0.977609,0.13191935,20.8617,206.04422173997804,32.213013494178234,1,0.9727069148195103,True
661278767195471360,129.47854139696375,0.07966027,19.485970131324056,0.043297395,5.385875331216452,0.08866064,60.747086,-35.2339639762643,0.08276574,-12.351150781281714,0.055066254,16.681013,18.273724,15.461262,2.8124619,1.5927105,1.2197514,879.13916,,,1.0392988,0.067369275,0.17225538,205.87892089493397,31.872463306166875,1,1.0,True
661290758744228224,130.07523317524996,0.026240671,19.53193603950714,0.019056825,5.410258093181366,0.030780256,175.7704,-36.250804768067944,0.031061633,-12.118188328434927,0.02313894,7.51539,7.576736,7.378975,0.19776106,0.061346054,0.136415,2862.5107,33.128746,0.23324512,0.89385337,0.16928194,18.086523,206.0596727487391,32.41562406432141,1,0.9301935183153911,True
661313367453547904,129.77115070811422,0.08875716,19.757297960112172,0.058256775,5.352428111742943,0.11968196,44.722095,-37.01336349142027,0.117340624,-12.67201649157008,0.08258979,17.064358,18.716148,15.820868,2.8952808,1.6517906,1.2434902,801.1275,,,1.0041564,0.4277122,5.6061935,205.6919491767379,32.22526507146929,1,0.6537805089040738,True
661313569312788096,129.7788232049725,0.1630045,19.7855175503413,0.115078285,5.340546129880075,0.2171972,24.588467,-34.99211673783128,0.21548168,-12.015953803137744,0.14811222,18.489721,20.450928,17.166388,3.2845402,1.9612064,1.3233337,385.6202,,,0.95378083,0.0,0.0,205.66360557781223,32.24180776916863,1,0.6936445452173591,True
661317250102374528,130.13186156025472,0.018243004,19.850226601844778,0.011295317,5.418012762356368,0.020465555,264.73813,-34.85522313131463,0.021853132,-12.301051320429094,0.0143762,11.427479,11.80335,10.892189,0.9111614,0.37587166,0.53528976,1688.7891,34.961674,0.38708574,1.0186185,0.1248035,20.7358,205.72752827076584,32.57585113720853,1,0.7605887399687861,True
661319552204833024,130.23705952593772,0.019792458,19.934796232239023,0.0110569075,5.405469813822776,0.021550376,250.8295,-35.793764522902265,0.022705387,-13.137845381527685,0.015493811,8.654234,8.7974825,8.390786,0.40669632,0.14324856,0.26344776,4468.459,35.18615,0.3935867,0.88735795,0.10026561,9.932114,205.67365558709977,32.69783179831301,1,0.9690936836777794,True
661322060465742336,130.04755306468903,0.0363008,19.971074389320258,0.02494077,5.378440904619187,0.04169239,129.00294,-35.154365209678474,0.042232867,-13.462606199818818,0.03188663,6.5987887,6.592861,6.5722966,0.020564556,-0.0059275627,0.026492119,3448.6663,33.193996,0.15139236,0.9875936,0.27317953,68.62856,205.56053748489344,32.54301105233439,1,0.7575101013937962,True
661325393360354688,130.0631680411406,0.065210715,20.087152329300128,0.04517459,5.525359351104553,0.08079709,68.38562,-36.0201383899316,0.0784099,-13.362356363318398,0.057332467,16.74929,18.566378,15.463206,3.1031713,1.8170872,1.2860842,1217.1233,,,1.0780414,0.25717792,2.9008307,205.43712778323535,32.5966108500889,1,0.6725613867498562,True
661353224747228544,130.71767943361036,0.049497653,19.862701529671103,0.023608845,5.442199621075023,0.058040634,93.76534,-37.18566666681237,0.066819504,-11.046057104435,0.06383502,15.8287115,17.255033,14.654721,2.6003122,1.426322,1.1739902,1756.0426,,,1.2756537,0.23522736,7.740932,205.93913137179896,33.09751602938004,1,0.38025286338178726,True
661402084295115904,130.3582623861719,0.07635398,19.987460243395883,0.033599176,5.393842431287994,0.08012407,67.31863,-37.12834387863997,0.08387573,-13.425928670112349,0.054565094,16.831366,18.426643,15.603331,2.8233128,1.5952778,1.228035,850.7287,,,1.0167531,0.09296674,0.3631584,205.66132315293487,32.822908003223,1,0.6518439047624688,True
661412495295816960,130.58987771731606,0.022216283,20.181591600009614,0.009500346,5.433185374510541,0.027021062,201.07225,-37.71423843453134,0.028141716,-14.338563545333766,0.019276708,9.132437,9.320239,8.800689,0.5195503,0.18780231,0.331748,7195.1265,,,1.1312207,0.13564625,25.58387,205.53242010490783,33.093662691648724,1,0.5228401849972318,True
662849209099669120,128.83041954916692,0.08773408,19.76139116438489,0.06560679,4.9862137469853876,0.12727603,39.176376,-34.85821418276966,0.11253862,-12.51288558080125,0.07020747,17.279615,18.9963,16.03195,2.9643497,1.7166843,1.2476654,917.2022,,,0.97771794,0.0,0.0,205.3255631682692,31.396465755080673,1,0.35825186161991207,True
663074334105710336,128.18410536150378,0.46406987,20.17136293356206,0.3164402,5.390196916774016,0.49544957,10.879405,-34.2213892767931,0.60614824,-12.867656307143854,0.49821785,19.845118,21.246046,18.456553,2.7894936,1.4009285,1.3885651,307.74554,,,1.1270773,1.7987812,3.8664114,204.6296285405974,30.969137006771476,1,0.7050648527847108,True
664281494793527936,129.41944515706314,0.028466746,19.51836241643015,0.01803572,5.321969618575997,0.03395515,156.73528,-35.13959812863525,0.03292313,-12.634138047875968,0.022027647,8.210679,8.316782,7.9965906,0.32019138,0.10610294,0.21408844,2605.7495,36.03319,0.8365387,1.0443766,0.17847426,21.920168,205.82027229334935,31.831589452653116,1,0.8899228730479907,True
664328915529295232,130.00523332516343,0.013489911,20.13557012524279,0.009373338,5.417711230718467,0.015742246,344.1511,-35.78477663983209,0.015185955,-13.823968487366637,0.011356285,9.571775,9.786208,9.205545,0.5806627,0.21443272,0.36623,7290.9893,35.816986,0.41278455,0.7806612,0.05865746,3.9857547,205.3610412976676,32.562067023256326,1,0.9690936836777794,True
664409175581692288,129.1740777850248,0.01932313,20.41103935777181,0.010820941,5.275959360580877,0.020112492,262.3225,-34.36102684802846,0.022602603,-13.078512610500155,0.015384116,12.587242,13.10623,11.919379,1.1868505,0.51898766,0.6678629,1591.2496,36.083435,0.7796972,1.0071468,0.050960355,2.586427,204.73993570265452,31.923477449279854,1,0.6689208215096585,True
664422683254834304,130.13251110449846,0.018464008,20.20161082148135,0.0129099535,5.544484041660666,0.02161057,256.56354,-36.09777213227599,0.021399377,-13.734813521419213,0.016333167,11.339547,11.707273,10.812229,0.8950434,0.36772537,0.527318,1565.0044,35.135334,0.45237383,1.0484458,0.14304172,27.82268,205.3358079864991,32.69691382920255,1,0.6020803848543949,True
664431204469943808,130.3367863441263,0.03769079,20.34650123134202,0.020169009,5.182015642435832,0.043163106,120.056595,-34.89811054255398,0.0450099,-13.552461083971194,0.032259703,15.728292,16.993118,14.610549,2.3825693,1.2648258,1.1177435,2187.9802,,,1.0127223,0.0,0.0,205.25126194469203,32.9263961479734,1,0.45823630731211296,True
664520294975172608,129.7356374326991,0.080315806,20.857663949687694,0.056333292,5.213863825359374,0.09447534,55.18757,-35.88681183182965,0.09548627,-14.00723825730494,0.06708441,17.250977,19.15188,15.956393,3.195487,1.9009037,1.2945833,743.03015,,,1.0508832,0.16651109,0.66438353,204.45339067615092,32.56917582829097,1,0.43376581819886373,True
664708865516013952,129.25588763666522,0.15658066,20.896622608995106,0.109930575,5.519801660935713,0.20635393,26.749195,-34.96799368299996,0.18374653,-13.6896891720434,0.13118786,18.267986,20.281742,16.963041,3.3187008,2.0137558,1.304945,507.1467,,,0.9495284,0.0,0.0,204.2316045184444,32.160085954798305,1,0.587947087475185,True
665141141087298688,130.22500666814034,0.17453393,21.75662922514568,0.10735551,5.52174865721604,0.20107454,27.4612,-37.85213898114152,0.21605058,-14.81543859380506,0.14873481,18.492636,19.875578,17.058323,2.817255,1.3829422,1.4343128,514.0191,,,0.9864883,0.7030698,2.9058738,203.62199752580497,33.296564030339916,1,0.3883848990243267,True
665417157162598144,128.09763610499456,0.013428327,20.995744288631585,0.00922533,5.468223232314791,0.01783199,306.65244,-35.213086881667834,0.016381836,-14.321696033189614,0.011632353,12.555542,13.083514,11.878293,1.2052212,0.5279722,0.67724895,3403.5264,36.340633,1.7446833,0.9945392,0.044540912,2.3633218,203.69295482252605,31.175325440662657,1,0.5658841165403323,True
665458595007014912,128.44553115201748,0.019050598,21.440942550061983,0.012805344,5.444199888112784,0.020418188,266.63483,-34.58725820686801,0.02193504,-14.18944021359389,0.017027711,14.033426,14.906759,13.111095,1.7956638,0.873333,0.92233086,4134.5806,35.0139,2.1460392,1.008153,0.0,0.0,203.32938469324944,31.630389247028837,1,0.5291312037526431,True
689079295930859008,132.17997096729945,0.1672047,22.499647138046633,0.0818547,5.652304929711723,0.19192159,29.451115,-37.6206996320587,0.1930346,-14.394995221018949,0.13361867,18.483839,20.30991,17.18063,3.12928,1.8260708,1.3032093,698.99725,,,0.99156195,0.4757892,1.804307,203.46765677427192,35.24984519305017,1,0.4816878149149944,True
